"STATION","DATE","LATITUDE","LONGITUDE","ELEVATION","NAME","month","day","hour","DLY-TAVG-NORMAL","meas_flag_DLY-TAVG-NORMAL","comp_flag_DLY-TAVG-NORMAL","years_DLY-TAVG-NORMAL","DLY-TMAX-NORMAL","meas_flag_DLY-TMAX-NORMAL","comp_flag_DLY-TMAX-NORMAL","years_DLY-TMAX-NORMAL","DLY-TMIN-NORMAL","meas_flag_DLY-TMIN-NORMAL","comp_flag_DLY-TMIN-NORMAL","years_DLY-TMIN-NORMAL","DLY-DUTR-NORMAL","meas_flag_DLY-DUTR-NORMAL","comp_flag_DLY-DUTR-NORMAL","years_DLY-DUTR-NORMAL","DLY-TAVG-STDDEV","meas_flag_DLY-TAVG-STDDEV","comp_flag_DLY-TAVG-STDDEV","years_DLY-TAVG-STDDEV","DLY-TMAX-STDDEV","meas_flag_DLY-TMAX-STDDEV","comp_flag_DLY-TMAX-STDDEV","years_DLY-TMAX-STDDEV","DLY-TMIN-STDDEV","meas_flag_DLY-TMIN-STDDEV","comp_flag_DLY-TMIN-STDDEV","years_DLY-TMIN-STDDEV","DLY-DUTR-STDDEV","meas_flag_DLY-DUTR-STDDEV","comp_flag_DLY-DUTR-STDDEV","years_DLY-DUTR-STDDEV","DLY-HTDD-NORMAL","meas_flag_DLY-HTDD-NORMAL","comp_flag_DLY-HTDD-NORMAL","years_DLY-HTDD-NORMAL","DLY-HTDD-BASE40","meas_flag_DLY-HTDD-BASE40","comp_flag_DLY-HTDD-BASE40","years_DLY-HTDD-BASE40","DLY-HTDD-BASE45","meas_flag_DLY-HTDD-BASE45","comp_flag_DLY-HTDD-BASE45","years_DLY-HTDD-BASE45","DLY-HTDD-BASE50","meas_flag_DLY-HTDD-BASE50","comp_flag_DLY-HTDD-BASE50","years_DLY-HTDD-BASE50","DLY-HTDD-BASE55","meas_flag_DLY-HTDD-BASE55","comp_flag_DLY-HTDD-BASE55","years_DLY-HTDD-BASE55","DLY-HTDD-BASE57","meas_flag_DLY-HTDD-BASE57","comp_flag_DLY-HTDD-BASE57","years_DLY-HTDD-BASE57","DLY-HTDD-BASE60","meas_flag_DLY-HTDD-BASE60","comp_flag_DLY-HTDD-BASE60","years_DLY-HTDD-BASE60","DLY-CLDD-NORMAL","meas_flag_DLY-CLDD-NORMAL","comp_flag_DLY-CLDD-NORMAL","years_DLY-CLDD-NORMAL","DLY-CLDD-BASE40","meas_flag_DLY-CLDD-BASE40","comp_flag_DLY-CLDD-BASE40","years_DLY-CLDD-BASE40","DLY-CLDD-BASE45","meas_flag_DLY-CLDD-BASE45","comp_flag_DLY-CLDD-BASE45","years_DLY-CLDD-BASE45","DLY-CLDD-BASE50","meas_flag_DLY-CLDD-BASE50","comp_flag_DLY-CLDD-BASE50","years_DLY-CLDD-BASE50","DLY-CLDD-BASE55","meas_flag_DLY-CLDD-BASE55","comp_flag_DLY-CLDD-BASE55","years_DLY-CLDD-BASE55","DLY-CLDD-BASE57","meas_flag_DLY-CLDD-BASE57","comp_flag_DLY-CLDD-BASE57","years_DLY-CLDD-BASE57","DLY-CLDD-BASE60","meas_flag_DLY-CLDD-BASE60","comp_flag_DLY-CLDD-BASE60","years_DLY-CLDD-BASE60","DLY-CLDD-BASE70","meas_flag_DLY-CLDD-BASE70","comp_flag_DLY-CLDD-BASE70","years_DLY-CLDD-BASE70","DLY-CLDD-BASE72","meas_flag_DLY-CLDD-BASE72","comp_flag_DLY-CLDD-BASE72","years_DLY-CLDD-BASE72","DLY-GRDD-BASE65","meas_flag_DLY-GRDD-BASE65","comp_flag_DLY-GRDD-BASE65","years_DLY-GRDD-BASE65","DLY-GRDD-BASE40","meas_flag_DLY-GRDD-BASE40","comp_flag_DLY-GRDD-BASE40","years_DLY-GRDD-BASE40","DLY-GRDD-BASE45","meas_flag_DLY-GRDD-BASE45","comp_flag_DLY-GRDD-BASE45","years_DLY-GRDD-BASE45","DLY-GRDD-BASE50","meas_flag_DLY-GRDD-BASE50","comp_flag_DLY-GRDD-BASE50","years_DLY-GRDD-BASE50","DLY-GRDD-BASE55","meas_flag_DLY-GRDD-BASE55","comp_flag_DLY-GRDD-BASE55","years_DLY-GRDD-BASE55","DLY-GRDD-BASE57","meas_flag_DLY-GRDD-BASE57","comp_flag_DLY-GRDD-BASE57","years_DLY-GRDD-BASE57","DLY-GRDD-BASE60","meas_flag_DLY-GRDD-BASE60","comp_flag_DLY-GRDD-BASE60","years_DLY-GRDD-BASE60","DLY-GRDD-BASE70","meas_flag_DLY-GRDD-BASE70","comp_flag_DLY-GRDD-BASE70","years_DLY-GRDD-BASE70","DLY-GRDD-BASE72","meas_flag_DLY-GRDD-BASE72","comp_flag_DLY-GRDD-BASE72","years_DLY-GRDD-BASE72","DLY-GRDD-TB4886","meas_flag_DLY-GRDD-TB4886","comp_flag_DLY-GRDD-TB4886","years_DLY-GRDD-TB4886","DLY-GRDD-TB5086","meas_flag_DLY-GRDD-TB5086","comp_flag_DLY-GRDD-TB5086","years_DLY-GRDD-TB5086","DLY-PRCP-PCTALL-GE001HI","meas_flag_DLY-PRCP-PCTALL-GE001HI","comp_flag_DLY-PRCP-PCTALL-GE001HI","years_DLY-PRCP-PCTALL-GE001HI","DLY-PRCP-PCTALL-GE010HI","meas_flag_DLY-PRCP-PCTALL-GE010HI","comp_flag_DLY-PRCP-PCTALL-GE010HI","years_DLY-PRCP-PCTALL-GE010HI","DLY-PRCP-PCTALL-GE025HI","meas_flag_DLY-PRCP-PCTALL-GE025HI","comp_flag_DLY-PRCP-PCTALL-GE025HI","years_DLY-PRCP-PCTALL-GE025HI","DLY-PRCP-PCTALL-GE050HI","meas_flag_DLY-PRCP-PCTALL-GE050HI","comp_flag_DLY-PRCP-PCTALL-GE050HI","years_DLY-PRCP-PCTALL-GE050HI","DLY-PRCP-PCTALL-GE100HI","meas_flag_DLY-PRCP-PCTALL-GE100HI","comp_flag_DLY-PRCP-PCTALL-GE100HI","years_DLY-PRCP-PCTALL-GE100HI","DLY-PRCP-PCTALL-GE200HI","meas_flag_DLY-PRCP-PCTALL-GE200HI","comp_flag_DLY-PRCP-PCTALL-GE200HI","years_DLY-PRCP-PCTALL-GE200HI","DLY-PRCP-PCTALL-GE400HI","meas_flag_DLY-PRCP-PCTALL-GE400HI","comp_flag_DLY-PRCP-PCTALL-GE400HI","years_DLY-PRCP-PCTALL-GE400HI","DLY-PRCP-PCTALL-GE600HI","meas_flag_DLY-PRCP-PCTALL-GE600HI","comp_flag_DLY-PRCP-PCTALL-GE600HI","years_DLY-PRCP-PCTALL-GE600HI","DLY-PRCP-25PCTL","meas_flag_DLY-PRCP-25PCTL","comp_flag_DLY-PRCP-25PCTL","years_DLY-PRCP-25PCTL","DLY-PRCP-50PCTL","meas_flag_DLY-PRCP-50PCTL","comp_flag_DLY-PRCP-50PCTL","years_DLY-PRCP-50PCTL","DLY-PRCP-75PCTL","meas_flag_DLY-PRCP-75PCTL","comp_flag_DLY-PRCP-75PCTL","years_DLY-PRCP-75PCTL","MTD-PRCP-NORMAL","meas_flag_MTD-PRCP-NORMAL","comp_flag_MTD-PRCP-NORMAL","years_MTD-PRCP-NORMAL","YTD-PRCP-NORMAL","meas_flag_YTD-PRCP-NORMAL","comp_flag_YTD-PRCP-NORMAL","years_YTD-PRCP-NORMAL","DLY-SNOW-PCTALL-GE001TI","meas_flag_DLY-SNOW-PCTALL-GE001TI","comp_flag_DLY-SNOW-PCTALL-GE001TI","years_DLY-SNOW-PCTALL-GE001TI","DLY-SNOW-PCTALL-GE010TI","meas_flag_DLY-SNOW-PCTALL-GE010TI","comp_flag_DLY-SNOW-PCTALL-GE010TI","years_DLY-SNOW-PCTALL-GE010TI","DLY-SNOW-PCTALL-GE020TI","meas_flag_DLY-SNOW-PCTALL-GE020TI","comp_flag_DLY-SNOW-PCTALL-GE020TI","years_DLY-SNOW-PCTALL-GE020TI","DLY-SNOW-PCTALL-GE030TI","meas_flag_DLY-SNOW-PCTALL-GE030TI","comp_flag_DLY-SNOW-PCTALL-GE030TI","years_DLY-SNOW-PCTALL-GE030TI","DLY-SNOW-PCTALL-GE040TI","meas_flag_DLY-SNOW-PCTALL-GE040TI","comp_flag_DLY-SNOW-PCTALL-GE040TI","years_DLY-SNOW-PCTALL-GE040TI","DLY-SNOW-PCTALL-GE050TI","meas_flag_DLY-SNOW-PCTALL-GE050TI","comp_flag_DLY-SNOW-PCTALL-GE050TI","years_DLY-SNOW-PCTALL-GE050TI","DLY-SNOW-PCTALL-GE100TI","meas_flag_DLY-SNOW-PCTALL-GE100TI","comp_flag_DLY-SNOW-PCTALL-GE100TI","years_DLY-SNOW-PCTALL-GE100TI","DLY-SNOW-PCTALL-GE200TI","meas_flag_DLY-SNOW-PCTALL-GE200TI","comp_flag_DLY-SNOW-PCTALL-GE200TI","years_DLY-SNOW-PCTALL-GE200TI","DLY-SNOW-25PCTL","meas_flag_DLY-SNOW-25PCTL","comp_flag_DLY-SNOW-25PCTL","years_DLY-SNOW-25PCTL","DLY-SNOW-50PCTL","meas_flag_DLY-SNOW-50PCTL","comp_flag_DLY-SNOW-50PCTL","years_DLY-SNOW-50PCTL","DLY-SNOW-75PCTL","meas_flag_DLY-SNOW-75PCTL","comp_flag_DLY-SNOW-75PCTL","years_DLY-SNOW-75PCTL","MTD-SNOW-NORMAL","meas_flag_MTD-SNOW-NORMAL","comp_flag_MTD-SNOW-NORMAL","years_MTD-SNOW-NORMAL","YTD-SNOW-NORMAL","meas_flag_YTD-SNOW-NORMAL","comp_flag_YTD-SNOW-NORMAL","years_YTD-SNOW-NORMAL","DLY-SNWD-PCTALL-GE001WI","meas_flag_DLY-SNWD-PCTALL-GE001WI","comp_flag_DLY-SNWD-PCTALL-GE001WI","years_DLY-SNWD-PCTALL-GE001WI","DLY-SNWD-PCTALL-GE002WI","meas_flag_DLY-SNWD-PCTALL-GE002WI","comp_flag_DLY-SNWD-PCTALL-GE002WI","years_DLY-SNWD-PCTALL-GE002WI","DLY-SNWD-PCTALL-GE003WI","meas_flag_DLY-SNWD-PCTALL-GE003WI","comp_flag_DLY-SNWD-PCTALL-GE003WI","years_DLY-SNWD-PCTALL-GE003WI","DLY-SNWD-PCTALL-GE004WI","meas_flag_DLY-SNWD-PCTALL-GE004WI","comp_flag_DLY-SNWD-PCTALL-GE004WI","years_DLY-SNWD-PCTALL-GE004WI","DLY-SNWD-PCTALL-GE005WI","meas_flag_DLY-SNWD-PCTALL-GE005WI","comp_flag_DLY-SNWD-PCTALL-GE005WI","years_DLY-SNWD-PCTALL-GE005WI","DLY-SNWD-PCTALL-GE010WI","meas_flag_DLY-SNWD-PCTALL-GE010WI","comp_flag_DLY-SNWD-PCTALL-GE010WI","years_DLY-SNWD-PCTALL-GE010WI","DLY-SNWD-PCTALL-GE020WI","meas_flag_DLY-SNWD-PCTALL-GE020WI","comp_flag_DLY-SNWD-PCTALL-GE020WI","years_DLY-SNWD-PCTALL-GE020WI","DLY-SNWD-25PCTL","meas_flag_DLY-SNWD-25PCTL","comp_flag_DLY-SNWD-25PCTL","years_DLY-SNWD-25PCTL","DLY-SNWD-50PCTL","meas_flag_DLY-SNWD-50PCTL","comp_flag_DLY-SNWD-50PCTL","years_DLY-SNWD-50PCTL","DLY-SNWD-75PCTL","meas_flag_DLY-SNWD-75PCTL","comp_flag_DLY-SNWD-75PCTL","years_DLY-SNWD-75PCTL"
"USC00118740","01-01"," 40.0839"," -88.2403"," 219.8","CHAMPAIGN 3S, IL US","01","01","99","    27.2"," ","S","30","    34.4"," ","S","30","    20.1"," ","S","30","    14.3"," ","S","30","    11.5"," ","S","30","    12.0"," ","S","30","    12.1"," ","S","30","     7.1"," ","S","30","    37.8"," ","S","30","    13.5"," ","S","30","    18.1"," ","S","30","    22.9"," ","S","30","    27.8"," ","S","30","    29.8"," ","S","30","    32.8"," ","S","30","     0.0"," ","S","30","     0.8"," ","S","30","     0.3"," ","S","30","     0.1"," ","S","30","     0.0","X","S","30","     0.0","X","S","30","     0.0","X","S","30","     0.0"," ","S","30","     0.0"," ","S","30","     0.0"," ","S","30","     0.8"," ","S","30","     0.3"," ","S","30","     0.1"," ","S","30","     0.0","X","S","30","     0.0","X","S","30","     0.0","X","S","30","     0.0"," ","S","30","     0.0"," ","S","30","     0.5"," ","S","30","     0.3"," ","S","30","    32.4"," ","S","30","    17.2"," ","S","30","     9.8"," ","S","30","     5.6"," ","S","30","     1.6"," ","S","30","     0.2"," ","S","30","     0.0"," ","S","30","     0.0"," ","S","30","    0.03"," ","S","30","    0.11"," ","S","30","    0.33"," ","S","30","    0.09"," ","S","29","    0.09"," ","S","29","    14.9"," ","S","30","     5.7"," ","S","30","     3.4"," ","S","30","     2.3"," ","S","30","     1.4"," ","S","30","     0.8"," ","S","30","     0.1"," ","S","30","     0.0"," ","S","30","     0.2"," ","S","30","     0.5"," ","S","30","     1.7"," ","S","30","     0.2"," ","S","29","     0.2"," ","S","29","    30.9"," ","S","29","    25.1"," ","S","29","    18.9"," ","S","29","    13.2"," ","S","29","     9.7"," ","S","29","     1.8"," ","S","29","     0.0"," ","S","29","     2.0"," ","S","29","     3.0"," ","S","29","     6.0"," ","S","29"
"USC00118740","01-02"," 40.0839"," -88.2403"," 219.8","CHAMPAIGN 3S, IL US","01","02","99","    27.0"," ","S","30","    34.2"," ","S","30","    19.9"," ","S","30","    14.4"," ","S","30","    11.5"," ","S","30","    12.0"," ","S","30","    12.1"," ","S","30","     7.1"," ","S","30","    37.9"," ","S","30","    13.7"," ","S","30","    18.3"," ","S","30","    23.0"," ","S","30","    28.0"," ","S","30","    30.0"," ","S","30","    33.0"," ","S","30","     0.0"," ","S","30","     0.8"," ","S","30","     0.3"," ","S","30","     0.1"," ","S","30","     0.0","X","S","30","     0.0","X","S","30","     0.0","X","S","30","     0.0"," ","S","30","     0.0"," ","S","30","     0.0"," ","S","30","     0.8"," ","S","30","     0.3"," ","S","30","     0.1"," ","S","30","     0.0","X","S","30","     0.0","X","S","30","     0.0","X","S","30","     0.0"," ","S","30","     0.0"," ","S","30","     0.5"," ","S","30","     0.3"," ","S","30","    32.4"," ","S","30","    17.2"," ","S","30","     9.8"," ","S","30","     5.6"," ","S","30","     1.7"," ","S","30","     0.2"," ","S","30","     0.0"," ","S","30","     0.0"," ","S","30","    0.03"," ","S","30","    0.11"," ","S","30","    0.33"," ","S","30","    0.18"," ","S","29","    0.18"," ","S","29","    15.1"," ","S","30","     5.8"," ","S","30","     3.5"," ","S","30","     2.3"," ","S","30","     1.4"," ","S","30","     0.8"," ","S","30","     0.1"," ","S","30","     0.0"," ","S","30","     0.2"," ","S","30","     0.5"," ","S","30","     1.7"," ","S","30","     0.4"," ","S","29","     0.4"," ","S","29","    31.5"," ","S","29","    25.6"," ","S","29","    19.2"," ","S","29","    13.5"," ","S","29","     9.9"," ","S","29","     1.9"," ","S","29","     0.0"," ","S","29","     2.0"," ","S","29","     3.0"," ","S","29","     6.0"," ","S","29"
"USC00118740","01-03"," 40.0839"," -88.2403"," 219.8","CHAMPAIGN 3S, IL US","01","03","99","    26.9"," ","S","30","    34.1"," ","S","30","    19.7"," ","S","30","    14.4"," ","S","30","    11.6"," ","S","30","    12.0"," ","S","30","    12.2"," ","S","30","     7.1"," ","S","30","    38.1"," ","S","30","    13.9"," ","S","30","    18.5"," ","S","30","    23.2"," ","S","30","    28.2"," ","S","30","    30.1"," ","S","30","    33.1"," ","S","30","     0.0"," ","S","30","     0.8"," ","S","30","     0.3"," ","S","30","     0.1"," ","S","30","     0.0","X","S","30","     0.0","X","S","30","     0.0","X","S","30","     0.0"," ","S","30","     0.0"," ","S","30","     0.0"," ","S","30","     0.8"," ","S","30","     0.3"," ","S","30","     0.1"," ","S","30","     0.0","X","S","30","     0.0","X","S","30","     0.0","X","S","30","     0.0"," ","S","30","     0.0"," ","S","30","     0.5"," ","S","30","     0.3"," ","S","30","    32.3"," ","S","30","    17.2"," ","S","30","     9.8"," ","S","30","     5.6"," ","S","30","     1.7"," ","S","30","     0.2"," ","S","30","     0.0"," ","S","30","     0.0"," ","S","30","    0.03"," ","S","30","    0.11"," ","S","30","    0.33"," ","S","30","    0.26"," ","S","29","    0.26"," ","S","29","    15.2"," ","S","30","     5.8"," ","S","30","     3.5"," ","S","30","     2.4"," ","S","30","     1.4"," ","S","30","     0.8"," ","S","30","     0.1"," ","S","30","     0.0"," ","S","30","     0.2"," ","S","30","     0.5"," ","S","30","     1.7"," ","S","30","     0.7"," ","S","29","     0.7"," ","S","29","    32.2"," ","S","29","    26.2"," ","S","29","    19.6"," ","S","29","    13.7"," ","S","29","    10.0"," ","S","29","     2.0"," ","S","29","     0.0"," ","S","29","     2.0"," ","S","29","     3.0"," ","S","29","     6.0"," ","S","29"
"USC00118740","01-04"," 40.0839"," -88.2403"," 219.8","CHAMPAIGN 3S, IL US","01","04","99","    26.7"," ","S","30","    33.9"," ","S","30","    19.4"," ","S","30","    14.5"," ","S","30","    11.6"," ","S","30","    12.0"," ","S","30","    12.2"," ","S","30","     7.2"," ","S","30","    38.3"," ","S","30","    14.1"," ","S","30","    18.6"," ","S","30","    23.4"," ","S","30","    28.3"," ","S","30","    30.3"," ","S","30","    33.3"," ","S","30","     0.0"," ","S","30","     0.7"," ","S","30","     0.3"," ","S","30","     0.1"," ","S","30","     0.0","X","S","30","     0.0","X","S","30","     0.0","X","S","30","     0.0"," ","S","30","     0.0"," ","S","30","     0.0"," ","S","30","     0.7"," ","S","30","     0.3"," ","S","30","     0.1"," ","S","30","     0.0","X","S","30","     0.0","X","S","30","     0.0","X","S","30","     0.0"," ","S","30","     0.0"," ","S","30","     0.5"," ","S","30","     0.3"," ","S","30","    32.3"," ","S","30","    17.2"," ","S","30","     9.7"," ","S","30","     5.5"," ","S","30","     1.7"," ","S","30","     0.2"," ","S","30","     0.0"," ","S","30","     0.0"," ","S","30","    0.03"," ","S","30","    0.11"," ","S","30","    0.33"," ","S","30","    0.35"," ","S","29","    0.35"," ","S","29","    15.4"," ","S","30","     5.9"," ","S","30","     3.5"," ","S","30","     2.4"," ","S","30","     1.4"," ","S","30","     0.7"," ","S","30","     0.1"," ","S","30","     0.0"," ","S","30","     0.2"," ","S","30","     0.5"," ","S","30","     1.7"," ","S","30","     0.9"," ","S","29","     0.9"," ","S","29","    32.8"," ","S","29","    26.7"," ","S","29","    19.9"," ","S","29","    13.9"," ","S","29","    10.2"," ","S","29","     2.0"," ","S","29","     0.0"," ","S","29","     2.0"," ","S","29","     3.0"," ","S","29","     6.0"," ","S","29"
"USC00118740","01-05"," 40.0839"," -88.2403"," 219.8","CHAMPAIGN 3S, IL US","01","05","99","    26.5"," ","S","30","    33.8"," ","S","30","    19.2"," ","S","30","    14.6"," ","S","30","    11.6"," ","S","30","    12.0"," ","S","30","    12.3"," ","S","30","     7.2"," ","S","30","    38.5"," ","S","30","    14.2"," ","S","30","    18.8"," ","S","30","    23.6"," ","S","30","    28.5"," ","S","30","    30.5"," ","S","30","    33.5"," ","S","30","     0.0"," ","S","30","     0.7"," ","S","30","     0.3"," ","S","30","     0.1"," ","S","30","     0.0","X","S","30","     0.0","X","S","30","     0.0","X","S","30","     0.0"," ","S","30","     0.0"," ","S","30","     0.0"," ","S","30","     0.7"," ","S","30","     0.3"," ","S","30","     0.1"," ","S","30","     0.0","X","S","30","     0.0","X","S","30","     0.0","X","S","30","     0.0"," ","S","30","     0.0"," ","S","30","     0.5"," ","S","30","     0.3"," ","S","30","    32.3"," ","S","30","    17.2"," ","S","30","     9.7"," ","S","30","     5.5"," ","S","30","     1.7"," ","S","30","     0.2"," ","S","30","     0.0"," ","S","30","     0.0"," ","S","30","    0.03"," ","S","30","    0.11"," ","S","30","    0.33"," ","S","30","    0.43"," ","S","29","    0.43"," ","S","29","    15.6"," ","S","30","     6.0"," ","S","30","     3.6"," ","S","30","     2.4"," ","S","30","     1.4"," ","S","30","     0.7"," ","S","30","     0.1"," ","S","30","     0.0"," ","S","30","     0.2"," ","S","30","     0.5"," ","S","30","     1.7"," ","S","30","     1.1"," ","S","29","     1.1"," ","S","29","    33.4"," ","S","29","    27.2"," ","S","29","    20.3"," ","S","29","    14.1"," ","S","29","    10.3"," ","S","29","     2.1"," ","S","29","     0.0"," ","S","29","     2.0"," ","S","29","     3.0"," ","S","29","     6.0"," ","S","29"
"USC00118740","01-06"," 40.0839"," -88.2403"," 219.8","CHAMPAIGN 3S, IL US","01","06","99","    26.4"," ","S","30","    33.7"," ","S","30","    19.0"," ","S","30","    14.6"," ","S","30","    11.7"," ","S","30","    12.1"," ","S","30","    12.4"," ","S","30","     7.2"," ","S","30","    38.6"," ","S","30","    14.4"," ","S","30","    19.0"," ","S","30","    23.7"," ","S","30","    28.7"," ","S","30","    30.7"," ","S","30","    33.6"," ","S","30","     0.0"," ","S","30","     0.7"," ","S","30","     0.3"," ","S","30","     0.1"," ","S","30","     0.0","X","S","30","     0.0","X","S","30","     0.0","X","S","30","     0.0"," ","S","30","     0.0"," ","S","30","     0.0"," ","S","30","     0.7"," ","S","30","     0.3"," ","S","30","     0.1"," ","S","30","     0.0","X","S","30","     0.0","X","S","30","     0.0","X","S","30","     0.0"," ","S","30","     0.0"," ","S","30","     0.5"," ","S","30","     0.3"," ","S","30","    32.3"," ","S","30","    17.1"," ","S","30","     9.7"," ","S","30","     5.4"," ","S","30","     1.7"," ","S","30","     0.2"," ","S","30","     0.0"," ","S","30","     0.0"," ","S","30","    0.03"," ","S","30","    0.10"," ","S","30","    0.33"," ","S","30","    0.52"," ","S","29","    0.52"," ","S","29","    15.8"," ","S","30","     6.0"," ","S","30","     3.6"," ","S","30","     2.5"," ","S","30","     1.5"," ","S","30","     0.7"," ","S","30","     0.1"," ","S","30","     0.0"," ","S","30","     0.2"," ","S","30","     0.5"," ","S","30","     1.7"," ","S","30","     1.3"," ","S","29","     1.3"," ","S","29","    34.0"," ","S","29","    27.8"," ","S","29","    20.6"," ","S","29","    14.3"," ","S","29","    10.4"," ","S","29","     2.2"," ","S","29","     0.0"," ","S","29","     2.0"," ","S","29","     3.0"," ","S","29","     6.0"," ","S","29"
"USC00118740","01-07"," 40.0839"," -88.2403"," 219.8","CHAMPAIGN 3S, IL US","01","07","99","    26.2"," ","S","30","    33.6"," ","S","30","    18.8"," ","S","30","    14.7"," ","S","30","    11.7"," ","S","30","    12.1"," ","S","30","    12.4"," ","S","30","     7.3"," ","S","30","    38.8"," ","S","30","    14.5"," ","S","30","    19.1"," ","S","30","    23.9"," ","S","30","    28.8"," ","S","30","    30.8"," ","S","30","    33.8"," ","S","30","     0.0"," ","S","30","     0.7"," ","S","30","     0.3"," ","S","30","     0.1"," ","S","30","     0.0","X","S","30","     0.0","X","S","30","     0.0","X","S","30","     0.0"," ","S","30","     0.0"," ","S","30","     0.0"," ","S","30","     0.7"," ","S","30","     0.3"," ","S","30","     0.1"," ","S","30","     0.0","X","S","30","     0.0","X","S","30","     0.0","X","S","30","     0.0"," ","S","30","     0.0"," ","S","30","     0.5"," ","S","30","     0.3"," ","S","30","    32.3"," ","S","30","    17.1"," ","S","30","     9.6"," ","S","30","     5.3"," ","S","30","     1.7"," ","S","30","     0.2"," ","S","30","     0.0"," ","S","30","     0.0"," ","S","30","    0.03"," ","S","30","    0.10"," ","S","30","    0.32"," ","S","30","    0.60"," ","S","29","    0.60"," ","S","29","    16.0"," ","S","30","     6.1"," ","S","30","     3.6"," ","S","30","     2.5"," ","S","30","     1.5"," ","S","30","     0.7"," ","S","30","     0.1"," ","S","30","     0.0"," ","S","30","     0.2"," ","S","30","     0.5"," ","S","30","     1.7"," ","S","30","     1.5"," ","S","29","     1.5"," ","S","29","    34.6"," ","S","29","    28.3"," ","S","29","    20.9"," ","S","29","    14.4"," ","S","29","    10.5"," ","S","29","     2.3"," ","S","29","     0.0"," ","S","29","     2.0"," ","S","29","     3.0"," ","S","29","     5.0"," ","S","29"
"USC00118740","01-08"," 40.0839"," -88.2403"," 219.8","CHAMPAIGN 3S, IL US","01","08","99","    26.1"," ","S","30","    33.5"," ","S","30","    18.6"," ","S","30","    14.8"," ","S","30","    11.7"," ","S","30","    12.1"," ","S","30","    12.5"," ","S","30","     7.3"," ","S","30","    38.9"," ","S","30","    14.6"," ","S","30","    19.2"," ","S","30","    24.0"," ","S","30","    29.0"," ","S","30","    31.0"," ","S","30","    33.9"," ","S","30","     0.0"," ","S","30","     0.6"," ","S","30","     0.3"," ","S","30","     0.1"," ","S","30","     0.0","X","S","30","     0.0","X","S","30","     0.0","X","S","30","     0.0"," ","S","30","     0.0"," ","S","30","     0.0"," ","S","30","     0.6"," ","S","30","     0.3"," ","S","30","     0.1"," ","S","30","     0.0","X","S","30","     0.0","X","S","30","     0.0","X","S","30","     0.0"," ","S","30","     0.0"," ","S","30","     0.4"," ","S","30","     0.3"," ","S","30","    32.3"," ","S","30","    17.0"," ","S","30","     9.6"," ","S","30","     5.3"," ","S","30","     1.6"," ","S","30","     0.2"," ","S","30","     0.0"," ","S","30","     0.0"," ","S","30","    0.03"," ","S","30","    0.10"," ","S","30","    0.32"," ","S","30","    0.69"," ","S","29","    0.69"," ","S","29","    16.2"," ","S","30","     6.2"," ","S","30","     3.7"," ","S","30","     2.5"," ","S","30","     1.5"," ","S","30","     0.7"," ","S","30","     0.1"," ","S","30","     0.0"," ","S","30","     0.2"," ","S","30","     0.5"," ","S","30","     1.7"," ","S","30","     1.8"," ","S","29","     1.8"," ","S","29","    35.2"," ","S","29","    28.7"," ","S","29","    21.2"," ","S","29","    14.6"," ","S","29","    10.6"," ","S","29","     2.3"," ","S","29","     0.0"," ","S","29","     2.0"," ","S","29","     3.0"," ","S","29","     5.0"," ","S","29"
"USC00118740","01-09"," 40.0839"," -88.2403"," 219.8","CHAMPAIGN 3S, IL US","01","09","99","    25.9"," ","S","30","    33.4"," ","S","30","    18.5"," ","S","30","    14.9"," ","S","30","    11.7"," ","S","30","    12.1"," ","S","30","    12.5"," ","S","30","     7.3"," ","S","30","    39.1"," ","S","30","    14.7"," ","S","30","    19.3"," ","S","30","    24.2"," ","S","30","    29.1"," ","S","30","    31.1"," ","S","30","    34.1"," ","S","30","     0.0"," ","S","30","     0.6"," ","S","30","     0.3"," ","S","30","     0.1"," ","S","30","     0.0","X","S","30","     0.0","X","S","30","     0.0","X","S","30","     0.0"," ","S","30","     0.0"," ","S","30","     0.0"," ","S","30","     0.6"," ","S","30","     0.3"," ","S","30","     0.1"," ","S","30","     0.0","X","S","30","     0.0","X","S","30","     0.0","X","S","30","     0.0"," ","S","30","     0.0"," ","S","30","     0.4"," ","S","30","     0.3"," ","S","30","    32.3"," ","S","30","    17.0"," ","S","30","     9.5"," ","S","30","     5.2"," ","S","30","     1.6"," ","S","30","     0.2"," ","S","30","     0.0"," ","S","30","     0.0"," ","S","30","    0.03"," ","S","30","    0.10"," ","S","30","    0.32"," ","S","30","    0.77"," ","S","29","    0.77"," ","S","29","    16.3"," ","S","30","     6.2"," ","S","30","     3.7"," ","S","30","     2.5"," ","S","30","     1.5"," ","S","30","     0.7"," ","S","30","     0.1"," ","S","30","     0.0"," ","S","30","     0.2"," ","S","30","     0.5"," ","S","30","     1.7"," ","S","30","     2.0"," ","S","29","     2.0"," ","S","29","    35.8"," ","S","29","    29.2"," ","S","29","    21.4"," ","S","29","    14.7"," ","S","29","    10.7"," ","S","29","     2.4"," ","S","29","     0.0"," ","S","29","     2.0"," ","S","29","     3.0"," ","S","29","     5.0"," ","S","29"
"USC00118740","01-10"," 40.0839"," -88.2403"," 219.8","CHAMPAIGN 3S, IL US","01","10","99","    25.8"," ","S","30","    33.3"," ","S","30","    18.3"," ","S","30","    15.0"," ","S","30","    11.7"," ","S","30","    12.1"," ","S","30","    12.5"," ","S","30","     7.4"," ","S","30","    39.2"," ","S","30","    14.8"," ","S","30","    19.4"," ","S","30","    24.3"," ","S","30","    29.2"," ","S","30","    31.2"," ","S","30","    34.2"," ","S","30","     0.0"," ","S","30","     0.5"," ","S","30","     0.2"," ","S","30","     0.1"," ","S","30","     0.0","X","S","30","     0.0","X","S","30","     0.0","X","S","30","     0.0"," ","S","30","     0.0"," ","S","30","     0.0"," ","S","30","     0.5"," ","S","30","     0.2"," ","S","30","     0.1"," ","S","30","     0.0","X","S","30","     0.0","X","S","30","     0.0","X","S","30","     0.0"," ","S","30","     0.0"," ","S","30","     0.4"," ","S","30","     0.3"," ","S","30","    32.3"," ","S","30","    17.0"," ","S","30","     9.5"," ","S","30","     5.1"," ","S","30","     1.6"," ","S","30","     0.2"," ","S","30","     0.0"," ","S","30","     0.0"," ","S","30","    0.03"," ","S","30","    0.10"," ","S","30","    0.31"," ","S","30","    0.85"," ","S","29","    0.85"," ","S","29","    16.5"," ","S","30","     6.3"," ","S","30","     3.7"," ","S","30","     2.5"," ","S","30","     1.5"," ","S","30","     0.7"," ","S","30","     0.1"," ","S","30","     0.0"," ","S","30","     0.2"," ","S","30","     0.5"," ","S","30","     1.7"," ","S","30","     2.2"," ","S","29","     2.2"," ","S","29","    36.3"," ","S","29","    29.6"," ","S","29","    21.6"," ","S","29","    14.8"," ","S","29","    10.7"," ","S","29","     2.4"," ","S","29","     0.0"," ","S","29","     2.0"," ","S","29","     3.0"," ","S","29","     5.0"," ","S","29"
"USC00118740","01-11"," 40.0839"," -88.2403"," 219.8","CHAMPAIGN 3S, IL US","01","11","99","    25.7"," ","S","30","    33.2"," ","S","30","    18.1"," ","S","30","    15.1"," ","S","30","    11.7"," ","S","30","    12.0"," ","S","30","    12.6"," ","S","30","     7.4"," ","S","30","    39.3"," ","S","30","    14.8"," ","S","30","    19.5"," ","S","30","    24.4"," ","S","30","    29.3"," ","S","30","    31.3"," ","S","30","    34.3"," ","S","30","     0.0"," ","S","30","     0.5"," ","S","30","     0.2"," ","S","30","     0.1"," ","S","30","     0.0","X","S","30","     0.0","X","S","30","     0.0","X","S","30","     0.0"," ","S","30","     0.0"," ","S","30","     0.0"," ","S","30","     0.5"," ","S","30","     0.2"," ","S","30","     0.1"," ","S","30","     0.0","X","S","30","     0.0","X","S","30","     0.0","X","S","30","     0.0"," ","S","30","     0.0"," ","S","30","     0.4"," ","S","30","     0.3"," ","S","30","    32.3"," ","S","30","    16.9"," ","S","30","     9.5"," ","S","30","     5.1"," ","S","30","     1.6"," ","S","30","     0.2"," ","S","30","     0.0"," ","S","30","     0.0"," ","S","30","    0.03"," ","S","30","    0.10"," ","S","30","    0.31"," ","S","30","    0.93"," ","S","29","    0.93"," ","S","29","    16.7"," ","S","30","     6.3"," ","S","30","     3.7"," ","S","30","     2.4"," ","S","30","     1.4"," ","S","30","     0.7"," ","S","30","     0.1"," ","S","30","     0.0"," ","S","30","     0.2"," ","S","30","     0.5"," ","S","30","     1.6"," ","S","30","     2.4"," ","S","29","     2.4"," ","S","29","    36.8"," ","S","29","    30.0"," ","S","29","    21.8"," ","S","29","    14.8"," ","S","29","    10.7"," ","S","29","     2.4"," ","S","29","     0.0"," ","S","29","     2.0"," ","S","29","     3.0"," ","S","29","     5.0"," ","S","29"
"USC00118740","01-12"," 40.0839"," -88.2403"," 219.8","CHAMPAIGN 3S, IL US","01","12","99","    25.6"," ","S","30","    33.2"," ","S","30","    17.9"," ","S","30","    15.2"," ","S","30","    11.7"," ","S","30","    12.0"," ","S","30","    12.6"," ","S","30","     7.4"," ","S","30","    39.4"," ","S","30","    14.9"," ","S","30","    19.6"," ","S","30","    24.5"," ","S","30","    29.5"," ","S","30","    31.5"," ","S","30","    34.4"," ","S","30","     0.0"," ","S","30","     0.4"," ","S","30","     0.2"," ","S","30","     0.1"," ","S","30","     0.0","X","S","30","     0.0","X","S","30","     0.0","X","S","30","     0.0"," ","S","30","     0.0"," ","S","30","     0.0"," ","S","30","     0.4"," ","S","30","     0.2"," ","S","30","     0.1"," ","S","30","     0.0","X","S","30","     0.0","X","S","30","     0.0","X","S","30","     0.0"," ","S","30","     0.0"," ","S","30","     0.4"," ","S","30","     0.3"," ","S","30","    32.3"," ","S","30","    16.9"," ","S","30","     9.4"," ","S","30","     5.0"," ","S","30","     1.6"," ","S","30","     0.2"," ","S","30","     0.0"," ","S","30","     0.0"," ","S","30","    0.03"," ","S","30","    0.10"," ","S","30","    0.31"," ","S","30","    1.01"," ","S","29","    1.01"," ","S","29","    16.9"," ","S","30","     6.3"," ","S","30","     3.6"," ","S","30","     2.4"," ","S","30","     1.4"," ","S","30","     0.7"," ","S","30","     0.1"," ","S","30","     0.0"," ","S","30","     0.2"," ","S","30","     0.5"," ","S","30","     1.6"," ","S","30","     2.6"," ","S","29","     2.6"," ","S","29","    37.3"," ","S","29","    30.3"," ","S","29","    21.9"," ","S","29","    14.8"," ","S","29","    10.6"," ","S","29","     2.5"," ","S","29","     0.0"," ","S","29","     2.0"," ","S","29","     3.0"," ","S","29","     5.0"," ","S","29"
"USC00118740","01-13"," 40.0839"," -88.2403"," 219.8","CHAMPAIGN 3S, IL US","01","13","99","    25.5"," ","S","30","    33.1"," ","S","30","    17.8"," ","S","30","    15.3"," ","S","30","    11.7"," ","S","30","    12.0"," ","S","30","    12.6"," ","S","30","     7.4"," ","S","30","    39.5"," ","S","30","    14.9"," ","S","30","    19.7"," ","S","30","    24.6"," ","S","30","    29.6"," ","S","30","    31.6"," ","S","30","    34.5"," ","S","30","     0.0"," ","S","30","     0.4"," ","S","30","     0.1"," ","S","30","     0.0","X","S","30","     0.0","X","S","30","     0.0","X","S","30","     0.0","X","S","30","     0.0"," ","S","30","     0.0"," ","S","30","     0.0"," ","S","30","     0.4"," ","S","30","     0.1"," ","S","30","     0.0","X","S","30","     0.0","X","S","30","     0.0","X","S","30","     0.0","X","S","30","     0.0"," ","S","30","     0.0"," ","S","30","     0.3"," ","S","30","     0.2"," ","S","30","    32.2"," ","S","30","    16.8"," ","S","30","     9.3"," ","S","30","     4.9"," ","S","30","     1.6"," ","S","30","     0.2"," ","S","30","     0.0"," ","S","30","     0.0"," ","S","30","    0.03"," ","S","30","    0.10"," ","S","30","    0.31"," ","S","30","    1.08"," ","S","29","    1.08"," ","S","29","    17.0"," ","S","30","     6.4"," ","S","30","     3.6"," ","S","30","     2.4"," ","S","30","     1.4"," ","S","30","     0.7"," ","S","30","     0.1"," ","S","30","     0.0"," ","S","30","     0.2"," ","S","30","     0.5"," ","S","30","     1.6"," ","S","30","     2.8"," ","S","29","     2.8"," ","S","29","    37.7"," ","S","29","    30.6"," ","S","29","    22.0"," ","S","29","    14.8"," ","S","29","    10.5"," ","S","29","     2.5"," ","S","29","     0.0"," ","S","29","     2.0"," ","S","29","     3.0"," ","S","29","     5.0"," ","S","29"
"USC00118740","01-14"," 40.0839"," -88.2403"," 219.8","CHAMPAIGN 3S, IL US","01","14","99","    25.4"," ","S","30","    33.1"," ","S","30","    17.7"," ","S","30","    15.4"," ","S","30","    11.7"," ","S","30","    12.0"," ","S","30","    12.6"," ","S","30","     7.5"," ","S","30","    39.6"," ","S","30","    15.0"," ","S","30","    19.7"," ","S","30","    24.7"," ","S","30","    29.6"," ","S","30","    31.6"," ","S","30","    34.6"," ","S","30","     0.0"," ","S","30","     0.4"," ","S","30","     0.1"," ","S","30","     0.0","X","S","30","     0.0","X","S","30","     0.0","X","S","30","     0.0","X","S","30","     0.0"," ","S","30","     0.0"," ","S","30","     0.0"," ","S","30","     0.4"," ","S","30","     0.1"," ","S","30","     0.0","X","S","30","     0.0","X","S","30","     0.0","X","S","30","     0.0","X","S","30","     0.0"," ","S","30","     0.0"," ","S","30","     0.3"," ","S","30","     0.2"," ","S","30","    32.1"," ","S","30","    16.6"," ","S","30","     9.3"," ","S","30","     4.8"," ","S","30","     1.6"," ","S","30","     0.2"," ","S","30","     0.0"," ","S","30","     0.0"," ","S","30","    0.03"," ","S","30","    0.10"," ","S","30","    0.31"," ","S","30","    1.16"," ","S","29","    1.16"," ","S","29","    17.2"," ","S","30","     6.4"," ","S","30","     3.6"," ","S","30","     2.4"," ","S","30","     1.4"," ","S","30","     0.7"," ","S","30","     0.1"," ","S","30","     0.0"," ","S","30","     0.2"," ","S","30","     0.5"," ","S","30","     1.6"," ","S","30","     3.0"," ","S","29","     3.0"," ","S","29","    38.1"," ","S","29","    30.8"," ","S","29","    22.0"," ","S","29","    14.7"," ","S","29","    10.4"," ","S","29","     2.5"," ","S","29","     0.0"," ","S","29","     2.0"," ","S","29","     3.0"," ","S","29","     5.0"," ","S","29"
"USC00118740","01-15"," 40.0839"," -88.2403"," 219.8","CHAMPAIGN 3S, IL US","01","15","99","    25.3"," ","S","30","    33.0"," ","S","30","    17.5"," ","S","30","    15.5"," ","S","30","    11.7"," ","S","30","    11.9"," ","S","30","    12.5"," ","S","30","     7.5"," ","S","30","    39.7"," ","S","30","    15.0"," ","S","30","    19.8"," ","S","30","    24.7"," ","S","30","    29.7"," ","S","30","    31.7"," ","S","30","    34.7"," ","S","30","     0.0"," ","S","30","     0.3"," ","S","30","     0.1"," ","S","30","     0.0","X","S","30","     0.0","X","S","30","     0.0","X","S","30","     0.0","X","S","30","     0.0"," ","S","30","     0.0"," ","S","30","     0.0"," ","S","30","     0.3"," ","S","30","     0.1"," ","S","30","     0.0","X","S","30","     0.0","X","S","30","     0.0","X","S","30","     0.0","X","S","30","     0.0"," ","S","30","     0.0"," ","S","30","     0.3"," ","S","30","     0.2"," ","S","30","    32.0"," ","S","30","    16.5"," ","S","30","     9.3"," ","S","30","     4.8"," ","S","30","     1.6"," ","S","30","     0.2"," ","S","30","     0.0"," ","S","30","     0.0"," ","S","30","    0.03"," ","S","30","    0.10"," ","S","30","    0.31"," ","S","30","    1.23"," ","S","29","    1.23"," ","S","29","    17.3"," ","S","30","     6.4"," ","S","30","     3.6"," ","S","30","     2.3"," ","S","30","     1.4"," ","S","30","     0.7"," ","S","30","     0.1"," ","S","30","     0.0"," ","S","30","     0.2"," ","S","30","     0.5"," ","S","30","     1.6"," ","S","30","     3.3"," ","S","29","     3.3"," ","S","29","    38.5"," ","S","29","    31.0"," ","S","29","    22.0"," ","S","29","    14.6"," ","S","29","    10.3"," ","S","29","     2.5"," ","S","29","     0.0"," ","S","29","     2.0"," ","S","29","     3.0"," ","S","29","     5.0"," ","S","29"
"USC00118740","01-16"," 40.0839"," -88.2403"," 219.8","CHAMPAIGN 3S, IL US","01","16","99","    25.2"," ","S","30","    33.0"," ","S","30","    17.4"," ","S","30","    15.6"," ","S","30","    11.6"," ","S","30","    11.9"," ","S","30","    12.5"," ","S","30","     7.5"," ","S","30","    39.8"," ","S","30","    15.1"," ","S","30","    19.8"," ","S","30","    24.8"," ","S","30","    29.8"," ","S","30","    31.8"," ","S","30","    34.8"," ","S","30","     0.0"," ","S","30","     0.3"," ","S","30","     0.1"," ","S","30","     0.0","X","S","30","     0.0","X","S","30","     0.0","X","S","30","     0.0","X","S","30","     0.0"," ","S","30","     0.0"," ","S","30","     0.0"," ","S","30","     0.3"," ","S","30","     0.1"," ","S","30","     0.0","X","S","30","     0.0","X","S","30","     0.0","X","S","30","     0.0","X","S","30","     0.0"," ","S","30","     0.0"," ","S","30","     0.3"," ","S","30","     0.2"," ","S","30","    31.9"," ","S","30","    16.4"," ","S","30","     9.2"," ","S","30","     4.7"," ","S","30","     1.6"," ","S","30","     0.2"," ","S","30","     0.0"," ","S","30","     0.0"," ","S","30","    0.03"," ","S","30","    0.10"," ","S","30","    0.31"," ","S","30","    1.30"," ","S","29","    1.30"," ","S","29","    17.4"," ","S","30","     6.4"," ","S","30","     3.5"," ","S","30","     2.3"," ","S","30","     1.4"," ","S","30","     0.7"," ","S","30","     0.1"," ","S","30","     0.0"," ","S","30","     0.2"," ","S","30","     0.5"," ","S","30","     1.5"," ","S","30","     3.5"," ","S","29","     3.5"," ","S","29","    38.8"," ","S","29","    31.1"," ","S","29","    22.0"," ","S","29","    14.5"," ","S","29","    10.1"," ","S","29","     2.5"," ","S","29","     0.0"," ","S","29","     2.0"," ","S","29","     3.0"," ","S","29","     5.0"," ","S","29"
"USC00118740","01-17"," 40.0839"," -88.2403"," 219.8","CHAMPAIGN 3S, IL US","01","17","99","    25.2"," ","S","30","    33.0"," ","S","30","    17.3"," ","S","30","    15.7"," ","S","30","    11.6"," ","S","30","    11.9"," ","S","30","    12.5"," ","S","30","     7.5"," ","S","30","    39.8"," ","S","30","    15.1"," ","S","30","    19.9"," ","S","30","    24.8"," ","S","30","    29.8"," ","S","30","    31.8"," ","S","30","    34.8"," ","S","30","     0.0"," ","S","30","     0.3"," ","S","30","     0.1"," ","S","30","     0.0","X","S","30","     0.0"," ","S","30","     0.0"," ","S","30","     0.0","X","S","30","     0.0"," ","S","30","     0.0"," ","S","30","     0.0"," ","S","30","     0.3"," ","S","30","     0.1"," ","S","30","     0.0","X","S","30","     0.0"," ","S","30","     0.0"," ","S","30","     0.0","X","S","30","     0.0"," ","S","30","     0.0"," ","S","30","     0.3"," ","S","30","     0.2"," ","S","30","    31.8"," ","S","30","    16.3"," ","S","30","     9.2"," ","S","30","     4.6"," ","S","30","     1.5"," ","S","30","     0.2"," ","S","30","     0.0"," ","S","30","     0.0"," ","S","30","    0.03"," ","S","30","    0.10"," ","S","30","    0.31"," ","S","30","    1.37"," ","S","29","    1.37"," ","S","29","    17.6"," ","S","30","     6.4"," ","S","30","     3.5"," ","S","30","     2.3"," ","S","30","     1.4"," ","S","30","     0.6"," ","S","30","     0.1"," ","S","30","     0.0"," ","S","30","     0.2"," ","S","30","     0.5"," ","S","30","     1.5"," ","S","30","     3.7"," ","S","29","     3.7"," ","S","29","    39.0"," ","S","29","    31.2"," ","S","29","    21.9"," ","S","29","    14.4"," ","S","29","    10.0"," ","S","29","     2.5"," ","S","29","     0.0"," ","S","29","     2.0"," ","S","29","     3.0"," ","S","29","     5.0"," ","S","29"
"USC00118740","01-18"," 40.0839"," -88.2403"," 219.8","CHAMPAIGN 3S, IL US","01","18","99","    25.1"," ","S","30","    33.0"," ","S","30","    17.2"," ","S","30","    15.8"," ","S","30","    11.5"," ","S","30","    11.9"," ","S","30","    12.4"," ","S","30","     7.5"," ","S","30","    39.9"," ","S","30","    15.1"," ","S","30","    19.9"," ","S","30","    24.9"," ","S","30","    29.9"," ","S","30","    31.9"," ","S","30","    34.9"," ","S","30","     0.0"," ","S","30","     0.3"," ","S","30","     0.1"," ","S","30","     0.0","X","S","30","     0.0"," ","S","30","     0.0"," ","S","30","     0.0"," ","S","30","     0.0"," ","S","30","     0.0"," ","S","30","     0.0"," ","S","30","     0.3"," ","S","30","     0.1"," ","S","30","     0.0","X","S","30","     0.0"," ","S","30","     0.0"," ","S","30","     0.0"," ","S","30","     0.0"," ","S","30","     0.0"," ","S","30","     0.3"," ","S","30","     0.2"," ","S","30","    31.7"," ","S","30","    16.1"," ","S","30","     9.2"," ","S","30","     4.5"," ","S","30","     1.5"," ","S","30","     0.2"," ","S","30","     0.0"," ","S","30","     0.0"," ","S","30","    0.03"," ","S","30","    0.10"," ","S","30","    0.30"," ","S","30","    1.45"," ","S","29","    1.45"," ","S","29","    17.7"," ","S","30","     6.5"," ","S","30","     3.5"," ","S","30","     2.2"," ","S","30","     1.3"," ","S","30","     0.6"," ","S","30","     0.1"," ","S","30","     0.0"," ","S","30","     0.2"," ","S","30","     0.5"," ","S","30","     1.5"," ","S","30","     3.9"," ","S","29","     3.9"," ","S","29","    39.2"," ","S","29","    31.1"," ","S","29","    21.8"," ","S","29","    14.3"," ","S","29","     9.9"," ","S","29","     2.4"," ","S","29","     0.0"," ","S","29","     2.0"," ","S","29","     3.0"," ","S","29","     5.0"," ","S","29"
"USC00118740","01-19"," 40.0839"," -88.2403"," 219.8","CHAMPAIGN 3S, IL US","01","19","99","    25.1"," ","S","30","    33.1"," ","S","30","    17.1"," ","S","30","    15.9"," ","S","30","    11.5"," ","S","30","    11.9"," ","S","30","    12.4"," ","S","30","     7.5"," ","S","30","    39.9"," ","S","30","    15.2"," ","S","30","    20.0"," ","S","30","    24.9"," ","S","30","    29.9"," ","S","30","    31.9"," ","S","30","    34.9"," ","S","30","     0.0"," ","S","30","     0.3"," ","S","30","     0.1"," ","S","30","     0.0","X","S","30","     0.0"," ","S","30","     0.0"," ","S","30","     0.0"," ","S","30","     0.0"," ","S","30","     0.0"," ","S","30","     0.0"," ","S","30","     0.3"," ","S","30","     0.1"," ","S","30","     0.0","X","S","30","     0.0"," ","S","30","     0.0"," ","S","30","     0.0"," ","S","30","     0.0"," ","S","30","     0.0"," ","S","30","     0.3"," ","S","30","     0.2"," ","S","30","    31.6"," ","S","30","    16.0"," ","S","30","     9.1"," ","S","30","     4.5"," ","S","30","     1.5"," ","S","30","     0.2"," ","S","30","     0.0"," ","S","30","     0.0"," ","S","30","    0.03"," ","S","30","    0.10"," ","S","30","    0.30"," ","S","30","    1.52"," ","S","29","    1.52"," ","S","29","    17.8"," ","S","30","     6.5"," ","S","30","     3.5"," ","S","30","     2.2"," ","S","30","     1.3"," ","S","30","     0.6"," ","S","30","     0.0"," ","S","30","     0.0"," ","S","30","     0.2"," ","S","30","     0.5"," ","S","30","     1.5"," ","S","30","     4.1"," ","S","29","     4.1"," ","S","29","    39.3"," ","S","29","    31.1"," ","S","29","    21.7"," ","S","29","    14.2"," ","S","29","     9.7"," ","S","29","     2.4"," ","S","29","     0.0"," ","S","29","     2.0"," ","S","29","     3.0"," ","S","29","     5.0"," ","S","29"
"USC00118740","01-20"," 40.0839"," -88.2403"," 219.8","CHAMPAIGN 3S, IL US","01","20","99","    25.1"," ","S","30","    33.1"," ","S","30","    17.1"," ","S","30","    16.0"," ","S","30","    11.5"," ","S","30","    11.8"," ","S","30","    12.3"," ","S","30","     7.5"," ","S","30","    39.9"," ","S","30","    15.2"," ","S","30","    20.0"," ","S","30","    24.9"," ","S","30","    29.9"," ","S","30","    31.9"," ","S","30","    34.9"," ","S","30","     0.0"," ","S","30","     0.3"," ","S","30","     0.1"," ","S","30","     0.0","X","S","30","     0.0"," ","S","30","     0.0"," ","S","30","     0.0"," ","S","30","     0.0"," ","S","30","     0.0"," ","S","30","     0.0"," ","S","30","     0.3"," ","S","30","     0.1"," ","S","30","     0.0","X","S","30","     0.0"," ","S","30","     0.0"," ","S","30","     0.0"," ","S","30","     0.0"," ","S","30","     0.0"," ","S","30","     0.3"," ","S","30","     0.2"," ","S","30","    31.6"," ","S","30","    15.9"," ","S","30","     9.1"," ","S","30","     4.4"," ","S","30","     1.4"," ","S","30","     0.1"," ","S","30","     0.0"," ","S","30","     0.0"," ","S","30","    0.03"," ","S","30","    0.09"," ","S","30","    0.30"," ","S","30","    1.58"," ","S","29","    1.58"," ","S","29","    17.9"," ","S","30","     6.5"," ","S","30","     3.5"," ","S","30","     2.1"," ","S","30","     1.3"," ","S","30","     0.6"," ","S","30","     0.0"," ","S","30","     0.0"," ","S","30","     0.2"," ","S","30","     0.5"," ","S","30","     1.5"," ","S","30","     4.3"," ","S","29","     4.3"," ","S","29","    39.4"," ","S","29","    31.0"," ","S","29","    21.5"," ","S","29","    14.1"," ","S","29","     9.6"," ","S","29","     2.3"," ","S","29","     0.0"," ","S","29","     2.0"," ","S","29","     3.0"," ","S","29","     5.0"," ","S","29"
"USC00118740","01-21"," 40.0839"," -88.2403"," 219.8","CHAMPAIGN 3S, IL US","01","21","99","    25.1"," ","S","30","    33.1"," ","S","30","    17.0"," ","S","30","    16.1"," ","S","30","    11.5"," ","S","30","    11.8"," ","S","30","    12.3"," ","S","30","     7.5"," ","S","30","    39.9"," ","S","30","    15.2"," ","S","30","    20.0"," ","S","30","    24.9"," ","S","30","    29.9"," ","S","30","    31.9"," ","S","30","    34.9"," ","S","30","     0.0"," ","S","30","     0.3"," ","S","30","     0.1"," ","S","30","     0.0","X","S","30","     0.0"," ","S","30","     0.0"," ","S","30","     0.0"," ","S","30","     0.0"," ","S","30","     0.0"," ","S","30","     0.0"," ","S","30","     0.3"," ","S","30","     0.1"," ","S","30","     0.0","X","S","30","     0.0"," ","S","30","     0.0"," ","S","30","     0.0"," ","S","30","     0.0"," ","S","30","     0.0"," ","S","30","     0.3"," ","S","30","     0.2"," ","S","30","    31.5"," ","S","30","    15.8"," ","S","30","     9.0"," ","S","30","     4.3"," ","S","30","     1.4"," ","S","30","     0.1"," ","S","30","     0.0"," ","S","30","     0.0"," ","S","30","    0.03"," ","S","30","    0.09"," ","S","30","    0.30"," ","S","30","    1.65"," ","S","29","    1.65"," ","S","29","    17.9"," ","S","30","     6.6"," ","S","30","     3.5"," ","S","30","     2.1"," ","S","30","     1.3"," ","S","30","     0.6"," ","S","30","     0.0"," ","S","30","     0.0"," ","S","30","     0.2"," ","S","30","     0.6"," ","S","30","     1.4"," ","S","30","     4.5"," ","S","29","     4.5"," ","S","29","    39.4"," ","S","29","    30.9"," ","S","29","    21.4"," ","S","29","    14.0"," ","S","29","     9.5"," ","S","29","     2.3"," ","S","29","     0.0"," ","S","29","     2.0"," ","S","29","     3.0"," ","S","29","     5.0"," ","S","29"
"USC00118740","01-22"," 40.0839"," -88.2403"," 219.8","CHAMPAIGN 3S, IL US","01","22","99","    25.1"," ","S","30","    33.2"," ","S","30","    17.0"," ","S","30","    16.2"," ","S","30","    11.4"," ","S","30","    11.8"," ","S","30","    12.2"," ","S","30","     7.5"," ","S","30","    39.9"," ","S","30","    15.2"," ","S","30","    20.0"," ","S","30","    24.9"," ","S","30","    29.9"," ","S","30","    31.9"," ","S","30","    34.9"," ","S","30","     0.0"," ","S","30","     0.3"," ","S","30","     0.1"," ","S","30","     0.0","X","S","30","     0.0"," ","S","30","     0.0"," ","S","30","     0.0"," ","S","30","     0.0"," ","S","30","     0.0"," ","S","30","     0.0"," ","S","30","     0.3"," ","S","30","     0.1"," ","S","30","     0.0","X","S","30","     0.0"," ","S","30","     0.0"," ","S","30","     0.0"," ","S","30","     0.0"," ","S","30","     0.0"," ","S","30","     0.3"," ","S","30","     0.2"," ","S","30","    31.5"," ","S","30","    15.7"," ","S","30","     9.0"," ","S","30","     4.3"," ","S","30","     1.4"," ","S","30","     0.1"," ","S","30","     0.0"," ","S","30","     0.0"," ","S","30","    0.03"," ","S","30","    0.09"," ","S","30","    0.30"," ","S","30","    1.72"," ","S","29","    1.72"," ","S","29","    17.9"," ","S","30","     6.6"," ","S","30","     3.4"," ","S","30","     2.0"," ","S","30","     1.3"," ","S","30","     0.6"," ","S","30","     0.0"," ","S","30","     0.0"," ","S","30","     0.2"," ","S","30","     0.6"," ","S","30","     1.4"," ","S","30","     4.7"," ","S","29","     4.7"," ","S","29","    39.3"," ","S","29","    30.7"," ","S","29","    21.2"," ","S","29","    13.9"," ","S","29","     9.3"," ","S","29","     2.2"," ","S","29","     0.0"," ","S","29","     2.0"," ","S","29","     3.0"," ","S","29","     4.0"," ","S","29"
"USC00118740","01-23"," 40.0839"," -88.2403"," 219.8","CHAMPAIGN 3S, IL US","01","23","99","    25.1"," ","S","30","    33.3"," ","S","30","    17.0"," ","S","30","    16.3"," ","S","30","    11.4"," ","S","30","    11.8"," ","S","30","    12.2"," ","S","30","     7.5"," ","S","30","    39.9"," ","S","30","    15.2"," ","S","30","    19.9"," ","S","30","    24.9"," ","S","30","    29.9"," ","S","30","    31.9"," ","S","30","    34.9"," ","S","30","     0.0"," ","S","30","     0.3"," ","S","30","     0.1"," ","S","30","     0.0","X","S","30","     0.0"," ","S","30","     0.0"," ","S","30","     0.0"," ","S","30","     0.0"," ","S","30","     0.0"," ","S","30","     0.0"," ","S","30","     0.3"," ","S","30","     0.1"," ","S","30","     0.0","X","S","30","     0.0"," ","S","30","     0.0"," ","S","30","     0.0"," ","S","30","     0.0"," ","S","30","     0.0"," ","S","30","     0.3"," ","S","30","     0.2"," ","S","30","    31.4"," ","S","30","    15.6"," ","S","30","     9.0"," ","S","30","     4.3"," ","S","30","     1.4"," ","S","30","     0.1"," ","S","30","     0.0"," ","S","30","     0.0"," ","S","30","    0.03"," ","S","30","    0.09"," ","S","30","    0.30"," ","S","30","    1.79"," ","S","29","    1.79"," ","S","29","    18.0"," ","S","30","     6.6"," ","S","30","     3.4"," ","S","30","     2.0"," ","S","30","     1.2"," ","S","30","     0.6"," ","S","30","     0.0"," ","S","30","     0.0"," ","S","30","     0.2"," ","S","30","     0.6"," ","S","30","     1.4"," ","S","30","     4.9"," ","S","29","     4.9"," ","S","29","    39.2"," ","S","29","    30.4"," ","S","29","    20.9"," ","S","29","    13.7"," ","S","29","     9.2"," ","S","29","     2.1"," ","S","29","     0.0"," ","S","29","     2.0"," ","S","29","     3.0"," ","S","29","     4.0"," ","S","29"
"USC00118740","01-24"," 40.0839"," -88.2403"," 219.8","CHAMPAIGN 3S, IL US","01","24","99","    25.2"," ","S","30","    33.4"," ","S","30","    17.0"," ","S","30","    16.4"," ","S","30","    11.4"," ","S","30","    11.8"," ","S","30","    12.1"," ","S","30","     7.5"," ","S","30","    39.8"," ","S","30","    15.1"," ","S","30","    19.9"," ","S","30","    24.8"," ","S","30","    29.8"," ","S","30","    31.8"," ","S","30","    34.8"," ","S","30","     0.0"," ","S","30","     0.3"," ","S","30","     0.1"," ","S","30","     0.0","X","S","30","     0.0"," ","S","30","     0.0"," ","S","30","     0.0"," ","S","30","     0.0"," ","S","30","     0.0"," ","S","30","     0.0"," ","S","30","     0.3"," ","S","30","     0.1"," ","S","30","     0.0","X","S","30","     0.0"," ","S","30","     0.0"," ","S","30","     0.0"," ","S","30","     0.0"," ","S","30","     0.0"," ","S","30","     0.3"," ","S","30","     0.2"," ","S","30","    31.4"," ","S","30","    15.6"," ","S","30","     8.9"," ","S","30","     4.2"," ","S","30","     1.3"," ","S","30","     0.1"," ","S","30","     0.0"," ","S","30","     0.0"," ","S","30","    0.03"," ","S","30","    0.09"," ","S","30","    0.30"," ","S","30","    1.86"," ","S","29","    1.86"," ","S","29","    18.0"," ","S","30","     6.6"," ","S","30","     3.4"," ","S","30","     2.0"," ","S","30","     1.2"," ","S","30","     0.6"," ","S","30","     0.0"," ","S","30","     0.0"," ","S","30","     0.2"," ","S","30","     0.6"," ","S","30","     1.4"," ","S","30","     5.1"," ","S","29","     5.1"," ","S","29","    39.0"," ","S","29","    30.1"," ","S","29","    20.7"," ","S","29","    13.6"," ","S","29","     9.1"," ","S","29","     2.0"," ","S","29","     0.0"," ","S","29","     2.0"," ","S","29","     3.0"," ","S","29","     4.0"," ","S","29"
"USC00118740","01-25"," 40.0839"," -88.2403"," 219.8","CHAMPAIGN 3S, IL US","01","25","99","    25.2"," ","S","30","    33.5"," ","S","30","    17.0"," ","S","30","    16.5"," ","S","30","    11.3"," ","S","30","    11.8"," ","S","30","    12.1"," ","S","30","     7.5"," ","S","30","    39.8"," ","S","30","    15.1"," ","S","30","    19.9"," ","S","30","    24.8"," ","S","30","    29.8"," ","S","30","    31.8"," ","S","30","    34.8"," ","S","30","     0.0"," ","S","30","     0.3"," ","S","30","     0.1"," ","S","30","     0.0","X","S","30","     0.0"," ","S","30","     0.0"," ","S","30","     0.0"," ","S","30","     0.0"," ","S","30","     0.0"," ","S","30","     0.0"," ","S","30","     0.3"," ","S","30","     0.1"," ","S","30","     0.0","X","S","30","     0.0"," ","S","30","     0.0"," ","S","30","     0.0"," ","S","30","     0.0"," ","S","30","     0.0"," ","S","30","     0.3"," ","S","30","     0.2"," ","S","30","    31.3"," ","S","30","    15.5"," ","S","30","     8.9"," ","S","30","     4.2"," ","S","30","     1.3"," ","S","30","     0.2"," ","S","30","     0.0"," ","S","30","     0.0"," ","S","30","    0.03"," ","S","30","    0.09"," ","S","30","    0.30"," ","S","30","    1.93"," ","S","29","    1.93"," ","S","29","    18.0"," ","S","30","     6.7"," ","S","30","     3.3"," ","S","30","     1.9"," ","S","30","     1.2"," ","S","30","     0.6"," ","S","30","     0.0"," ","S","30","     0.0"," ","S","30","     0.2"," ","S","30","     0.6"," ","S","30","     1.4"," ","S","30","     5.3"," ","S","29","     5.3"," ","S","29","    38.7"," ","S","29","    29.8"," ","S","29","    20.5"," ","S","29","    13.5"," ","S","29","     9.0"," ","S","29","     2.0"," ","S","29","     0.0"," ","S","29","     2.0"," ","S","29","     3.0"," ","S","29","     4.0"," ","S","29"
"USC00118740","01-26"," 40.0839"," -88.2403"," 219.8","CHAMPAIGN 3S, IL US","01","26","99","    25.3"," ","S","30","    33.6"," ","S","30","    17.0"," ","S","30","    16.5"," ","S","30","    11.3"," ","S","30","    11.8"," ","S","30","    12.0"," ","S","30","     7.5"," ","S","30","    39.7"," ","S","30","    15.0"," ","S","30","    19.8"," ","S","30","    24.7"," ","S","30","    29.7"," ","S","30","    31.7"," ","S","30","    34.7"," ","S","30","     0.0"," ","S","30","     0.3"," ","S","30","     0.1"," ","S","30","     0.0","X","S","30","     0.0"," ","S","30","     0.0"," ","S","30","     0.0"," ","S","30","     0.0"," ","S","30","     0.0"," ","S","30","     0.0"," ","S","30","     0.3"," ","S","30","     0.1"," ","S","30","     0.0","X","S","30","     0.0"," ","S","30","     0.0"," ","S","30","     0.0"," ","S","30","     0.0"," ","S","30","     0.0"," ","S","30","     0.3"," ","S","30","     0.2"," ","S","30","    31.2"," ","S","30","    15.4"," ","S","30","     8.9"," ","S","30","     4.2"," ","S","30","     1.3"," ","S","30","     0.2"," ","S","30","     0.0"," ","S","30","     0.0"," ","S","30","    0.03"," ","S","30","    0.09"," ","S","30","    0.30"," ","S","30","    2.00"," ","S","29","    2.00"," ","S","29","    18.0"," ","S","30","     6.7"," ","S","30","     3.3"," ","S","30","     1.9"," ","S","30","     1.2"," ","S","30","     0.6"," ","S","30","     0.0"," ","S","30","     0.0"," ","S","30","     0.2"," ","S","30","     0.6"," ","S","30","     1.4"," ","S","30","     5.6"," ","S","29","     5.6"," ","S","29","    38.5"," ","S","29","    29.5"," ","S","29","    20.3"," ","S","29","    13.4"," ","S","29","     8.9"," ","S","29","     1.9"," ","S","29","     0.0"," ","S","29","     2.0"," ","S","29","     3.0"," ","S","29","     4.0"," ","S","29"
"USC00118740","01-27"," 40.0839"," -88.2403"," 219.8","CHAMPAIGN 3S, IL US","01","27","99","    25.4"," ","S","30","    33.7"," ","S","30","    17.1"," ","S","30","    16.6"," ","S","30","    11.3"," ","S","30","    11.8"," ","S","30","    11.9"," ","S","30","     7.4"," ","S","30","    39.6"," ","S","30","    14.9"," ","S","30","    19.7"," ","S","30","    24.6"," ","S","30","    29.6"," ","S","30","    31.6"," ","S","30","    34.6"," ","S","30","     0.0"," ","S","30","     0.3"," ","S","30","     0.1"," ","S","30","     0.0","X","S","30","     0.0"," ","S","30","     0.0"," ","S","30","     0.0"," ","S","30","     0.0"," ","S","30","     0.0"," ","S","30","     0.0"," ","S","30","     0.3"," ","S","30","     0.1"," ","S","30","     0.0","X","S","30","     0.0"," ","S","30","     0.0"," ","S","30","     0.0"," ","S","30","     0.0"," ","S","30","     0.0"," ","S","30","     0.3"," ","S","30","     0.2"," ","S","30","    31.2"," ","S","30","    15.4"," ","S","30","     8.9"," ","S","30","     4.2"," ","S","30","     1.3"," ","S","30","     0.2"," ","S","30","     0.0"," ","S","30","     0.0"," ","S","30","    0.03"," ","S","30","    0.09"," ","S","30","    0.29"," ","S","30","    2.06"," ","S","29","    2.06"," ","S","29","    18.0"," ","S","30","     6.7"," ","S","30","     3.3"," ","S","30","     1.9"," ","S","30","     1.2"," ","S","30","     0.6"," ","S","30","     0.0"," ","S","30","     0.0"," ","S","30","     0.2"," ","S","30","     0.6"," ","S","30","     1.4"," ","S","30","     5.7"," ","S","29","     5.7"," ","S","29","    38.2"," ","S","29","    29.2"," ","S","29","    20.1"," ","S","29","    13.3"," ","S","29","     8.8"," ","S","29","     1.8"," ","S","29","     0.0"," ","S","29","     2.0"," ","S","29","     3.0"," ","S","29","     4.0"," ","S","29"
"USC00118740","01-28"," 40.0839"," -88.2403"," 219.8","CHAMPAIGN 3S, IL US","01","28","99","    25.5"," ","S","30","    33.8"," ","S","30","    17.2"," ","S","30","    16.7"," ","S","30","    11.2"," ","S","30","    11.8"," ","S","30","    11.9"," ","S","30","     7.4"," ","S","30","    39.5"," ","S","30","    14.8"," ","S","30","    19.6"," ","S","30","    24.5"," ","S","30","    29.5"," ","S","30","    31.5"," ","S","30","    34.5"," ","S","30","     0.0"," ","S","30","     0.3"," ","S","30","     0.1"," ","S","30","     0.0","X","S","30","     0.0"," ","S","30","     0.0"," ","S","30","     0.0"," ","S","30","     0.0"," ","S","30","     0.0"," ","S","30","     0.0"," ","S","30","     0.3"," ","S","30","     0.1"," ","S","30","     0.0","X","S","30","     0.0"," ","S","30","     0.0"," ","S","30","     0.0"," ","S","30","     0.0"," ","S","30","     0.0"," ","S","30","     0.3"," ","S","30","     0.2"," ","S","30","    31.1"," ","S","30","    15.4"," ","S","30","     8.8"," ","S","30","     4.2"," ","S","30","     1.3"," ","S","30","     0.2"," ","S","30","     0.0"," ","S","30","     0.0"," ","S","30","    0.03"," ","S","30","    0.09"," ","S","30","    0.29"," ","S","30","    2.12"," ","S","29","    2.12"," ","S","29","    18.0"," ","S","30","     6.7"," ","S","30","     3.3"," ","S","30","     1.8"," ","S","30","     1.2"," ","S","30","     0.6"," ","S","30","     0.0"," ","S","30","     0.0"," ","S","30","     0.2"," ","S","30","     0.6"," ","S","30","     1.4"," ","S","30","     5.9"," ","S","29","     5.9"," ","S","29","    38.0"," ","S","29","    28.9"," ","S","29","    19.9"," ","S","29","    13.2"," ","S","29","     8.8"," ","S","29","     1.8"," ","S","29","     0.0"," ","S","29","     2.0"," ","S","29","     3.0"," ","S","29","     4.0"," ","S","29"
"USC00118740","01-29"," 40.0839"," -88.2403"," 219.8","CHAMPAIGN 3S, IL US","01","29","99","    25.6"," ","S","30","    34.0"," ","S","30","    17.2"," ","S","30","    16.7"," ","S","30","    11.2"," ","S","30","    11.8"," ","S","30","    11.8"," ","S","30","     7.4"," ","S","30","    39.4"," ","S","30","    14.7"," ","S","30","    19.5"," ","S","30","    24.4"," ","S","30","    29.4"," ","S","30","    31.4"," ","S","30","    34.4"," ","S","30","     0.0"," ","S","30","     0.3"," ","S","30","     0.1"," ","S","30","     0.0","X","S","30","     0.0"," ","S","30","     0.0"," ","S","30","     0.0"," ","S","30","     0.0"," ","S","30","     0.0"," ","S","30","     0.0"," ","S","30","     0.3"," ","S","30","     0.1"," ","S","30","     0.0","X","S","30","     0.0"," ","S","30","     0.0"," ","S","30","     0.0"," ","S","30","     0.0"," ","S","30","     0.0"," ","S","30","     0.3"," ","S","30","     0.2"," ","S","30","    31.1"," ","S","30","    15.3"," ","S","30","     8.8"," ","S","30","     4.2"," ","S","30","     1.3"," ","S","30","     0.2"," ","S","30","     0.0"," ","S","30","     0.0"," ","S","30","    0.03"," ","S","30","    0.09"," ","S","30","    0.29"," ","S","30","    2.19"," ","S","29","    2.19"," ","S","29","    17.9"," ","S","30","     6.7"," ","S","30","     3.3"," ","S","30","     1.8"," ","S","30","     1.2"," ","S","30","     0.6"," ","S","30","     0.0"," ","S","30","     0.0"," ","S","30","     0.2"," ","S","30","     0.6"," ","S","30","     1.4"," ","S","30","     6.1"," ","S","29","     6.1"," ","S","29","    37.7"," ","S","29","    28.6"," ","S","29","    19.7"," ","S","29","    13.2"," ","S","29","     8.7"," ","S","29","     1.7"," ","S","29","     0.0"," ","S","29","     2.0"," ","S","29","     3.0"," ","S","29","     4.0"," ","S","29"
"USC00118740","01-30"," 40.0839"," -88.2403"," 219.8","CHAMPAIGN 3S, IL US","01","30","99","    25.7"," ","S","30","    34.1"," ","S","30","    17.3"," ","S","30","    16.8"," ","S","30","    11.2"," ","S","30","    11.8"," ","S","30","    11.8"," ","S","30","     7.4"," ","S","30","    39.2"," ","S","30","    14.6"," ","S","30","    19.3"," ","S","30","    24.3"," ","S","30","    29.3"," ","S","30","    31.3"," ","S","30","    34.3"," ","S","30","     0.0"," ","S","30","     0.3"," ","S","30","     0.1"," ","S","30","     0.0","X","S","30","     0.0"," ","S","30","     0.0"," ","S","30","     0.0"," ","S","30","     0.0"," ","S","30","     0.0"," ","S","30","     0.0"," ","S","30","     0.3"," ","S","30","     0.1"," ","S","30","     0.0","X","S","30","     0.0"," ","S","30","     0.0"," ","S","30","     0.0"," ","S","30","     0.0"," ","S","30","     0.0"," ","S","30","     0.3"," ","S","30","     0.2"," ","S","30","    31.1"," ","S","30","    15.3"," ","S","30","     8.8"," ","S","30","     4.2"," ","S","30","     1.3"," ","S","30","     0.2"," ","S","30","     0.0"," ","S","30","     0.0"," ","S","30","    0.03"," ","S","30","    0.09"," ","S","30","    0.29"," ","S","30","    2.25"," ","S","29","    2.25"," ","S","29","    17.9"," ","S","30","     6.7"," ","S","30","     3.2"," ","S","30","     1.8"," ","S","30","     1.2"," ","S","30","     0.6"," ","S","30","     0.0"," ","S","30","     0.0"," ","S","30","     0.3"," ","S","30","     0.6"," ","S","30","     1.4"," ","S","30","     6.3"," ","S","29","     6.3"," ","S","29","    37.4"," ","S","29","    28.3"," ","S","29","    19.6"," ","S","29","    13.1"," ","S","29","     8.6"," ","S","29","     1.6"," ","S","29","     0.0"," ","S","29","     1.0"," ","S","29","     3.0"," ","S","29","     4.0"," ","S","29"
"USC00118740","01-31"," 40.0839"," -88.2403"," 219.8","CHAMPAIGN 3S, IL US","01","31","99","    25.9"," ","S","30","    34.3"," ","S","30","    17.5"," ","S","30","    16.8"," ","S","30","    11.2"," ","S","30","    11.8"," ","S","30","    11.7"," ","S","30","     7.4"," ","S","30","    39.1"," ","S","30","    14.4"," ","S","30","    19.2"," ","S","30","    24.1"," ","S","30","    29.1"," ","S","30","    31.1"," ","S","30","    34.1"," ","S","30","     0.0"," ","S","30","     0.3"," ","S","30","     0.1"," ","S","30","     0.0","X","S","30","     0.0"," ","S","30","     0.0"," ","S","30","     0.0"," ","S","30","     0.0"," ","S","30","     0.0"," ","S","30","     0.0"," ","S","30","     0.3"," ","S","30","     0.1"," ","S","30","     0.0","X","S","30","     0.0"," ","S","30","     0.0"," ","S","30","     0.0"," ","S","30","     0.0"," ","S","30","     0.0"," ","S","30","     0.4"," ","S","30","     0.2"," ","S","30","    31.0"," ","S","30","    15.3"," ","S","30","     8.8"," ","S","30","     4.2"," ","S","30","     1.3"," ","S","30","     0.2"," ","S","30","     0.0"," ","S","30","     0.0"," ","S","30","    0.03"," ","S","30","    0.09"," ","S","30","    0.29"," ","S","30","    2.31"," ","S","29","    2.31"," ","S","29","    17.8"," ","S","30","     6.7"," ","S","30","     3.2"," ","S","30","     1.8"," ","S","30","     1.2"," ","S","30","     0.6"," ","S","30","     0.0"," ","S","30","     0.0"," ","S","30","     0.3"," ","S","30","     0.6"," ","S","30","     1.4"," ","S","30","     6.5"," ","S","29","     6.5"," ","S","29","    37.1"," ","S","29","    28.0"," ","S","29","    19.4"," ","S","29","    13.0"," ","S","29","     8.6"," ","S","29","     1.6"," ","S","29","     0.0"," ","S","29","     1.0"," ","S","29","     3.0"," ","S","29","     4.0"," ","S","29"
"USC00118740","02-01"," 40.0839"," -88.2403"," 219.8","CHAMPAIGN 3S, IL US","02","01","99","    26.0"," ","S","30","    34.5"," ","S","30","    17.6"," ","S","30","    16.9"," ","S","30","    11.2"," ","S","30","    11.8"," ","S","30","    11.7"," ","S","30","     7.4"," ","S","30","    38.9"," ","S","30","    14.3"," ","S","30","    19.0"," ","S","30","    24.0"," ","S","30","    28.9"," ","S","30","    30.9"," ","S","30","    33.9"," ","S","30","     0.0"," ","S","30","     0.4"," ","S","30","     0.1"," ","S","30","     0.0","X","S","30","     0.0"," ","S","30","     0.0"," ","S","30","     0.0"," ","S","30","     0.0"," ","S","30","     0.0"," ","S","30","     0.0"," ","S","30","     0.4"," ","S","30","     0.1"," ","S","30","     0.0","X","S","30","     0.0"," ","S","30","     0.0"," ","S","30","     0.0"," ","S","30","     0.0"," ","S","30","     0.0"," ","S","30","     0.4"," ","S","30","     0.3"," ","S","30","    31.1"," ","S","30","    15.3"," ","S","30","     8.8"," ","S","30","     4.2"," ","S","30","     1.2"," ","S","30","     0.2"," ","S","30","     0.0"," ","S","30","     0.0"," ","S","30","    0.03"," ","S","30","    0.09"," ","S","30","    0.29"," ","S","30","    0.07"," ","S","29","    2.38"," ","S","29","    17.7"," ","S","30","     6.8"," ","S","30","     3.2"," ","S","30","     1.7"," ","S","30","     1.2"," ","S","30","     0.7"," ","S","30","     0.0"," ","S","30","     0.0"," ","S","30","     0.3"," ","S","30","     0.6"," ","S","30","     1.4"," ","S","30","     0.2"," ","S","30","     6.7"," ","S","30","    36.8"," ","S","29","    27.7"," ","S","29","    19.2"," ","S","29","    12.9"," ","S","29","     8.5"," ","S","29","     1.5"," ","S","29","     0.0"," ","S","29","     1.0"," ","S","29","     3.0"," ","S","29","     4.0"," ","S","29"
"USC00118740","02-02"," 40.0839"," -88.2403"," 219.8","CHAMPAIGN 3S, IL US","02","02","99","    26.2"," ","S","30","    34.7"," ","S","30","    17.8"," ","S","30","    16.9"," ","S","30","    11.2"," ","S","30","    11.9"," ","S","30","    11.6"," ","S","30","     7.3"," ","S","30","    38.8"," ","S","30","    14.2"," ","S","30","    18.9"," ","S","30","    23.8"," ","S","30","    28.8"," ","S","30","    30.8"," ","S","30","    33.8"," ","S","30","     0.0"," ","S","30","     0.4"," ","S","30","     0.1"," ","S","30","     0.0","X","S","30","     0.0"," ","S","30","     0.0"," ","S","30","     0.0"," ","S","30","     0.0"," ","S","30","     0.0"," ","S","30","     0.0"," ","S","30","     0.4"," ","S","30","     0.1"," ","S","30","     0.0","X","S","30","     0.0"," ","S","30","     0.0"," ","S","30","     0.0"," ","S","30","     0.0"," ","S","30","     0.0"," ","S","30","     0.4"," ","S","30","     0.3"," ","S","30","    31.1"," ","S","30","    15.3"," ","S","30","     8.8"," ","S","30","     4.2"," ","S","30","     1.2"," ","S","30","     0.2"," ","S","30","     0.0"," ","S","30","     0.0"," ","S","30","    0.03"," ","S","30","    0.09"," ","S","30","    0.29"," ","S","30","    0.13"," ","S","29","    2.44"," ","S","29","    17.6"," ","S","30","     6.8"," ","S","30","     3.2"," ","S","30","     1.7"," ","S","30","     1.2"," ","S","30","     0.7"," ","S","30","     0.0"," ","S","30","     0.0"," ","S","30","     0.3"," ","S","30","     0.6"," ","S","30","     1.5"," ","S","30","     0.4"," ","S","30","     6.9"," ","S","30","    36.4"," ","S","29","    27.3"," ","S","29","    19.0"," ","S","29","    12.8"," ","S","29","     8.5"," ","S","29","     1.5"," ","S","29","     0.0"," ","S","29","     1.0"," ","S","29","     3.0"," ","S","29","     4.0"," ","S","29"
"USC00118740","02-03"," 40.0839"," -88.2403"," 219.8","CHAMPAIGN 3S, IL US","02","03","99","    26.4"," ","S","30","    34.9"," ","S","30","    17.9"," ","S","30","    17.0"," ","S","30","    11.1"," ","S","30","    11.9"," ","S","30","    11.6"," ","S","30","     7.3"," ","S","30","    38.6"," ","S","30","    14.0"," ","S","30","    18.7"," ","S","30","    23.6"," ","S","30","    28.6"," ","S","30","    30.6"," ","S","30","    33.6"," ","S","30","     0.0"," ","S","30","     0.4"," ","S","30","     0.1"," ","S","30","     0.0","X","S","30","     0.0"," ","S","30","     0.0"," ","S","30","     0.0"," ","S","30","     0.0"," ","S","30","     0.0"," ","S","30","     0.0"," ","S","30","     0.4"," ","S","30","     0.1"," ","S","30","     0.0","X","S","30","     0.0"," ","S","30","     0.0"," ","S","30","     0.0"," ","S","30","     0.0"," ","S","30","     0.0"," ","S","30","     0.5"," ","S","30","     0.3"," ","S","30","    31.2"," ","S","30","    15.3"," ","S","30","     8.8"," ","S","30","     4.2"," ","S","30","     1.2"," ","S","30","     0.2"," ","S","30","     0.0"," ","S","30","     0.0"," ","S","30","    0.03"," ","S","30","    0.09"," ","S","30","    0.29"," ","S","30","    0.19"," ","S","29","    2.50"," ","S","29","    17.5"," ","S","30","     6.7"," ","S","30","     3.1"," ","S","30","     1.7"," ","S","30","     1.1"," ","S","30","     0.7"," ","S","30","     0.0"," ","S","30","     0.0"," ","S","30","     0.3"," ","S","30","     0.7"," ","S","30","     1.5"," ","S","30","     0.7"," ","S","30","     7.2"," ","S","30","    35.9"," ","S","29","    26.9"," ","S","29","    18.8"," ","S","29","    12.8"," ","S","29","     8.4"," ","S","29","     1.5"," ","S","29","     0.0"," ","S","29","     1.0"," ","S","29","     3.0"," ","S","29","     4.0"," ","S","29"
"USC00118740","02-04"," 40.0839"," -88.2403"," 219.8","CHAMPAIGN 3S, IL US","02","04","99","    26.6"," ","S","30","    35.1"," ","S","30","    18.1"," ","S","30","    17.0"," ","S","30","    11.1"," ","S","30","    11.9"," ","S","30","    11.5"," ","S","30","     7.3"," ","S","30","    38.4"," ","S","30","    13.9"," ","S","30","    18.5"," ","S","30","    23.4"," ","S","30","    28.4"," ","S","30","    30.4"," ","S","30","    33.4"," ","S","30","     0.0"," ","S","30","     0.5"," ","S","30","     0.1"," ","S","30","     0.0","X","S","30","     0.0"," ","S","30","     0.0"," ","S","30","     0.0"," ","S","30","     0.0"," ","S","30","     0.0"," ","S","30","     0.0"," ","S","30","     0.5"," ","S","30","     0.1"," ","S","30","     0.0","X","S","30","     0.0"," ","S","30","     0.0"," ","S","30","     0.0"," ","S","30","     0.0"," ","S","30","     0.0"," ","S","30","     0.5"," ","S","30","     0.4"," ","S","30","    31.2"," ","S","30","    15.3"," ","S","30","     8.8"," ","S","30","     4.2"," ","S","30","     1.2"," ","S","30","     0.2"," ","S","30","     0.0"," ","S","30","     0.0"," ","S","30","    0.03"," ","S","30","    0.09"," ","S","30","    0.29"," ","S","30","    0.26"," ","S","29","    2.57"," ","S","29","    17.3"," ","S","30","     6.7"," ","S","30","     3.1"," ","S","30","     1.7"," ","S","30","     1.1"," ","S","30","     0.7"," ","S","30","     0.0"," ","S","30","     0.0"," ","S","30","     0.3"," ","S","30","     0.7"," ","S","30","     1.5"," ","S","30","     0.9"," ","S","30","     7.4"," ","S","30","    35.4"," ","S","29","    26.5"," ","S","29","    18.6"," ","S","29","    12.7"," ","S","29","     8.4"," ","S","29","     1.4"," ","S","29","     0.0"," ","S","29","     1.0"," ","S","29","     3.0"," ","S","29","     4.0"," ","S","29"
"USC00118740","02-05"," 40.0839"," -88.2403"," 219.8","CHAMPAIGN 3S, IL US","02","05","99","    26.8"," ","S","30","    35.3"," ","S","30","    18.3"," ","S","30","    17.0"," ","S","30","    11.1"," ","S","30","    11.9"," ","S","30","    11.5"," ","S","30","     7.3"," ","S","30","    38.1"," ","S","30","    13.6"," ","S","30","    18.3"," ","S","30","    23.2"," ","S","30","    28.2"," ","S","30","    30.2"," ","S","30","    33.2"," ","S","30","     0.0"," ","S","30","     0.5"," ","S","30","     0.1"," ","S","30","     0.0","X","S","30","     0.0"," ","S","30","     0.0"," ","S","30","     0.0"," ","S","30","     0.0"," ","S","30","     0.0"," ","S","30","     0.0"," ","S","30","     0.5"," ","S","30","     0.1"," ","S","30","     0.0","X","S","30","     0.0"," ","S","30","     0.0"," ","S","30","     0.0"," ","S","30","     0.0"," ","S","30","     0.0"," ","S","30","     0.5"," ","S","30","     0.4"," ","S","30","    31.2"," ","S","30","    15.4"," ","S","30","     8.8"," ","S","30","     4.2"," ","S","30","     1.2"," ","S","30","     0.2"," ","S","30","     0.0"," ","S","30","     0.0"," ","S","30","    0.03"," ","S","30","    0.09"," ","S","30","    0.29"," ","S","30","    0.33"," ","S","29","    2.64"," ","S","29","    17.2"," ","S","30","     6.7"," ","S","30","     3.1"," ","S","30","     1.7"," ","S","30","     1.1"," ","S","30","     0.7"," ","S","30","     0.0"," ","S","30","     0.0"," ","S","30","     0.3"," ","S","30","     0.7"," ","S","30","     1.5"," ","S","30","     1.1"," ","S","30","     7.6"," ","S","30","    34.9"," ","S","29","    26.1"," ","S","29","    18.3"," ","S","29","    12.6"," ","S","29","     8.3"," ","S","29","     1.4"," ","S","29","     0.0"," ","S","29","     1.0"," ","S","29","     3.0"," ","S","29","     4.0"," ","S","29"
"USC00118740","02-06"," 40.0839"," -88.2403"," 219.8","CHAMPAIGN 3S, IL US","02","06","99","    27.1"," ","S","30","    35.6"," ","S","30","    18.5"," ","S","30","    17.0"," ","S","30","    11.1"," ","S","30","    12.0"," ","S","30","    11.4"," ","S","30","     7.3"," ","S","30","    37.9"," ","S","30","    13.4"," ","S","30","    18.1"," ","S","30","    22.9"," ","S","30","    27.9"," ","S","30","    29.9"," ","S","30","    32.9"," ","S","30","     0.0"," ","S","30","     0.5"," ","S","30","     0.1"," ","S","30","     0.0","X","S","30","     0.0"," ","S","30","     0.0"," ","S","30","     0.0"," ","S","30","     0.0"," ","S","30","     0.0"," ","S","30","     0.0"," ","S","30","     0.5"," ","S","30","     0.1"," ","S","30","     0.0","X","S","30","     0.0"," ","S","30","     0.0"," ","S","30","     0.0"," ","S","30","     0.0"," ","S","30","     0.0"," ","S","30","     0.5"," ","S","30","     0.4"," ","S","30","    31.3"," ","S","30","    15.4"," ","S","30","     8.8"," ","S","30","     4.2"," ","S","30","     1.2"," ","S","30","     0.2"," ","S","30","     0.0"," ","S","30","     0.0"," ","S","30","    0.03"," ","S","30","    0.09"," ","S","30","    0.29"," ","S","30","    0.40"," ","S","29","    2.71"," ","S","29","    17.0"," ","S","30","     6.7"," ","S","30","     3.0"," ","S","30","     1.7"," ","S","30","     1.1"," ","S","30","     0.7"," ","S","30","     0.0"," ","S","30","     0.0"," ","S","30","     0.3"," ","S","30","     0.7"," ","S","30","     1.5"," ","S","30","     1.3"," ","S","30","     7.8"," ","S","30","    34.4"," ","S","30","    25.6"," ","S","30","    18.1"," ","S","30","    12.5"," ","S","30","     8.2"," ","S","30","     1.4"," ","S","30","     0.0"," ","S","30","     1.0"," ","S","30","     3.0"," ","S","30","     4.0"," ","S","30"
"USC00118740","02-07"," 40.0839"," -88.2403"," 219.8","CHAMPAIGN 3S, IL US","02","07","99","    27.3"," ","S","30","    35.8"," ","S","30","    18.8"," ","S","30","    17.1"," ","S","30","    11.1"," ","S","30","    12.0"," ","S","30","    11.4"," ","S","30","     7.3"," ","S","30","    37.7"," ","S","30","    13.2"," ","S","30","    17.8"," ","S","30","    22.7"," ","S","30","    27.7"," ","S","30","    29.7"," ","S","30","    32.7"," ","S","30","     0.0"," ","S","30","     0.5"," ","S","30","     0.1"," ","S","30","     0.0","X","S","30","     0.0"," ","S","30","     0.0"," ","S","30","     0.0"," ","S","30","     0.0"," ","S","30","     0.0"," ","S","30","     0.0"," ","S","30","     0.5"," ","S","30","     0.1"," ","S","30","     0.0","X","S","30","     0.0"," ","S","30","     0.0"," ","S","30","     0.0"," ","S","30","     0.0"," ","S","30","     0.0"," ","S","30","     0.5"," ","S","30","     0.4"," ","S","30","    31.3"," ","S","30","    15.5"," ","S","30","     8.9"," ","S","30","     4.2"," ","S","30","     1.2"," ","S","30","     0.2"," ","S","30","     0.0"," ","S","30","     0.0"," ","S","30","    0.03"," ","S","30","    0.09"," ","S","30","    0.29"," ","S","30","    0.47"," ","S","29","    2.78"," ","S","29","    16.9"," ","S","30","     6.7"," ","S","30","     3.0"," ","S","30","     1.6"," ","S","30","     1.1"," ","S","30","     0.7"," ","S","30","     0.0"," ","S","30","     0.0"," ","S","30","     0.3"," ","S","30","     0.7"," ","S","30","     1.5"," ","S","30","     1.5"," ","S","30","     8.0"," ","S","30","    33.8"," ","S","30","    25.2"," ","S","30","    17.8"," ","S","30","    12.4"," ","S","30","     8.2"," ","S","30","     1.4"," ","S","30","     0.0"," ","S","30","     1.0"," ","S","30","     3.0"," ","S","30","     5.0"," ","S","30"
"USC00118740","02-08"," 40.0839"," -88.2403"," 219.8","CHAMPAIGN 3S, IL US","02","08","99","    27.6"," ","S","30","    36.1"," ","S","30","    19.0"," ","S","30","    17.1"," ","S","30","    11.1"," ","S","30","    12.0"," ","S","30","    11.3"," ","S","30","     7.3"," ","S","30","    37.4"," ","S","30","    12.9"," ","S","30","    17.6"," ","S","30","    22.4"," ","S","30","    27.4"," ","S","30","    29.4"," ","S","30","    32.4"," ","S","30","     0.0"," ","S","30","     0.5"," ","S","30","     0.1"," ","S","30","     0.0","X","S","30","     0.0"," ","S","30","     0.0"," ","S","30","     0.0"," ","S","30","     0.0"," ","S","30","     0.0"," ","S","30","     0.0"," ","S","30","     0.5"," ","S","30","     0.1"," ","S","30","     0.0","X","S","30","     0.0"," ","S","30","     0.0"," ","S","30","     0.0"," ","S","30","     0.0"," ","S","30","     0.0"," ","S","30","     0.5"," ","S","30","     0.4"," ","S","30","    31.4"," ","S","30","    15.5"," ","S","30","     8.9"," ","S","30","     4.2"," ","S","30","     1.2"," ","S","30","     0.2"," ","S","30","     0.0"," ","S","30","     0.0"," ","S","30","    0.03"," ","S","30","    0.09"," ","S","30","    0.29"," ","S","30","    0.54"," ","S","29","    2.85"," ","S","29","    16.7"," ","S","30","     6.6"," ","S","30","     3.0"," ","S","30","     1.6"," ","S","30","     1.1"," ","S","30","     0.7"," ","S","30","     0.0"," ","S","30","     0.0"," ","S","30","     0.3"," ","S","30","     0.7"," ","S","30","     1.5"," ","S","30","     1.7"," ","S","30","     8.2"," ","S","30","    33.2"," ","S","30","    24.7"," ","S","30","    17.6"," ","S","30","    12.3"," ","S","30","     8.1"," ","S","30","     1.3"," ","S","30","     0.0"," ","S","30","     1.0"," ","S","30","     3.0"," ","S","30","     5.0"," ","S","30"
"USC00118740","02-09"," 40.0839"," -88.2403"," 219.8","CHAMPAIGN 3S, IL US","02","09","99","    27.8"," ","S","30","    36.4"," ","S","30","    19.3"," ","S","30","    17.1"," ","S","30","    11.1"," ","S","30","    12.1"," ","S","30","    11.2"," ","S","30","     7.3"," ","S","30","    37.1"," ","S","30","    12.7"," ","S","30","    17.3"," ","S","30","    22.2"," ","S","30","    27.2"," ","S","30","    29.2"," ","S","30","    32.1"," ","S","30","     0.0"," ","S","30","     0.6"," ","S","30","     0.1"," ","S","30","     0.0","X","S","30","     0.0"," ","S","30","     0.0"," ","S","30","     0.0"," ","S","30","     0.0"," ","S","30","     0.0"," ","S","30","     0.0"," ","S","30","     0.6"," ","S","30","     0.1"," ","S","30","     0.0","X","S","30","     0.0"," ","S","30","     0.0"," ","S","30","     0.0"," ","S","30","     0.0"," ","S","30","     0.0"," ","S","30","     0.5"," ","S","30","     0.4"," ","S","30","    31.4"," ","S","30","    15.5"," ","S","30","     8.9"," ","S","30","     4.3"," ","S","30","     1.2"," ","S","30","     0.2"," ","S","30","     0.0"," ","S","30","     0.0"," ","S","30","    0.03"," ","S","30","    0.09"," ","S","30","    0.29"," ","S","30","    0.62"," ","S","29","    2.93"," ","S","29","    16.5"," ","S","30","     6.6"," ","S","30","     3.0"," ","S","30","     1.6"," ","S","30","     1.1"," ","S","30","     0.7"," ","S","30","     0.1"," ","S","30","     0.0"," ","S","30","     0.3"," ","S","30","     0.7"," ","S","30","     1.5"," ","S","30","     1.9"," ","S","30","     8.4"," ","S","30","    32.6"," ","S","30","    24.1"," ","S","30","    17.3"," ","S","30","    12.1"," ","S","30","     8.1"," ","S","30","     1.3"," ","S","30","     0.0"," ","S","30","     1.0"," ","S","30","     3.0"," ","S","30","     5.0"," ","S","30"
"USC00118740","02-10"," 40.0839"," -88.2403"," 219.8","CHAMPAIGN 3S, IL US","02","10","99","    28.1"," ","S","30","    36.7"," ","S","30","    19.6"," ","S","30","    17.1"," ","S","30","    11.1"," ","S","30","    12.1"," ","S","30","    11.2"," ","S","30","     7.3"," ","S","30","    36.9"," ","S","30","    12.5"," ","S","30","    17.0"," ","S","30","    21.9"," ","S","30","    26.9"," ","S","30","    28.9"," ","S","30","    31.9"," ","S","30","     0.0"," ","S","30","     0.6"," ","S","30","     0.2"," ","S","30","     0.0","X","S","30","     0.0"," ","S","30","     0.0"," ","S","30","     0.0"," ","S","30","     0.0"," ","S","30","     0.0"," ","S","30","     0.0"," ","S","30","     0.6"," ","S","30","     0.2"," ","S","30","     0.0","X","S","30","     0.0"," ","S","30","     0.0"," ","S","30","     0.0"," ","S","30","     0.0"," ","S","30","     0.0"," ","S","30","     0.6"," ","S","30","     0.4"," ","S","30","    31.4"," ","S","30","    15.6"," ","S","30","     9.0"," ","S","30","     4.3"," ","S","30","     1.2"," ","S","30","     0.3"," ","S","30","     0.0"," ","S","30","     0.0"," ","S","30","    0.03"," ","S","30","    0.09"," ","S","30","    0.29"," ","S","30","    0.69"," ","S","29","    3.00"," ","S","29","    16.2"," ","S","30","     6.6"," ","S","30","     3.0"," ","S","30","     1.6"," ","S","30","     1.1"," ","S","30","     0.7"," ","S","30","     0.1"," ","S","30","     0.0"," ","S","30","     0.3"," ","S","30","     0.7"," ","S","30","     1.6"," ","S","30","     2.1"," ","S","30","     8.6"," ","S","30","    31.9"," ","S","30","    23.6"," ","S","30","    17.0"," ","S","30","    12.0"," ","S","30","     8.0"," ","S","30","     1.3"," ","S","30","     0.0"," ","S","30","     1.0"," ","S","30","     3.0"," ","S","30","     5.0"," ","S","30"
"USC00118740","02-11"," 40.0839"," -88.2403"," 219.8","CHAMPAIGN 3S, IL US","02","11","99","    28.4"," ","S","30","    37.0"," ","S","30","    19.9"," ","S","30","    17.1"," ","S","30","    11.1"," ","S","30","    12.2"," ","S","30","    11.1"," ","S","30","     7.3"," ","S","30","    36.6"," ","S","30","    12.2"," ","S","30","    16.8"," ","S","30","    21.6"," ","S","30","    26.6"," ","S","30","    28.6"," ","S","30","    31.6"," ","S","30","     0.0"," ","S","30","     0.7"," ","S","30","     0.2"," ","S","30","     0.0","X","S","30","     0.0"," ","S","30","     0.0"," ","S","30","     0.0"," ","S","30","     0.0"," ","S","30","     0.0"," ","S","30","     0.0"," ","S","30","     0.7"," ","S","30","     0.2"," ","S","30","     0.0","X","S","30","     0.0"," ","S","30","     0.0"," ","S","30","     0.0"," ","S","30","     0.0"," ","S","30","     0.0"," ","S","30","     0.6"," ","S","30","     0.4"," ","S","30","    31.5"," ","S","30","    15.7"," ","S","30","     9.0"," ","S","30","     4.3"," ","S","30","     1.2"," ","S","30","     0.3"," ","S","30","     0.0"," ","S","30","     0.0"," ","S","30","    0.03"," ","S","30","    0.09"," ","S","30","    0.29"," ","S","30","    0.77"," ","S","29","    3.08"," ","S","29","    16.0"," ","S","30","     6.5"," ","S","30","     3.0"," ","S","30","     1.6"," ","S","30","     1.1"," ","S","30","     0.7"," ","S","30","     0.1"," ","S","30","     0.0"," ","S","30","     0.3"," ","S","30","     0.7"," ","S","30","     1.6"," ","S","30","     2.4"," ","S","30","     8.9"," ","S","30","    31.3"," ","S","30","    23.0"," ","S","30","    16.7"," ","S","30","    11.9"," ","S","30","     7.9"," ","S","30","     1.3"," ","S","30","     0.0"," ","S","30","     1.0"," ","S","30","     3.0"," ","S","30","     5.0"," ","S","30"
"USC00118740","02-12"," 40.0839"," -88.2403"," 219.8","CHAMPAIGN 3S, IL US","02","12","99","    28.7"," ","S","30","    37.3"," ","S","30","    20.1"," ","S","30","    17.1"," ","S","30","    11.1"," ","S","30","    12.2"," ","S","30","    11.1"," ","S","30","     7.3"," ","S","30","    36.3"," ","S","30","    12.0"," ","S","30","    16.5"," ","S","30","    21.3"," ","S","30","    26.3"," ","S","30","    28.3"," ","S","30","    31.3"," ","S","30","     0.0"," ","S","30","     0.7"," ","S","30","     0.2"," ","S","30","     0.1"," ","S","30","     0.0"," ","S","30","     0.0"," ","S","30","     0.0"," ","S","30","     0.0"," ","S","30","     0.0"," ","S","30","     0.0"," ","S","30","     0.7"," ","S","30","     0.2"," ","S","30","     0.1"," ","S","30","     0.0"," ","S","30","     0.0"," ","S","30","     0.0"," ","S","30","     0.0"," ","S","30","     0.0"," ","S","30","     0.7"," ","S","30","     0.5"," ","S","30","    31.6"," ","S","30","    15.8"," ","S","30","     9.1"," ","S","30","     4.4"," ","S","30","     1.2"," ","S","30","     0.3"," ","S","30","     0.0"," ","S","30","     0.0"," ","S","30","    0.03"," ","S","30","    0.09"," ","S","30","    0.29"," ","S","30","    0.85"," ","S","29","    3.16"," ","S","29","    15.8"," ","S","30","     6.5"," ","S","30","     3.0"," ","S","30","     1.6"," ","S","30","     1.1"," ","S","30","     0.7"," ","S","30","     0.1"," ","S","30","     0.0"," ","S","30","     0.3"," ","S","30","     0.7"," ","S","30","     1.6"," ","S","30","     2.6"," ","S","30","     9.1"," ","S","30","    30.6"," ","S","30","    22.5"," ","S","30","    16.4"," ","S","30","    11.7"," ","S","30","     7.9"," ","S","30","     1.3"," ","S","30","     0.0"," ","S","30","     1.0"," ","S","30","     3.0"," ","S","30","     5.0"," ","S","30"
"USC00118740","02-13"," 40.0839"," -88.2403"," 219.8","CHAMPAIGN 3S, IL US","02","13","99","    29.0"," ","S","30","    37.6"," ","S","30","    20.5"," ","S","30","    17.2"," ","S","30","    11.1"," ","S","30","    12.2"," ","S","30","    11.0"," ","S","30","     7.3"," ","S","30","    36.0"," ","S","30","    11.7"," ","S","30","    16.2"," ","S","30","    21.0"," ","S","30","    26.0"," ","S","30","    28.0"," ","S","30","    31.0"," ","S","30","     0.0"," ","S","30","     0.8"," ","S","30","     0.3"," ","S","30","     0.1"," ","S","30","     0.0"," ","S","30","     0.0"," ","S","30","     0.0"," ","S","30","     0.0"," ","S","30","     0.0"," ","S","30","     0.0"," ","S","30","     0.8"," ","S","30","     0.3"," ","S","30","     0.1"," ","S","30","     0.0"," ","S","30","     0.0"," ","S","30","     0.0"," ","S","30","     0.0"," ","S","30","     0.0"," ","S","30","     0.7"," ","S","30","     0.5"," ","S","30","    31.7"," ","S","30","    15.9"," ","S","30","     9.1"," ","S","30","     4.4"," ","S","30","     1.2"," ","S","30","     0.3"," ","S","30","     0.0"," ","S","30","     0.0"," ","S","30","    0.03"," ","S","30","    0.10"," ","S","30","    0.29"," ","S","30","    0.94"," ","S","29","    3.25"," ","S","29","    15.5"," ","S","30","     6.5"," ","S","30","     3.0"," ","S","30","     1.6"," ","S","30","     1.1"," ","S","30","     0.8"," ","S","30","     0.1"," ","S","30","     0.0"," ","S","30","     0.3"," ","S","30","     0.7"," ","S","30","     1.6"," ","S","30","     2.8"," ","S","30","     9.3"," ","S","30","    29.9"," ","S","30","    22.0"," ","S","30","    16.2"," ","S","30","    11.6"," ","S","30","     7.8"," ","S","30","     1.3"," ","S","30","     0.0"," ","S","30","     1.0"," ","S","30","     3.0"," ","S","30","     5.0"," ","S","30"
"USC00118740","02-14"," 40.0839"," -88.2403"," 219.8","CHAMPAIGN 3S, IL US","02","14","99","    29.4"," ","S","30","    37.9"," ","S","30","    20.8"," ","S","30","    17.2"," ","S","30","    11.1"," ","S","30","    12.3"," ","S","30","    11.0"," ","S","30","     7.3"," ","S","30","    35.6"," ","S","30","    11.5"," ","S","30","    15.9"," ","S","30","    20.7"," ","S","30","    25.6"," ","S","30","    27.6"," ","S","30","    30.6"," ","S","30","     0.0"," ","S","30","     0.8"," ","S","30","     0.3"," ","S","30","     0.1"," ","S","30","     0.0"," ","S","30","     0.0"," ","S","30","     0.0"," ","S","30","     0.0"," ","S","30","     0.0"," ","S","30","     0.0"," ","S","30","     0.8"," ","S","30","     0.3"," ","S","30","     0.1"," ","S","30","     0.0"," ","S","30","     0.0"," ","S","30","     0.0"," ","S","30","     0.0"," ","S","30","     0.0"," ","S","30","     0.8"," ","S","30","     0.6"," ","S","30","    31.8"," ","S","30","    16.0"," ","S","30","     9.2"," ","S","30","     4.5"," ","S","30","     1.2"," ","S","30","     0.3"," ","S","30","     0.0"," ","S","30","     0.0"," ","S","30","    0.04"," ","S","30","    0.10"," ","S","30","    0.29"," ","S","30","    1.01"," ","S","29","    3.32"," ","S","29","    15.3"," ","S","30","     6.5"," ","S","30","     3.0"," ","S","30","     1.7"," ","S","30","     1.1"," ","S","30","     0.8"," ","S","30","     0.1"," ","S","30","     0.0"," ","S","30","     0.3"," ","S","30","     0.7"," ","S","30","     1.7"," ","S","30","     3.1"," ","S","30","     9.6"," ","S","30","    29.2"," ","S","30","    21.5"," ","S","30","    15.9"," ","S","30","    11.4"," ","S","30","     7.7"," ","S","30","     1.3"," ","S","30","     0.0"," ","S","30","     1.0"," ","S","30","     3.0"," ","S","30","     5.0"," ","S","30"
"USC00118740","02-15"," 40.0839"," -88.2403"," 219.8","CHAMPAIGN 3S, IL US","02","15","99","    29.7"," ","S","30","    38.3"," ","S","30","    21.1"," ","S","30","    17.2"," ","S","30","    11.0"," ","S","30","    12.3"," ","S","30","    11.0"," ","S","30","     7.3"," ","S","30","    35.3"," ","S","30","    11.2"," ","S","30","    15.6"," ","S","30","    20.4"," ","S","30","    25.3"," ","S","30","    27.3"," ","S","30","    30.3"," ","S","30","     0.0"," ","S","30","     0.9"," ","S","30","     0.3"," ","S","30","     0.1"," ","S","30","     0.0","X","S","30","     0.0","X","S","30","     0.0"," ","S","30","     0.0"," ","S","30","     0.0"," ","S","30","     0.0"," ","S","30","     0.9"," ","S","30","     0.3"," ","S","30","     0.1"," ","S","30","     0.0","X","S","30","     0.0","X","S","30","     0.0"," ","S","30","     0.0"," ","S","30","     0.0"," ","S","30","     0.8"," ","S","30","     0.6"," ","S","30","    31.9"," ","S","30","    16.1"," ","S","30","     9.2"," ","S","30","     4.5"," ","S","30","     1.2"," ","S","30","     0.3"," ","S","30","     0.0"," ","S","30","     0.0"," ","S","30","    0.04"," ","S","30","    0.10"," ","S","30","    0.30"," ","S","30","    1.09"," ","S","29","    3.40"," ","S","29","    15.1"," ","S","30","     6.4"," ","S","30","     3.0"," ","S","30","     1.7"," ","S","30","     1.1"," ","S","30","     0.8"," ","S","30","     0.1"," ","S","30","     0.0"," ","S","30","     0.3"," ","S","30","     0.8"," ","S","30","     1.7"," ","S","30","     3.3"," ","S","30","     9.8"," ","S","30","    28.5"," ","S","30","    21.0"," ","S","30","    15.6"," ","S","30","    11.3"," ","S","30","     7.6"," ","S","30","     1.3"," ","S","30","     0.0"," ","S","30","     1.0"," ","S","30","     3.0"," ","S","30","     5.0"," ","S","30"
"USC00118740","02-16"," 40.0839"," -88.2403"," 219.8","CHAMPAIGN 3S, IL US","02","16","99","    30.0"," ","S","30","    38.6"," ","S","30","    21.4"," ","S","30","    17.2"," ","S","30","    11.0"," ","S","30","    12.3"," ","S","30","    10.9"," ","S","30","     7.4"," ","S","30","    35.0"," ","S","30","    10.9"," ","S","30","    15.3"," ","S","30","    20.1"," ","S","30","    25.0"," ","S","30","    27.0"," ","S","30","    30.0"," ","S","30","     0.0"," ","S","30","     1.0"," ","S","30","     0.4"," ","S","30","     0.1"," ","S","30","     0.0","X","S","30","     0.0","X","S","30","     0.0"," ","S","30","     0.0"," ","S","30","     0.0"," ","S","30","     0.0"," ","S","30","     1.0"," ","S","30","     0.4"," ","S","30","     0.1"," ","S","30","     0.0","X","S","30","     0.0","X","S","30","     0.0"," ","S","30","     0.0"," ","S","30","     0.0"," ","S","30","     0.8"," ","S","30","     0.6"," ","S","30","    32.0"," ","S","30","    16.2"," ","S","30","     9.3"," ","S","30","     4.5"," ","S","30","     1.2"," ","S","30","     0.3"," ","S","30","     0.0"," ","S","30","     0.0"," ","S","30","    0.04"," ","S","30","    0.10"," ","S","30","    0.30"," ","S","30","    1.17"," ","S","29","    3.48"," ","S","29","    14.8"," ","S","30","     6.4"," ","S","30","     2.9"," ","S","30","     1.6"," ","S","30","     1.0"," ","S","30","     0.8"," ","S","30","     0.1"," ","S","30","     0.0"," ","S","30","     0.3"," ","S","30","     0.8"," ","S","30","     1.7"," ","S","30","     3.5"," ","S","30","    10.0"," ","S","30","    27.8"," ","S","30","    20.5"," ","S","30","    15.4"," ","S","30","    11.1"," ","S","30","     7.5"," ","S","30","     1.3"," ","S","30","     0.0"," ","S","30","     1.0"," ","S","30","     3.0"," ","S","30","     5.0"," ","S","30"
"USC00118740","02-17"," 40.0839"," -88.2403"," 219.8","CHAMPAIGN 3S, IL US","02","17","99","    30.4"," ","S","30","    39.0"," ","S","30","    21.8"," ","S","30","    17.2"," ","S","30","    11.0"," ","S","30","    12.3"," ","S","30","    10.9"," ","S","30","     7.4"," ","S","30","    34.6"," ","S","30","    10.6"," ","S","30","    15.0"," ","S","30","    19.7"," ","S","30","    24.6"," ","S","30","    26.6"," ","S","30","    29.6"," ","S","30","     0.0"," ","S","30","     1.0"," ","S","30","     0.4"," ","S","30","     0.1"," ","S","30","     0.0","X","S","30","     0.0","X","S","30","     0.0"," ","S","30","     0.0"," ","S","30","     0.0"," ","S","30","     0.0"," ","S","30","     1.0"," ","S","30","     0.4"," ","S","30","     0.1"," ","S","30","     0.0","X","S","30","     0.0","X","S","30","     0.0"," ","S","30","     0.0"," ","S","30","     0.0"," ","S","30","     0.9"," ","S","30","     0.7"," ","S","30","    32.2"," ","S","30","    16.3"," ","S","30","     9.3"," ","S","30","     4.6"," ","S","30","     1.2"," ","S","30","     0.3"," ","S","30","     0.0"," ","S","30","     0.0"," ","S","30","    0.04"," ","S","30","    0.10"," ","S","30","    0.30"," ","S","30","    1.25"," ","S","29","    3.56"," ","S","29","    14.6"," ","S","30","     6.3"," ","S","30","     2.9"," ","S","30","     1.6"," ","S","30","     1.0"," ","S","30","     0.7"," ","S","30","     0.1"," ","S","30","     0.0"," ","S","30","     0.3"," ","S","30","     0.8"," ","S","30","     1.7"," ","S","30","     3.7"," ","S","30","    10.2"," ","S","30","    27.2"," ","S","30","    20.0"," ","S","30","    15.1"," ","S","30","    10.9"," ","S","30","     7.4"," ","S","30","     1.4"," ","S","30","     0.0"," ","S","30","     1.0"," ","S","30","     3.0"," ","S","30","     5.0"," ","S","30"
"USC00118740","02-18"," 40.0839"," -88.2403"," 219.8","CHAMPAIGN 3S, IL US","02","18","99","    30.7"," ","S","30","    39.3"," ","S","30","    22.1"," ","S","30","    17.2"," ","S","30","    11.0"," ","S","30","    12.4"," ","S","30","    10.8"," ","S","30","     7.4"," ","S","30","    34.3"," ","S","30","    10.4"," ","S","30","    14.7"," ","S","30","    19.4"," ","S","30","    24.3"," ","S","30","    26.3"," ","S","30","    29.3"," ","S","30","     0.0"," ","S","30","     1.1"," ","S","30","     0.4"," ","S","30","     0.1"," ","S","30","     0.0","X","S","30","     0.0","X","S","30","     0.0"," ","S","30","     0.0"," ","S","30","     0.0"," ","S","30","     0.0"," ","S","30","     1.1"," ","S","30","     0.4"," ","S","30","     0.1"," ","S","30","     0.0","X","S","30","     0.0","X","S","30","     0.0"," ","S","30","     0.0"," ","S","30","     0.0"," ","S","30","     0.9"," ","S","30","     0.7"," ","S","30","    32.3"," ","S","30","    16.4"," ","S","30","     9.4"," ","S","30","     4.6"," ","S","30","     1.3"," ","S","30","     0.3"," ","S","30","     0.0"," ","S","30","     0.0"," ","S","30","    0.04"," ","S","30","    0.10"," ","S","30","    0.30"," ","S","30","    1.33"," ","S","29","    3.64"," ","S","29","    14.3"," ","S","30","     6.2"," ","S","30","     2.8"," ","S","30","     1.6"," ","S","30","     1.0"," ","S","30","     0.7"," ","S","30","     0.1"," ","S","30","     0.0"," ","S","30","     0.3"," ","S","30","     0.7"," ","S","30","     1.7"," ","S","30","     3.9"," ","S","30","    10.4"," ","S","30","    26.5"," ","S","30","    19.5"," ","S","30","    14.8"," ","S","30","    10.7"," ","S","30","     7.3"," ","S","30","     1.4"," ","S","30","     0.0"," ","S","30","     1.0"," ","S","30","     3.0"," ","S","30","     5.0"," ","S","30"
"USC00118740","02-19"," 40.0839"," -88.2403"," 219.8","CHAMPAIGN 3S, IL US","02","19","99","    31.1"," ","S","30","    39.7"," ","S","30","    22.5"," ","S","30","    17.3"," ","S","30","    11.0"," ","S","30","    12.4"," ","S","30","    10.8"," ","S","30","     7.4"," ","S","30","    33.9"," ","S","30","    10.1"," ","S","30","    14.4"," ","S","30","    19.1"," ","S","30","    23.9"," ","S","30","    25.9"," ","S","30","    28.9"," ","S","30","     0.0"," ","S","30","     1.2"," ","S","30","     0.5"," ","S","30","     0.2"," ","S","30","     0.0","X","S","30","     0.0","X","S","30","     0.0"," ","S","30","     0.0"," ","S","30","     0.0"," ","S","30","     0.0"," ","S","30","     1.2"," ","S","30","     0.5"," ","S","30","     0.2"," ","S","30","     0.0","X","S","30","     0.0","X","S","30","     0.0"," ","S","30","     0.0"," ","S","30","     0.0"," ","S","30","     1.0"," ","S","30","     0.8"," ","S","30","    32.3"," ","S","30","    16.4"," ","S","30","     9.4"," ","S","30","     4.6"," ","S","30","     1.3"," ","S","30","     0.3"," ","S","30","     0.0"," ","S","30","     0.0"," ","S","30","    0.04"," ","S","30","    0.10"," ","S","30","    0.30"," ","S","30","    1.42"," ","S","29","    3.73"," ","S","29","    14.1"," ","S","30","     6.1"," ","S","30","     2.8"," ","S","30","     1.6"," ","S","30","     1.0"," ","S","30","     0.7"," ","S","30","     0.1"," ","S","30","     0.0"," ","S","30","     0.3"," ","S","30","     0.7"," ","S","30","     1.7"," ","S","30","     4.1"," ","S","30","    10.6"," ","S","30","    25.8"," ","S","30","    19.1"," ","S","30","    14.5"," ","S","30","    10.4"," ","S","30","     7.1"," ","S","30","     1.4"," ","S","30","     0.0"," ","S","30","     1.0"," ","S","30","     3.0"," ","S","30","     5.0"," ","S","30"
"USC00118740","02-20"," 40.0839"," -88.2403"," 219.8","CHAMPAIGN 3S, IL US","02","20","99","    31.5"," ","S","30","    40.1"," ","S","30","    22.8"," ","S","30","    17.3"," ","S","30","    10.9"," ","S","30","    12.4"," ","S","30","    10.7"," ","S","30","     7.4"," ","S","30","    33.5"," ","S","30","     9.8"," ","S","30","    14.1"," ","S","30","    18.7"," ","S","30","    23.6"," ","S","30","    25.6"," ","S","30","    28.5"," ","S","30","     0.0"," ","S","30","     1.3"," ","S","30","     0.5"," ","S","30","     0.2"," ","S","30","     0.0","X","S","30","     0.0","X","S","30","     0.0","X","S","30","     0.0"," ","S","30","     0.0"," ","S","30","     0.0"," ","S","30","     1.3"," ","S","30","     0.5"," ","S","30","     0.2"," ","S","30","     0.0","X","S","30","     0.0","X","S","30","     0.0","X","S","30","     0.0"," ","S","30","     0.0"," ","S","30","     1.1"," ","S","30","     0.8"," ","S","30","    32.5"," ","S","30","    16.5"," ","S","30","     9.4"," ","S","30","     4.7"," ","S","30","     1.3"," ","S","30","     0.3"," ","S","30","     0.0"," ","S","30","     0.0"," ","S","30","    0.04"," ","S","30","    0.10"," ","S","30","    0.30"," ","S","30","    1.50"," ","S","29","    3.81"," ","S","29","    13.9"," ","S","30","     6.0"," ","S","30","     2.8"," ","S","30","     1.6"," ","S","30","     1.0"," ","S","30","     0.7"," ","S","30","     0.1"," ","S","30","     0.0"," ","S","30","     0.3"," ","S","30","     0.7"," ","S","30","     1.7"," ","S","30","     4.3"," ","S","30","    10.8"," ","S","30","    25.2"," ","S","30","    18.6"," ","S","30","    14.1"," ","S","30","    10.2"," ","S","30","     7.0"," ","S","30","     1.4"," ","S","30","     0.0"," ","S","30","     1.0"," ","S","30","     3.0"," ","S","30","     5.0"," ","S","30"
"USC00118740","02-21"," 40.0839"," -88.2403"," 219.8","CHAMPAIGN 3S, IL US","02","21","99","    31.8"," ","S","30","    40.5"," ","S","30","    23.2"," ","S","30","    17.3"," ","S","30","    10.9"," ","S","30","    12.4"," ","S","30","    10.6"," ","S","30","     7.4"," ","S","30","    33.2"," ","S","30","     9.6"," ","S","30","    13.7"," ","S","30","    18.4"," ","S","30","    23.2"," ","S","30","    25.2"," ","S","30","    28.2"," ","S","30","     0.0"," ","S","30","     1.4"," ","S","30","     0.6"," ","S","30","     0.2"," ","S","30","     0.0","X","S","30","     0.0","X","S","30","     0.0","X","S","30","     0.0"," ","S","30","     0.0"," ","S","30","     0.0"," ","S","30","     1.4"," ","S","30","     0.6"," ","S","30","     0.2"," ","S","30","     0.0","X","S","30","     0.0","X","S","30","     0.0","X","S","30","     0.0"," ","S","30","     0.0"," ","S","30","     1.2"," ","S","30","     0.9"," ","S","30","    32.6"," ","S","30","    16.6"," ","S","30","     9.5"," ","S","30","     4.7"," ","S","30","     1.3"," ","S","30","     0.3"," ","S","30","     0.0"," ","S","30","     0.0"," ","S","30","    0.04"," ","S","30","    0.10"," ","S","30","    0.31"," ","S","30","    1.58"," ","S","29","    3.89"," ","S","29","    13.7"," ","S","30","     5.9"," ","S","30","     2.7"," ","S","30","     1.6"," ","S","30","     1.0"," ","S","30","     0.7"," ","S","30","     0.1"," ","S","30","     0.0"," ","S","30","     0.2"," ","S","30","     0.7"," ","S","30","     1.7"," ","S","30","     4.5"," ","S","30","    11.0"," ","S","30","    24.6"," ","S","30","    18.1"," ","S","30","    13.8"," ","S","30","     9.9"," ","S","30","     6.8"," ","S","30","     1.4"," ","S","30","     0.0"," ","S","30","     1.0"," ","S","30","     3.0"," ","S","30","     5.0"," ","S","30"
"USC00118740","02-22"," 40.0839"," -88.2403"," 219.8","CHAMPAIGN 3S, IL US","02","22","99","    32.2"," ","S","30","    40.9"," ","S","30","    23.5"," ","S","30","    17.3"," ","S","30","    10.9"," ","S","30","    12.4"," ","S","30","    10.6"," ","S","30","     7.5"," ","S","30","    32.8"," ","S","30","     9.3"," ","S","30","    13.4"," ","S","30","    18.0"," ","S","30","    22.8"," ","S","30","    24.8"," ","S","30","    27.8"," ","S","30","     0.0"," ","S","30","     1.5"," ","S","30","     0.6"," ","S","30","     0.2"," ","S","30","     0.0","X","S","30","     0.0","X","S","30","     0.0","X","S","30","     0.0"," ","S","30","     0.0"," ","S","30","     0.0"," ","S","30","     1.5"," ","S","30","     0.6"," ","S","30","     0.2"," ","S","30","     0.0","X","S","30","     0.0","X","S","30","     0.0","X","S","30","     0.0"," ","S","30","     0.0"," ","S","30","     1.2"," ","S","30","     1.0"," ","S","30","    32.7"," ","S","30","    16.7"," ","S","30","     9.6"," ","S","30","     4.7"," ","S","30","     1.4"," ","S","30","     0.3"," ","S","30","     0.0"," ","S","30","     0.0"," ","S","30","    0.04"," ","S","30","    0.10"," ","S","30","    0.31"," ","S","30","    1.66"," ","S","29","    3.97"," ","S","29","    13.5"," ","S","30","     5.8"," ","S","30","     2.7"," ","S","30","     1.6"," ","S","30","     0.9"," ","S","30","     0.7"," ","S","30","     0.1"," ","S","30","     0.0"," ","S","30","     0.2"," ","S","30","     0.7"," ","S","30","     1.7"," ","S","30","     4.7"," ","S","30","    11.2"," ","S","30","    24.0"," ","S","30","    17.7"," ","S","30","    13.5"," ","S","30","     9.6"," ","S","30","     6.6"," ","S","30","     1.4"," ","S","30","     0.0"," ","S","30","     1.0"," ","S","30","     3.0"," ","S","30","     5.0"," ","S","30"
"USC00118740","02-23"," 40.0839"," -88.2403"," 219.8","CHAMPAIGN 3S, IL US","02","23","99","    32.6"," ","S","30","    41.3"," ","S","30","    23.9"," ","S","30","    17.4"," ","S","30","    10.9"," ","S","30","    12.4"," ","S","30","    10.5"," ","S","30","     7.5"," ","S","30","    32.4"," ","S","30","     9.0"," ","S","30","    13.1"," ","S","30","    17.6"," ","S","30","    22.5"," ","S","30","    24.4"," ","S","30","    27.4"," ","S","30","     0.0"," ","S","30","     1.6"," ","S","30","     0.7"," ","S","30","     0.2"," ","S","30","     0.0","X","S","30","     0.0","X","S","30","     0.0","X","S","30","     0.0"," ","S","30","     0.0"," ","S","30","     0.0"," ","S","30","     1.6"," ","S","30","     0.7"," ","S","30","     0.2"," ","S","30","     0.0","X","S","30","     0.0","X","S","30","     0.0","X","S","30","     0.0"," ","S","30","     0.0"," ","S","30","     1.3"," ","S","30","     1.0"," ","S","30","    32.8"," ","S","30","    16.7"," ","S","30","     9.6"," ","S","30","     4.7"," ","S","30","     1.4"," ","S","30","     0.3"," ","S","30","     0.0"," ","S","30","     0.0"," ","S","30","    0.04"," ","S","30","    0.10"," ","S","30","    0.31"," ","S","30","    1.74"," ","S","29","    4.05"," ","S","29","    13.2"," ","S","30","     5.7"," ","S","30","     2.6"," ","S","30","     1.6"," ","S","30","     0.9"," ","S","30","     0.7"," ","S","30","     0.1"," ","S","30","     0.0"," ","S","30","     0.2"," ","S","30","     0.7"," ","S","30","     1.7"," ","S","30","     4.9"," ","S","30","    11.4"," ","S","30","    23.3"," ","S","30","    17.3"," ","S","30","    13.2"," ","S","30","     9.3"," ","S","30","     6.4"," ","S","30","     1.4"," ","S","30","     0.0"," ","S","30","     1.0"," ","S","30","     3.0"," ","S","30","     5.0"," ","S","30"
"USC00118740","02-24"," 40.0839"," -88.2403"," 219.8","CHAMPAIGN 3S, IL US","02","24","99","    33.0"," ","S","30","    41.7"," ","S","30","    24.3"," ","S","30","    17.4"," ","S","30","    10.9"," ","S","30","    12.5"," ","S","30","    10.5"," ","S","30","     7.5"," ","S","30","    32.0"," ","S","30","     8.7"," ","S","30","    12.7"," ","S","30","    17.3"," ","S","30","    22.1"," ","S","30","    24.1"," ","S","30","    27.0"," ","S","30","     0.0"," ","S","30","     1.7"," ","S","30","     0.7"," ","S","30","     0.3"," ","S","30","     0.1"," ","S","30","     0.0","X","S","30","     0.0","X","S","30","     0.0"," ","S","30","     0.0"," ","S","30","     0.0"," ","S","30","     1.7"," ","S","30","     0.7"," ","S","30","     0.3"," ","S","30","     0.1"," ","S","30","     0.0","X","S","30","     0.0","X","S","30","     0.0"," ","S","30","     0.0"," ","S","30","     1.4"," ","S","30","     1.1"," ","S","30","    32.9"," ","S","30","    16.7"," ","S","30","     9.6"," ","S","30","     4.7"," ","S","30","     1.4"," ","S","30","     0.3"," ","S","30","     0.0"," ","S","30","     0.0"," ","S","30","    0.04"," ","S","30","    0.10"," ","S","30","    0.31"," ","S","30","    1.83"," ","S","29","    4.14"," ","S","29","    13.0"," ","S","30","     5.6"," ","S","30","     2.6"," ","S","30","     1.5"," ","S","30","     0.9"," ","S","30","     0.6"," ","S","30","     0.1"," ","S","30","     0.0"," ","S","30","     0.2"," ","S","30","     0.7"," ","S","30","     1.7"," ","S","30","     5.1"," ","S","30","    11.6"," ","S","30","    22.7"," ","S","30","    16.8"," ","S","30","    12.8"," ","S","30","     9.0"," ","S","30","     6.2"," ","S","30","     1.4"," ","S","30","     0.0"," ","S","30","     1.0"," ","S","30","     3.0"," ","S","30","     5.0"," ","S","30"
"USC00118740","02-25"," 40.0839"," -88.2403"," 219.8","CHAMPAIGN 3S, IL US","02","25","99","    33.4"," ","S","30","    42.1"," ","S","30","    24.6"," ","S","30","    17.4"," ","S","30","    10.9"," ","S","30","    12.5"," ","S","30","    10.4"," ","S","30","     7.6"," ","S","30","    31.6"," ","S","30","     8.4"," ","S","30","    12.4"," ","S","30","    16.9"," ","S","30","    21.7"," ","S","30","    23.7"," ","S","30","    26.6"," ","S","30","     0.0"," ","S","30","     1.8"," ","S","30","     0.8"," ","S","30","     0.3"," ","S","30","     0.1"," ","S","30","     0.0","X","S","30","     0.0","X","S","30","     0.0"," ","S","30","     0.0"," ","S","30","     0.0"," ","S","30","     1.8"," ","S","30","     0.8"," ","S","30","     0.3"," ","S","30","     0.1"," ","S","30","     0.0","X","S","30","     0.0","X","S","30","     0.0"," ","S","30","     0.0"," ","S","30","     1.4"," ","S","30","     1.1"," ","S","30","    33.0"," ","S","30","    16.8"," ","S","30","     9.7"," ","S","30","     4.8"," ","S","30","     1.4"," ","S","30","     0.2"," ","S","30","     0.0"," ","S","30","     0.0"," ","S","30","    0.04"," ","S","30","    0.10"," ","S","30","    0.31"," ","S","30","    1.92"," ","S","29","    4.23"," ","S","29","    12.8"," ","S","30","     5.5"," ","S","30","     2.5"," ","S","30","     1.5"," ","S","30","     0.9"," ","S","30","     0.6"," ","S","30","     0.1"," ","S","30","     0.0"," ","S","30","     0.2"," ","S","30","     0.7"," ","S","30","     1.7"," ","S","30","     5.3"," ","S","30","    11.8"," ","S","30","    22.1"," ","S","30","    16.3"," ","S","30","    12.4"," ","S","30","     8.7"," ","S","30","     6.0"," ","S","30","     1.4"," ","S","30","     0.0"," ","S","30","     1.0"," ","S","30","     3.0"," ","S","30","     5.0"," ","S","30"
"USC00118740","02-26"," 40.0839"," -88.2403"," 219.8","CHAMPAIGN 3S, IL US","02","26","99","    33.8"," ","S","30","    42.5"," ","S","30","    25.0"," ","S","30","    17.5"," ","S","30","    10.9"," ","S","30","    12.5"," ","S","30","    10.4"," ","S","30","     7.6"," ","S","30","    31.2"," ","S","30","     8.1"," ","S","30","    12.1"," ","S","30","    16.6"," ","S","30","    21.3"," ","S","30","    23.3"," ","S","30","    26.3"," ","S","30","     0.0"," ","S","30","     1.9"," ","S","30","     0.8"," ","S","30","     0.3"," ","S","30","     0.1"," ","S","30","     0.1"," ","S","30","     0.0","X","S","30","     0.0"," ","S","30","     0.0"," ","S","30","     0.0"," ","S","30","     1.9"," ","S","30","     0.8"," ","S","30","     0.3"," ","S","30","     0.1"," ","S","30","     0.1"," ","S","30","     0.0","X","S","30","     0.0"," ","S","30","     0.0"," ","S","30","     1.5"," ","S","30","     1.2"," ","S","30","    33.1"," ","S","30","    16.8"," ","S","30","     9.7"," ","S","30","     4.8"," ","S","30","     1.4"," ","S","30","     0.2"," ","S","30","     0.0"," ","S","30","     0.0"," ","S","30","    0.04"," ","S","30","    0.10"," ","S","30","    0.31"," ","S","30","    2.00"," ","S","29","    4.31"," ","S","29","    12.5"," ","S","30","     5.3"," ","S","30","     2.5"," ","S","30","     1.5"," ","S","30","     0.8"," ","S","30","     0.6"," ","S","30","     0.1"," ","S","30","     0.0"," ","S","30","     0.2"," ","S","30","     0.7"," ","S","30","     1.7"," ","S","30","     5.4"," ","S","30","    11.9"," ","S","30","    21.4"," ","S","30","    15.7"," ","S","30","    12.0"," ","S","30","     8.4"," ","S","30","     5.7"," ","S","30","     1.4"," ","S","30","     0.0"," ","S","30","     1.0"," ","S","30","     3.0"," ","S","30","     5.0"," ","S","30"
"USC00118740","02-27"," 40.0839"," -88.2403"," 219.8","CHAMPAIGN 3S, IL US","02","27","99","    34.1"," ","S","30","    42.9"," ","S","30","    25.4"," ","S","30","    17.5"," ","S","30","    10.9"," ","S","30","    12.6"," ","S","30","    10.3"," ","S","30","     7.6"," ","S","30","    30.9"," ","S","30","     7.9"," ","S","30","    11.8"," ","S","30","    16.2"," ","S","30","    21.0"," ","S","30","    22.9"," ","S","30","    25.9"," ","S","30","     0.0"," ","S","30","     2.0"," ","S","30","     0.9"," ","S","30","     0.4"," ","S","30","     0.1"," ","S","30","     0.1"," ","S","30","     0.0","X","S","30","     0.0"," ","S","30","     0.0"," ","S","30","     0.0"," ","S","30","     2.0"," ","S","30","     0.9"," ","S","30","     0.4"," ","S","30","     0.1"," ","S","30","     0.1"," ","S","30","     0.0","X","S","30","     0.0"," ","S","30","     0.0"," ","S","30","     1.6"," ","S","30","     1.3"," ","S","30","    33.1"," ","S","30","    16.9"," ","S","30","     9.8"," ","S","30","     4.8"," ","S","30","     1.4"," ","S","30","     0.2"," ","S","30","     0.0"," ","S","30","     0.0"," ","S","30","    0.04"," ","S","30","    0.10"," ","S","30","    0.31"," ","S","30","    2.09"," ","S","29","    4.40"," ","S","29","    12.2"," ","S","30","     5.2"," ","S","30","     2.4"," ","S","30","     1.4"," ","S","30","     0.8"," ","S","30","     0.6"," ","S","30","     0.1"," ","S","30","     0.0"," ","S","30","     0.2"," ","S","30","     0.7"," ","S","30","     1.7"," ","S","30","     5.6"," ","S","30","    12.1"," ","S","30","    20.7"," ","S","30","    15.2"," ","S","30","    11.6"," ","S","30","     8.1"," ","S","30","     5.5"," ","S","30","     1.4"," ","S","30","     0.0"," ","S","30","     1.0"," ","S","30","     3.0"," ","S","30","     5.0"," ","S","30"
"USC00118740","02-28"," 40.0839"," -88.2403"," 219.8","CHAMPAIGN 3S, IL US","02","28","99","    34.5"," ","S","30","    43.3"," ","S","30","    25.7"," ","S","30","    17.6"," ","S","30","    10.8"," ","S","30","    12.6"," ","S","30","    10.3"," ","S","30","     7.7"," ","S","30","    30.5"," ","S","30","     7.6"," ","S","30","    11.5"," ","S","30","    15.9"," ","S","30","    20.6"," ","S","30","    22.5"," ","S","30","    25.5"," ","S","30","     0.0"," ","S","30","     2.2"," ","S","30","     1.0"," ","S","30","     0.4"," ","S","30","     0.1"," ","S","30","     0.1"," ","S","30","     0.0","X","S","30","     0.0"," ","S","30","     0.0"," ","S","30","     0.0"," ","S","30","     2.2"," ","S","30","     1.0"," ","S","30","     0.4"," ","S","30","     0.1"," ","S","30","     0.1"," ","S","30","     0.0","X","S","30","     0.0"," ","S","30","     0.0"," ","S","30","     1.7"," ","S","30","     1.4"," ","S","30","    33.2"," ","S","30","    16.9"," ","S","30","     9.8"," ","S","30","     4.9"," ","S","30","     1.4"," ","S","30","     0.2"," ","S","30","     0.0"," ","S","30","     0.0"," ","S","30","    0.04"," ","S","30","    0.10"," ","S","30","    0.32"," ","S","30","    2.18"," ","S","29","    4.49"," ","S","29","    12.0"," ","S","30","     5.0"," ","S","30","     2.3"," ","S","30","     1.4"," ","S","30","     0.8"," ","S","30","     0.6"," ","S","30","     0.1"," ","S","30","     0.0"," ","S","30","     0.2"," ","S","30","     0.7"," ","S","30","     1.7"," ","S","30","     5.8"," ","S","30","    12.3"," ","S","30","    19.9"," ","S","30","    14.7"," ","S","30","    11.2"," ","S","30","     7.8"," ","S","30","     5.3"," ","S","30","     1.3"," ","S","30","     0.0"," ","S","30","     1.0"," ","S","30","     3.0"," ","S","30","     5.0"," ","S","30"
"USC00118740","02-29"," 40.0839"," -88.2403"," 219.8","CHAMPAIGN 3S, IL US","02","29","99","    34.7"," ","S","30","    43.6"," ","S","30","    25.9"," ","S","30","    17.6"," ","S","30","    10.8"," ","S","30","    12.6"," ","S","30","    10.2"," ","S","30","     7.7"," ","S","30","    30.3"," ","S","30","     7.5"," ","S","30","    11.3"," ","S","30","    15.7"," ","S","30","    20.4"," ","S","30","    22.3"," ","S","30","    25.3"," ","S","30","     0.0"," ","S","30","     2.2"," ","S","30","     1.1"," ","S","30","     0.4"," ","S","30","     0.1"," ","S","30","     0.1"," ","S","30","     0.0","X","S","30","     0.0"," ","S","30","     0.0"," ","S","30","     0.0"," ","S","30","     2.2"," ","S","30","     1.1"," ","S","30","     0.4"," ","S","30","     0.1"," ","S","30","     0.1"," ","S","30","     0.0","X","S","30","     0.0"," ","S","30","     0.0"," ","S","30","     1.7"," ","S","30","     1.4"," ","S","30","    33.3"," ","S","30","    17.0"," ","S","30","     9.9"," ","S","30","     4.9"," ","S","30","     1.4"," ","S","30","     0.2"," ","S","30","     0.0"," ","S","30","     0.0"," ","S","30","    0.04"," ","S","30","    0.10"," ","S","30","    0.32"," ","S","30","-9999.00","M"," "," 0","-9999.00","M"," "," 0","    11.7"," ","S","30","     4.9"," ","S","30","     2.3"," ","S","30","     1.4"," ","S","30","     0.8"," ","S","30","     0.5"," ","S","30","     0.1"," ","S","30","     0.0"," ","S","30","     0.2"," ","S","30","     0.7"," ","S","30","     1.7"," ","S","30"," -9999.0","M"," "," 0"," -9999.0","M"," "," 0","    19.2"," ","S","30","    14.1"," ","S","30","    10.7"," ","S","30","     7.5"," ","S","30","     5.1"," ","S","30","     1.3"," ","S","30","     0.0"," ","S","30","     1.0"," ","S","30","     3.0"," ","S","30","     5.0"," ","S","30"
"USC00118740","03-01"," 40.0839"," -88.2403"," 219.8","CHAMPAIGN 3S, IL US","03","01","99","    34.9"," ","S","29","    43.8"," ","S","29","    26.1"," ","S","29","    17.7"," ","S","29","    10.8"," ","S","29","    12.6"," ","S","29","    10.2"," ","S","29","     7.7"," ","S","29","    30.1"," ","S","29","     7.4"," ","S","29","    11.2"," ","S","29","    15.5"," ","S","29","    20.2"," ","S","29","    22.2"," ","S","29","    25.1"," ","S","29","     0.0"," ","S","29","     2.3"," ","S","29","     1.1"," ","S","29","     0.5"," ","S","29","     0.2"," ","S","29","     0.1"," ","S","29","     0.0","X","S","29","     0.0"," ","S","29","     0.0"," ","S","29","     0.0"," ","S","29","     2.3"," ","S","29","     1.1"," ","S","29","     0.5"," ","S","29","     0.2"," ","S","29","     0.1"," ","S","29","     0.0","X","S","29","     0.0"," ","S","29","     0.0"," ","S","29","     1.8"," ","S","29","     1.4"," ","S","29","    33.4"," ","S","30","    17.1"," ","S","30","    10.0"," ","S","30","     5.0"," ","S","30","     1.4"," ","S","30","     0.2"," ","S","30","     0.0"," ","S","30","     0.0"," ","S","30","    0.04"," ","S","30","    0.10"," ","S","30","    0.32"," ","S","30","    0.09"," ","S","30","    4.58"," ","S","30","    11.4"," ","S","30","     4.7"," ","S","30","     2.2"," ","S","30","     1.3"," ","S","30","     0.8"," ","S","30","     0.5"," ","S","30","     0.1"," ","S","30","     0.0"," ","S","30","     0.2"," ","S","30","     0.7"," ","S","30","     1.7"," ","S","30","     0.1"," ","S","30","    12.4"," ","S","30","    18.4"," ","S","30","    13.5"," ","S","30","    10.3"," ","S","30","     7.2"," ","S","30","     4.9"," ","S","30","     1.3"," ","S","30","     0.0"," ","S","30","     1.0"," ","S","30","     3.0"," ","S","30","     5.0"," ","S","30"
"USC00118740","03-02"," 40.0839"," -88.2403"," 219.8","CHAMPAIGN 3S, IL US","03","02","99","    35.3"," ","S","29","    44.2"," ","S","29","    26.5"," ","S","29","    17.7"," ","S","29","    10.8"," ","S","29","    12.6"," ","S","29","    10.2"," ","S","29","     7.7"," ","S","29","    29.7"," ","S","29","     7.1"," ","S","29","    10.8"," ","S","29","    15.2"," ","S","29","    19.8"," ","S","29","    21.8"," ","S","29","    24.7"," ","S","29","     0.0"," ","S","29","     2.5"," ","S","29","     1.2"," ","S","29","     0.5"," ","S","29","     0.2"," ","S","29","     0.1"," ","S","29","     0.0","X","S","29","     0.0"," ","S","29","     0.0"," ","S","29","     0.0"," ","S","29","     2.5"," ","S","29","     1.2"," ","S","29","     0.5"," ","S","29","     0.2"," ","S","29","     0.1"," ","S","29","     0.0","X","S","29","     0.0"," ","S","29","     0.0"," ","S","29","     1.9"," ","S","29","     1.5"," ","S","29","    33.4"," ","S","30","    17.1"," ","S","30","    10.0"," ","S","30","     5.0"," ","S","30","     1.4"," ","S","30","     0.2"," ","S","30","     0.0"," ","S","30","     0.0"," ","S","30","    0.04"," ","S","30","    0.10"," ","S","30","    0.32"," ","S","30","    0.17"," ","S","30","    4.66"," ","S","30","    11.1"," ","S","30","     4.5"," ","S","30","     2.1"," ","S","30","     1.3"," ","S","30","     0.7"," ","S","30","     0.5"," ","S","30","     0.1"," ","S","30","     0.0"," ","S","30","     0.2"," ","S","30","     0.7"," ","S","30","     1.7"," ","S","30","     0.3"," ","S","30","    12.6"," ","S","30","    17.6"," ","S","30","    13.0"," ","S","30","     9.8"," ","S","30","     6.8"," ","S","30","     4.6"," ","S","30","     1.2"," ","S","30","     0.0"," ","S","30","     1.0"," ","S","30","     3.0"," ","S","30","     5.0"," ","S","30"
"USC00118740","03-03"," 40.0839"," -88.2403"," 219.8","CHAMPAIGN 3S, IL US","03","03","99","    35.7"," ","S","29","    44.6"," ","S","29","    26.8"," ","S","29","    17.8"," ","S","29","    10.8"," ","S","29","    12.6"," ","S","29","    10.1"," ","S","29","     7.7"," ","S","29","    29.3"," ","S","29","     6.9"," ","S","29","    10.5"," ","S","29","    14.8"," ","S","29","    19.5"," ","S","29","    21.4"," ","S","29","    24.3"," ","S","29","     0.0"," ","S","29","     2.6"," ","S","29","     1.2"," ","S","29","     0.5"," ","S","29","     0.2"," ","S","29","     0.1"," ","S","29","     0.0","X","S","29","     0.0"," ","S","29","     0.0"," ","S","29","     0.0"," ","S","29","     2.6"," ","S","29","     1.2"," ","S","29","     0.5"," ","S","29","     0.2"," ","S","29","     0.1"," ","S","29","     0.0","X","S","29","     0.0"," ","S","29","     0.0"," ","S","29","     2.0"," ","S","29","     1.6"," ","S","29","    33.5"," ","S","30","    17.2"," ","S","30","    10.1"," ","S","30","     5.1"," ","S","30","     1.4"," ","S","30","     0.2"," ","S","30","     0.0"," ","S","30","     0.0"," ","S","30","    0.04"," ","S","30","    0.10"," ","S","30","    0.33"," ","S","30","    0.26"," ","S","30","    4.75"," ","S","30","    10.8"," ","S","30","     4.4"," ","S","30","     2.1"," ","S","30","     1.3"," ","S","30","     0.7"," ","S","30","     0.5"," ","S","30","     0.1"," ","S","30","     0.0"," ","S","30","     0.2"," ","S","30","     0.7"," ","S","30","     1.8"," ","S","30","     0.4"," ","S","30","    12.7"," ","S","30","    16.9"," ","S","30","    12.4"," ","S","30","     9.3"," ","S","30","     6.5"," ","S","30","     4.4"," ","S","30","     1.2"," ","S","30","     0.0"," ","S","30","     1.0"," ","S","30","     3.0"," ","S","30","     5.0"," ","S","30"
"USC00118740","03-04"," 40.0839"," -88.2403"," 219.8","CHAMPAIGN 3S, IL US","03","04","99","    36.1"," ","S","29","    45.1"," ","S","29","    27.2"," ","S","29","    17.9"," ","S","29","    10.7"," ","S","29","    12.6"," ","S","29","    10.0"," ","S","29","     7.8"," ","S","29","    28.9"," ","S","29","     6.6"," ","S","29","    10.2"," ","S","29","    14.4"," ","S","29","    19.1"," ","S","29","    21.0"," ","S","29","    23.9"," ","S","29","     0.0"," ","S","29","     2.7"," ","S","29","     1.3"," ","S","29","     0.5"," ","S","29","     0.2"," ","S","29","     0.1"," ","S","29","     0.0","X","S","29","     0.0"," ","S","29","     0.0"," ","S","29","     0.0"," ","S","29","     2.7"," ","S","29","     1.3"," ","S","29","     0.5"," ","S","29","     0.2"," ","S","29","     0.1"," ","S","29","     0.0","X","S","29","     0.0"," ","S","29","     0.0"," ","S","29","     2.0"," ","S","29","     1.6"," ","S","29","    33.6"," ","S","30","    17.3"," ","S","30","    10.2"," ","S","30","     5.2"," ","S","30","     1.5"," ","S","30","     0.2"," ","S","30","     0.0"," ","S","30","     0.0"," ","S","30","    0.04"," ","S","30","    0.10"," ","S","30","    0.33"," ","S","30","    0.34"," ","S","30","    4.83"," ","S","30","    10.5"," ","S","30","     4.2"," ","S","30","     2.0"," ","S","30","     1.2"," ","S","30","     0.7"," ","S","30","     0.4"," ","S","30","     0.1"," ","S","30","     0.0"," ","S","30","     0.2"," ","S","30","     0.7"," ","S","30","     1.8"," ","S","30","     0.5"," ","S","30","    12.8"," ","S","30","    16.2"," ","S","30","    11.8"," ","S","30","     8.9"," ","S","30","     6.1"," ","S","30","     4.1"," ","S","30","     1.1"," ","S","30","     0.0"," ","S","30","     1.0"," ","S","30","     3.0"," ","S","30","     5.0"," ","S","30"
"USC00118740","03-05"," 40.0839"," -88.2403"," 219.8","CHAMPAIGN 3S, IL US","03","05","99","    36.5"," ","S","29","    45.5"," ","S","29","    27.5"," ","S","29","    18.0"," ","S","29","    10.7"," ","S","29","    12.6"," ","S","29","    10.0"," ","S","29","     7.8"," ","S","29","    28.5"," ","S","29","     6.3"," ","S","29","     9.9"," ","S","29","    14.1"," ","S","29","    18.7"," ","S","29","    20.6"," ","S","29","    23.5"," ","S","29","     0.0","X","S","29","     2.8"," ","S","29","     1.4"," ","S","29","     0.6"," ","S","29","     0.2"," ","S","29","     0.1"," ","S","29","     0.0","X","S","29","     0.0"," ","S","29","     0.0"," ","S","29","     0.0","X","S","29","     2.8"," ","S","29","     1.4"," ","S","29","     0.6"," ","S","29","     0.2"," ","S","29","     0.1"," ","S","29","     0.0","X","S","29","     0.0"," ","S","29","     0.0"," ","S","29","     2.1"," ","S","29","     1.7"," ","S","29","    33.6"," ","S","30","    17.4"," ","S","30","    10.3"," ","S","30","     5.2"," ","S","30","     1.5"," ","S","30","     0.2"," ","S","30","     0.0"," ","S","30","     0.0"," ","S","30","    0.04"," ","S","30","    0.10"," ","S","30","    0.33"," ","S","30","    0.43"," ","S","30","    4.92"," ","S","30","    10.2"," ","S","30","     4.1"," ","S","30","     2.0"," ","S","30","     1.2"," ","S","30","     0.7"," ","S","30","     0.4"," ","S","30","     0.1"," ","S","30","     0.0"," ","S","30","     0.2"," ","S","30","     0.7"," ","S","30","     1.8"," ","S","30","     0.6"," ","S","30","    12.9"," ","S","30","    15.4"," ","S","30","    11.2"," ","S","30","     8.4"," ","S","30","     5.8"," ","S","30","     3.9"," ","S","30","     1.1"," ","S","30","     0.0"," ","S","30","     1.0"," ","S","30","     3.0"," ","S","30","     5.0"," ","S","30"
"USC00118740","03-06"," 40.0839"," -88.2403"," 219.8","CHAMPAIGN 3S, IL US","03","06","99","    36.9"," ","S","29","    45.9"," ","S","29","    27.9"," ","S","29","    18.1"," ","S","29","    10.7"," ","S","29","    12.7"," ","S","29","    10.0"," ","S","29","     7.8"," ","S","29","    28.1"," ","S","29","     6.1"," ","S","29","     9.6"," ","S","29","    13.7"," ","S","29","    18.3"," ","S","29","    20.2"," ","S","29","    23.1"," ","S","29","     0.0","X","S","29","     3.0"," ","S","29","     1.5"," ","S","29","     0.6"," ","S","29","     0.2"," ","S","29","     0.1"," ","S","29","     0.0","X","S","29","     0.0"," ","S","29","     0.0"," ","S","29","     0.0","X","S","29","     3.0"," ","S","29","     1.5"," ","S","29","     0.6"," ","S","29","     0.2"," ","S","29","     0.1"," ","S","29","     0.0","X","S","29","     0.0"," ","S","29","     0.0"," ","S","29","     2.2"," ","S","29","     1.8"," ","S","29","    33.7"," ","S","30","    17.4"," ","S","30","    10.3"," ","S","30","     5.3"," ","S","30","     1.5"," ","S","30","     0.2"," ","S","30","     0.0"," ","S","30","     0.0"," ","S","30","    0.04"," ","S","30","    0.10"," ","S","30","    0.33"," ","S","30","    0.52"," ","S","30","    5.01"," ","S","30","     9.9"," ","S","30","     3.9"," ","S","30","     1.9"," ","S","30","     1.1"," ","S","30","     0.7"," ","S","30","     0.4"," ","S","30","     0.1"," ","S","30","     0.0"," ","S","30","     0.2"," ","S","30","     0.7"," ","S","30","     1.8"," ","S","30","     0.7"," ","S","30","    13.0"," ","S","30","    14.7"," ","S","30","    10.7"," ","S","30","     8.0"," ","S","30","     5.4"," ","S","30","     3.6"," ","S","30","     1.0"," ","S","30","     0.0"," ","S","30","     1.0"," ","S","30","     3.0"," ","S","30","     5.0"," ","S","30"
"USC00118740","03-07"," 40.0839"," -88.2403"," 219.8","CHAMPAIGN 3S, IL US","03","07","99","    37.3"," ","S","29","    46.4"," ","S","29","    28.2"," ","S","29","    18.1"," ","S","29","    10.7"," ","S","29","    12.7"," ","S","29","     9.9"," ","S","29","     7.9"," ","S","29","    27.7"," ","S","29","     5.8"," ","S","29","     9.3"," ","S","29","    13.4"," ","S","29","    17.9"," ","S","29","    19.8"," ","S","29","    22.7"," ","S","29","     0.0","X","S","29","     3.1"," ","S","29","     1.6"," ","S","29","     0.7"," ","S","29","     0.3"," ","S","29","     0.2"," ","S","29","     0.0","X","S","29","     0.0"," ","S","29","     0.0"," ","S","29","     0.0","X","S","29","     3.1"," ","S","29","     1.6"," ","S","29","     0.7"," ","S","29","     0.3"," ","S","29","     0.2"," ","S","29","     0.0","X","S","29","     0.0"," ","S","29","     0.0"," ","S","29","     2.3"," ","S","29","     1.9"," ","S","29","    33.7"," ","S","30","    17.5"," ","S","30","    10.4"," ","S","30","     5.4"," ","S","30","     1.5"," ","S","30","     0.2"," ","S","30","     0.0"," ","S","30","     0.0"," ","S","30","    0.04"," ","S","30","    0.11"," ","S","30","    0.34"," ","S","30","    0.60"," ","S","30","    5.09"," ","S","30","     9.6"," ","S","30","     3.8"," ","S","30","     1.8"," ","S","30","     1.1"," ","S","30","     0.6"," ","S","30","     0.4"," ","S","30","     0.1"," ","S","30","     0.0"," ","S","30","     0.2"," ","S","30","     0.7"," ","S","30","     1.8"," ","S","30","     0.8"," ","S","30","    13.1"," ","S","30","    14.0"," ","S","30","    10.2"," ","S","30","     7.5"," ","S","30","     5.1"," ","S","30","     3.4"," ","S","30","     1.0"," ","S","30","     0.0"," ","S","30","     1.0"," ","S","30","     3.0"," ","S","30","     5.0"," ","S","30"
"USC00118740","03-08"," 40.0839"," -88.2403"," 219.8","CHAMPAIGN 3S, IL US","03","08","99","    37.7"," ","S","29","    46.8"," ","S","29","    28.6"," ","S","29","    18.2"," ","S","29","    10.6"," ","S","29","    12.6"," ","S","29","     9.9"," ","S","29","     7.9"," ","S","29","    27.3"," ","S","29","     5.5"," ","S","29","     9.0"," ","S","29","    13.0"," ","S","29","    17.6"," ","S","29","    19.5"," ","S","29","    22.3"," ","S","29","     0.0","X","S","29","     3.3"," ","S","29","     1.7"," ","S","29","     0.8"," ","S","29","     0.3"," ","S","29","     0.2"," ","S","29","     0.1"," ","S","29","     0.0"," ","S","29","     0.0"," ","S","29","     0.0","X","S","29","     3.3"," ","S","29","     1.7"," ","S","29","     0.8"," ","S","29","     0.3"," ","S","29","     0.2"," ","S","29","     0.1"," ","S","29","     0.0"," ","S","29","     0.0"," ","S","29","     2.4"," ","S","29","     2.0"," ","S","29","    33.8"," ","S","30","    17.6"," ","S","30","    10.5"," ","S","30","     5.4"," ","S","30","     1.5"," ","S","30","     0.1"," ","S","30","     0.0"," ","S","30","     0.0"," ","S","30","    0.04"," ","S","30","    0.11"," ","S","30","    0.34"," ","S","30","    0.68"," ","S","30","    5.17"," ","S","30","     9.3"," ","S","30","     3.6"," ","S","30","     1.8"," ","S","30","     1.1"," ","S","30","     0.6"," ","S","30","     0.4"," ","S","30","     0.1"," ","S","30","     0.0"," ","S","30","     0.2"," ","S","30","     0.7"," ","S","30","     1.8"," ","S","30","     1.0"," ","S","30","    13.3"," ","S","30","    13.3"," ","S","30","     9.6"," ","S","30","     7.1"," ","S","30","     4.8"," ","S","30","     3.2"," ","S","30","     0.9"," ","S","30","     0.0"," ","S","30","     1.0"," ","S","30","     3.0"," ","S","30","     5.0"," ","S","30"
"USC00118740","03-09"," 40.0839"," -88.2403"," 219.8","CHAMPAIGN 3S, IL US","03","09","99","    38.1"," ","S","29","    47.3"," ","S","29","    28.9"," ","S","29","    18.3"," ","S","29","    10.6"," ","S","29","    12.6"," ","S","29","     9.8"," ","S","29","     7.9"," ","S","29","    26.9"," ","S","29","     5.3"," ","S","29","     8.7"," ","S","29","    12.7"," ","S","29","    17.2"," ","S","29","    19.1"," ","S","29","    22.0"," ","S","29","     0.0","X","S","29","     3.4"," ","S","29","     1.8"," ","S","29","     0.8"," ","S","29","     0.3"," ","S","29","     0.2"," ","S","29","     0.1"," ","S","29","     0.0"," ","S","29","     0.0"," ","S","29","     0.0","X","S","29","     3.4"," ","S","29","     1.8"," ","S","29","     0.8"," ","S","29","     0.3"," ","S","29","     0.2"," ","S","29","     0.1"," ","S","29","     0.0"," ","S","29","     0.0"," ","S","29","     2.5"," ","S","29","     2.1"," ","S","29","    33.9"," ","S","30","    17.7"," ","S","30","    10.6"," ","S","30","     5.5"," ","S","30","     1.5"," ","S","30","     0.1"," ","S","30","     0.0"," ","S","30","     0.0"," ","S","30","    0.04"," ","S","30","    0.11"," ","S","30","    0.34"," ","S","30","    0.76"," ","S","30","    5.25"," ","S","30","     9.1"," ","S","30","     3.5"," ","S","30","     1.7"," ","S","30","     1.0"," ","S","30","     0.6"," ","S","30","     0.4"," ","S","30","     0.1"," ","S","30","     0.0"," ","S","30"," -9999.0","Y"," "," 0"," -9999.0","Y"," "," 0"," -9999.0","Y"," "," 0","     1.1"," ","S","30","    13.4"," ","S","30","    12.7"," ","S","30","     9.1"," ","S","30","     6.6"," ","S","30","     4.5"," ","S","30","     3.0"," ","S","30","     0.9"," ","S","30","     0.0"," ","S","30","     1.0"," ","S","30","     3.0"," ","S","30","     5.0"," ","S","30"
"USC00118740","03-10"," 40.0839"," -88.2403"," 219.8","CHAMPAIGN 3S, IL US","03","10","99","    38.5"," ","S","29","    47.7"," ","S","29","    29.3"," ","S","29","    18.5"," ","S","29","    10.5"," ","S","29","    12.6"," ","S","29","     9.8"," ","S","29","     7.9"," ","S","29","    26.5"," ","S","29","     5.0"," ","S","29","     8.4"," ","S","29","    12.4"," ","S","29","    16.8"," ","S","29","    18.7"," ","S","29","    21.6"," ","S","29","     0.0","X","S","29","     3.5"," ","S","29","     1.9"," ","S","29","     0.9"," ","S","29","     0.3"," ","S","29","     0.2"," ","S","29","     0.1"," ","S","29","     0.0"," ","S","29","     0.0"," ","S","29","     0.0","X","S","29","     3.5"," ","S","29","     1.9"," ","S","29","     0.9"," ","S","29","     0.3"," ","S","29","     0.2"," ","S","29","     0.1"," ","S","29","     0.0"," ","S","29","     0.0"," ","S","29","     2.6"," ","S","29","     2.2"," ","S","29","    34.0"," ","S","30","    17.8"," ","S","30","    10.6"," ","S","30","     5.6"," ","S","30","     1.5"," ","S","30","     0.1"," ","S","30","     0.0"," ","S","30","     0.0"," ","S","30","    0.04"," ","S","30","    0.11"," ","S","30","    0.34"," ","S","30","    0.84"," ","S","30","    5.33"," ","S","30","     8.8"," ","S","30","     3.3"," ","S","30","     1.6"," ","S","30","     1.0"," ","S","30","     0.6"," ","S","30","     0.4"," ","S","30","     0.1"," ","S","30","     0.0"," ","S","30"," -9999.0","Y"," "," 0"," -9999.0","Y"," "," 0"," -9999.0","Y"," "," 0","     1.1"," ","S","30","    13.4"," ","S","30","    12.0"," ","S","30","     8.7"," ","S","30","     6.2"," ","S","30","     4.2"," ","S","30","     2.7"," ","S","30","     0.8"," ","S","30","     0.0"," ","S","30","     1.0"," ","S","30","     3.0"," ","S","30","     5.0"," ","S","30"
"USC00118740","03-11"," 40.0839"," -88.2403"," 219.8","CHAMPAIGN 3S, IL US","03","11","99","    38.9"," ","S","29","    48.2"," ","S","29","    29.6"," ","S","29","    18.6"," ","S","29","    10.5"," ","S","29","    12.5"," ","S","29","     9.7"," ","S","29","     7.9"," ","S","29","    26.1"," ","S","29","     4.8"," ","S","29","     8.1"," ","S","29","    12.0"," ","S","29","    16.5"," ","S","29","    18.3"," ","S","29","    21.2"," ","S","29","     0.0","X","S","29","     3.7"," ","S","29","     2.0"," ","S","29","     0.9"," ","S","29","     0.4"," ","S","29","     0.2"," ","S","29","     0.1"," ","S","29","     0.0"," ","S","29","     0.0"," ","S","29","     0.0","X","S","29","     3.7"," ","S","29","     2.0"," ","S","29","     0.9"," ","S","29","     0.4"," ","S","29","     0.2"," ","S","29","     0.1"," ","S","29","     0.0"," ","S","29","     0.0"," ","S","29","     2.7"," ","S","29","     2.2"," ","S","29","    34.0"," ","S","30","    17.9"," ","S","30","    10.7"," ","S","30","     5.6"," ","S","30","     1.5"," ","S","30","     0.1"," ","S","30","     0.0"," ","S","30","     0.0"," ","S","30","    0.04"," ","S","30","    0.11"," ","S","30","    0.34"," ","S","30","    0.92"," ","S","30","    5.41"," ","S","30","     8.5"," ","S","30","     3.2"," ","S","30","     1.5"," ","S","30","     0.9"," ","S","30","     0.6"," ","S","30","     0.3"," ","S","30","     0.1"," ","S","30","     0.0"," ","S","30"," -9999.0","Y"," "," 0"," -9999.0","Y"," "," 0"," -9999.0","Y"," "," 0","     1.3"," ","S","30","    13.6"," ","S","30","    11.4"," ","S","30","     8.2"," ","S","30","     5.8"," ","S","30","     3.9"," ","S","30","     2.5"," ","S","30","     0.8"," ","S","30","     0.0"," ","S","30","     1.0"," ","S","30","     3.0"," ","S","30","     4.0"," ","S","30"
"USC00118740","03-12"," 40.0839"," -88.2403"," 219.8","CHAMPAIGN 3S, IL US","03","12","99","    39.3"," ","S","29","    48.6"," ","S","29","    29.9"," ","S","29","    18.7"," ","S","29","    10.4"," ","S","29","    12.5"," ","S","29","     9.7"," ","S","29","     7.9"," ","S","29","    25.7"," ","S","29","     4.5"," ","S","29","     7.8"," ","S","29","    11.7"," ","S","29","    16.1"," ","S","29","    18.0"," ","S","29","    20.8"," ","S","29","     0.0","X","S","29","     3.8"," ","S","29","     2.1"," ","S","29","     1.0"," ","S","29","     0.4"," ","S","29","     0.2"," ","S","29","     0.1"," ","S","29","     0.0"," ","S","29","     0.0"," ","S","29","     0.0","X","S","29","     3.8"," ","S","29","     2.1"," ","S","29","     1.0"," ","S","29","     0.4"," ","S","29","     0.2"," ","S","29","     0.1"," ","S","29","     0.0"," ","S","29","     0.0"," ","S","29","     2.8"," ","S","29","     2.3"," ","S","29","    34.1"," ","S","30","    18.1"," ","S","30","    10.8"," ","S","30","     5.7"," ","S","30","     1.5"," ","S","30","     0.1"," ","S","30","     0.0"," ","S","30","     0.0"," ","S","30","    0.04"," ","S","30","    0.11"," ","S","30","    0.34"," ","S","30","    1.01"," ","S","30","    5.50"," ","S","30","     8.3"," ","S","30","     3.0"," ","S","30","     1.5"," ","S","30","     0.9"," ","S","30","     0.5"," ","S","30","     0.3"," ","S","30","     0.1"," ","S","30","     0.0"," ","S","30"," -9999.0","Y"," "," 0"," -9999.0","Y"," "," 0"," -9999.0","Y"," "," 0","     1.3"," ","S","30","    13.6"," ","S","30","    10.8"," ","S","30","     7.7"," ","S","30","     5.4"," ","S","30","     3.6"," ","S","30","     2.4"," ","S","30","     0.7"," ","S","30","     0.0"," ","S","30","     1.0"," ","S","30","     3.0"," ","S","30","     4.0"," ","S","30"
"USC00118740","03-13"," 40.0839"," -88.2403"," 219.8","CHAMPAIGN 3S, IL US","03","13","99","    39.7"," ","S","29","    49.1"," ","S","29","    30.3"," ","S","29","    18.8"," ","S","29","    10.4"," ","S","29","    12.5"," ","S","29","     9.6"," ","S","29","     7.9"," ","S","29","    25.3"," ","S","29","     4.3"," ","S","29","     7.5"," ","S","29","    11.4"," ","S","29","    15.7"," ","S","29","    17.6"," ","S","29","    20.4"," ","S","29","     0.0","X","S","29","     3.9"," ","S","29","     2.1"," ","S","29","     1.0"," ","S","29","     0.4"," ","S","29","     0.3"," ","S","29","     0.1"," ","S","29","     0.0"," ","S","29","     0.0"," ","S","29","     0.0","X","S","29","     3.9"," ","S","29","     2.1"," ","S","29","     1.0"," ","S","29","     0.4"," ","S","29","     0.3"," ","S","29","     0.1"," ","S","29","     0.0"," ","S","29","     0.0"," ","S","29","     2.9"," ","S","29","     2.4"," ","S","29","    34.2"," ","S","30","    18.2"," ","S","30","    10.9"," ","S","30","     5.7"," ","S","30","     1.5"," ","S","30","     0.1"," ","S","30","     0.0"," ","S","30","     0.0"," ","S","30","    0.04"," ","S","30","    0.11"," ","S","30","    0.34"," ","S","30","    1.09"," ","S","30","    5.58"," ","S","30","     8.0"," ","S","30","     2.9"," ","S","30","     1.4"," ","S","30","     0.8"," ","S","30","     0.5"," ","S","30","     0.3"," ","S","30","     0.1"," ","S","30","     0.0"," ","S","30"," -9999.0","Y"," "," 0"," -9999.0","Y"," "," 0"," -9999.0","Y"," "," 0","     1.4"," ","S","30","    13.7"," ","S","30","    10.3"," ","S","30","     7.3"," ","S","30","     5.1"," ","S","30","     3.4"," ","S","30","     2.2"," ","S","30","     0.7"," ","S","30","     0.0"," ","S","30"," -9999.0","Y"," "," 0"," -9999.0","Y"," "," 0"," -9999.0","Y"," "," 0"
"USC00118740","03-14"," 40.0839"," -88.2403"," 219.8","CHAMPAIGN 3S, IL US","03","14","99","    40.1"," ","S","29","    49.5"," ","S","29","    30.6"," ","S","29","    18.9"," ","S","29","    10.4"," ","S","29","    12.4"," ","S","29","     9.6"," ","S","29","     7.9"," ","S","29","    25.0"," ","S","29","     4.0"," ","S","29","     7.2"," ","S","29","    11.0"," ","S","29","    15.4"," ","S","29","    17.2"," ","S","29","    20.1"," ","S","29","     0.0","X","S","29","     4.1"," ","S","29","     2.2"," ","S","29","     1.1"," ","S","29","     0.5"," ","S","29","     0.3"," ","S","29","     0.1"," ","S","29","     0.0"," ","S","29","     0.0"," ","S","29","     0.0","X","S","29","     4.1"," ","S","29","     2.2"," ","S","29","     1.1"," ","S","29","     0.5"," ","S","29","     0.3"," ","S","29","     0.1"," ","S","29","     0.0"," ","S","29","     0.0"," ","S","29","     3.0"," ","S","29","     2.5"," ","S","29","    34.3"," ","S","30","    18.3"," ","S","30","    11.0"," ","S","30","     5.8"," ","S","30","     1.5"," ","S","30","     0.1"," ","S","30","     0.0"," ","S","30","     0.0"," ","S","30","    0.04"," ","S","30","    0.11"," ","S","30","    0.35"," ","S","30","    1.18"," ","S","30","    5.67"," ","S","30","     7.7"," ","S","30","     2.7"," ","S","30","     1.3"," ","S","30","     0.8"," ","S","30","     0.5"," ","S","30","     0.3"," ","S","30","     0.1"," ","S","30","     0.0"," ","S","30"," -9999.0","Y"," "," 0"," -9999.0","Y"," "," 0"," -9999.0","Y"," "," 0","     1.5"," ","S","30","    13.8"," ","S","30","     9.7"," ","S","30","     6.8"," ","S","30","     4.7"," ","S","30","     3.1"," ","S","30","     2.0"," ","S","30","     0.6"," ","S","30","     0.0"," ","S","30"," -9999.0","Y"," "," 0"," -9999.0","Y"," "," 0"," -9999.0","Y"," "," 0"
"USC00118740","03-15"," 40.0839"," -88.2403"," 219.8","CHAMPAIGN 3S, IL US","03","15","99","    40.5"," ","S","29","    50.0"," ","S","29","    30.9"," ","S","29","    19.0"," ","S","29","    10.3"," ","S","29","    12.4"," ","S","29","     9.5"," ","S","29","     7.9"," ","S","29","    24.6"," ","S","29","     3.8"," ","S","29","     6.9"," ","S","29","    10.7"," ","S","29","    15.0"," ","S","29","    16.9"," ","S","29","    19.7"," ","S","29","     0.0","X","S","29","     4.2"," ","S","29","     2.3"," ","S","29","     1.1"," ","S","29","     0.5"," ","S","29","     0.3"," ","S","29","     0.1"," ","S","29","     0.0"," ","S","29","     0.0"," ","S","29","     0.0","X","S","29","     4.2"," ","S","29","     2.3"," ","S","29","     1.1"," ","S","29","     0.5"," ","S","29","     0.3"," ","S","29","     0.1"," ","S","29","     0.0"," ","S","29","     0.0"," ","S","29","     3.1"," ","S","29","     2.6"," ","S","29","    34.3"," ","S","30","    18.4"," ","S","30","    11.1"," ","S","30","     5.9"," ","S","30","     1.5"," ","S","30","     0.1"," ","S","30","     0.0"," ","S","30","     0.0"," ","S","30","    0.04"," ","S","30","    0.11"," ","S","30","    0.34"," ","S","30","    1.26"," ","S","30","    5.75"," ","S","30","     7.4"," ","S","30","     2.6"," ","S","30","     1.2"," ","S","30","     0.8"," ","S","30","     0.5"," ","S","30","     0.3"," ","S","30","     0.1"," ","S","30","     0.0"," ","S","30"," -9999.0","Y"," "," 0"," -9999.0","Y"," "," 0"," -9999.0","Y"," "," 0","     1.6"," ","S","30","    13.9"," ","S","30","     9.1"," ","S","30","     6.4"," ","S","30","     4.4"," ","S","30","     2.9"," ","S","30","     1.9"," ","S","30","     0.6"," ","S","30","     0.0"," ","S","30"," -9999.0","Y"," "," 0"," -9999.0","Y"," "," 0"," -9999.0","Y"," "," 0"
"USC00118740","03-16"," 40.0839"," -88.2403"," 219.8","CHAMPAIGN 3S, IL US","03","16","99","    40.8"," ","S","29","    50.4"," ","S","29","    31.3"," ","S","29","    19.2"," ","S","29","    10.3"," ","S","29","    12.3"," ","S","29","     9.5"," ","S","29","     7.9"," ","S","29","    24.2"," ","S","29","     3.5"," ","S","29","     6.6"," ","S","29","    10.4"," ","S","29","    14.7"," ","S","29","    16.5"," ","S","29","    19.3"," ","S","29","     0.0","X","S","29","     4.4"," ","S","29","     2.4"," ","S","29","     1.2"," ","S","29","     0.5"," ","S","29","     0.3"," ","S","29","     0.2"," ","S","29","     0.0"," ","S","29","     0.0"," ","S","29","     0.0","X","S","29","     4.4"," ","S","29","     2.4"," ","S","29","     1.2"," ","S","29","     0.5"," ","S","29","     0.3"," ","S","29","     0.2"," ","S","29","     0.0"," ","S","29","     0.0"," ","S","29","     3.2"," ","S","29","     2.7"," ","S","29","    34.4"," ","S","30","    18.6"," ","S","30","    11.2"," ","S","30","     6.0"," ","S","30","     1.5"," ","S","30","     0.1"," ","S","30","     0.0"," ","S","30","     0.0"," ","S","30","    0.04"," ","S","30","    0.11"," ","S","30","    0.35"," ","S","30","    1.35"," ","S","30","    5.84"," ","S","30","     7.1"," ","S","30","     2.5"," ","S","30","     1.2"," ","S","30","     0.7"," ","S","30","     0.5"," ","S","30","     0.3"," ","S","30","     0.1"," ","S","30","     0.0"," ","S","30"," -9999.0","Y"," "," 0"," -9999.0","Y"," "," 0"," -9999.0","Y"," "," 0","     1.7"," ","S","30","    14.0"," ","S","30","     8.6"," ","S","30","     6.0"," ","S","30","     4.0"," ","S","30","     2.7"," ","S","30","     1.7"," ","S","30","     0.5"," ","S","30","     0.0"," ","S","30"," -9999.0","Y"," "," 0"," -9999.0","Y"," "," 0"," -9999.0","Y"," "," 0"
"USC00118740","03-17"," 40.0839"," -88.2403"," 219.8","CHAMPAIGN 3S, IL US","03","17","99","    41.2"," ","S","29","    50.9"," ","S","29","    31.6"," ","S","29","    19.3"," ","S","29","    10.2"," ","S","29","    12.3"," ","S","29","     9.4"," ","S","29","     7.9"," ","S","29","    23.8"," ","S","29","     3.3"," ","S","29","     6.3"," ","S","29","    10.1"," ","S","29","    14.4"," ","S","29","    16.2"," ","S","29","    19.0"," ","S","29","     0.0","X","S","29","     4.6"," ","S","29","     2.6"," ","S","29","     1.3"," ","S","29","     0.6"," ","S","29","     0.4"," ","S","29","     0.2"," ","S","29","     0.0","X","S","29","     0.0"," ","S","29","     0.0","X","S","29","     4.6"," ","S","29","     2.6"," ","S","29","     1.3"," ","S","29","     0.6"," ","S","29","     0.4"," ","S","29","     0.2"," ","S","29","     0.0","X","S","29","     0.0"," ","S","29","     3.4"," ","S","29","     2.8"," ","S","29","    34.5"," ","S","30","    18.8"," ","S","30","    11.3"," ","S","30","     6.1"," ","S","30","     1.6"," ","S","30","     0.1"," ","S","30","     0.0"," ","S","30","     0.0"," ","S","30","    0.04"," ","S","30","    0.12"," ","S","30","    0.35"," ","S","30","    1.44"," ","S","30","    5.93"," ","S","30","     6.8"," ","S","30","     2.3"," ","S","30","     1.1"," ","S","30","     0.7"," ","S","30","     0.5"," ","S","30","     0.3"," ","S","30","     0.1"," ","S","30","     0.0"," ","S","30"," -9999.0","Y"," "," 0"," -9999.0","Y"," "," 0"," -9999.0","Y"," "," 0","     1.7"," ","S","30","    14.0"," ","S","30","     8.0"," ","S","30","     5.6"," ","S","30","     3.7"," ","S","30","     2.5"," ","S","30","     1.6"," ","S","30","     0.5"," ","S","30","     0.0"," ","S","30"," -9999.0","Y"," "," 0"," -9999.0","Y"," "," 0"," -9999.0","Y"," "," 0"
"USC00118740","03-18"," 40.0839"," -88.2403"," 219.8","CHAMPAIGN 3S, IL US","03","18","99","    41.6"," ","S","29","    51.3"," ","S","29","    31.9"," ","S","29","    19.4"," ","S","29","    10.2"," ","S","29","    12.2"," ","S","29","     9.4"," ","S","29","     7.9"," ","S","29","    23.4"," ","S","29","     3.2"," ","S","29","     6.1"," ","S","29","     9.8"," ","S","29","    14.0"," ","S","29","    15.8"," ","S","29","    18.6"," ","S","29","     0.1"," ","S","29","     4.8"," ","S","29","     2.7"," ","S","29","     1.4"," ","S","29","     0.6"," ","S","29","     0.4"," ","S","29","     0.2"," ","S","29","     0.0","X","S","29","     0.0"," ","S","29","     0.1"," ","S","29","     4.8"," ","S","29","     2.7"," ","S","29","     1.4"," ","S","29","     0.6"," ","S","29","     0.4"," ","S","29","     0.2"," ","S","29","     0.0","X","S","29","     0.0"," ","S","29","     3.5"," ","S","29","     2.9"," ","S","29","    34.6"," ","S","30","    19.0"," ","S","30","    11.5"," ","S","30","     6.2"," ","S","30","     1.6"," ","S","30","     0.1"," ","S","30","     0.0"," ","S","30","     0.0"," ","S","30","    0.04"," ","S","30","    0.12"," ","S","30","    0.36"," ","S","30","    1.53"," ","S","30","    6.02"," ","S","30","     6.5"," ","S","30","     2.2"," ","S","30","     1.1"," ","S","30","     0.7"," ","S","30","     0.5"," ","S","30","     0.3"," ","S","30","     0.1"," ","S","30","     0.0"," ","S","30"," -9999.0","Y"," "," 0"," -9999.0","Y"," "," 0"," -9999.0","Y"," "," 0","     1.8"," ","S","30","    14.1"," ","S","30","     7.5"," ","S","30","     5.2"," ","S","30","     3.4"," ","S","30","     2.3"," ","S","30","     1.5"," ","S","30","     0.4"," ","S","30","     0.0"," ","S","30"," -9999.0","Y"," "," 0"," -9999.0","Y"," "," 0"," -9999.0","Y"," "," 0"
"USC00118740","03-19"," 40.0839"," -88.2403"," 219.8","CHAMPAIGN 3S, IL US","03","19","99","    42.0"," ","S","29","    51.8"," ","S","29","    32.2"," ","S","29","    19.5"," ","S","29","    10.1"," ","S","29","    12.2"," ","S","29","     9.4"," ","S","29","     7.9"," ","S","29","    23.1"," ","S","29","     3.0"," ","S","29","     5.9"," ","S","29","     9.5"," ","S","29","    13.7"," ","S","29","    15.5"," ","S","29","    18.3"," ","S","29","     0.1"," ","S","29","     5.0"," ","S","29","     2.9"," ","S","29","     1.5"," ","S","29","     0.7"," ","S","29","     0.5"," ","S","29","     0.2"," ","S","29","     0.0","X","S","29","     0.0"," ","S","29","     0.1"," ","S","29","     5.0"," ","S","29","     2.9"," ","S","29","     1.5"," ","S","29","     0.7"," ","S","29","     0.5"," ","S","29","     0.2"," ","S","29","     0.0","X","S","29","     0.0"," ","S","29","     3.7"," ","S","29","     3.1"," ","S","29","    34.7"," ","S","30","    19.2"," ","S","30","    11.7"," ","S","30","     6.4"," ","S","30","     1.6"," ","S","30","     0.1"," ","S","30","     0.0"," ","S","30","     0.0"," ","S","30","    0.04"," ","S","30","    0.12"," ","S","30","    0.36"," ","S","30","    1.62"," ","S","30","    6.11"," ","S","30","     6.2"," ","S","30","     2.1"," ","S","30","     1.0"," ","S","30","     0.6"," ","S","30","     0.5"," ","S","30","     0.3"," ","S","30","     0.1"," ","S","30","     0.0"," ","S","30"," -9999.0","Y"," "," 0"," -9999.0","Y"," "," 0"," -9999.0","Y"," "," 0","     1.9"," ","S","30","    14.2"," ","S","30","     7.0"," ","S","30","     4.8"," ","S","30","     3.1"," ","S","30","     2.1"," ","S","30","     1.3"," ","S","30","     0.4"," ","S","30","     0.0"," ","S","30"," -9999.0","Y"," "," 0"," -9999.0","Y"," "," 0"," -9999.0","Y"," "," 0"
"USC00118740","03-20"," 40.0839"," -88.2403"," 219.8","CHAMPAIGN 3S, IL US","03","20","99","    42.4"," ","S","29","    52.2"," ","S","29","    32.5"," ","S","29","    19.7"," ","S","29","    10.1"," ","S","29","    12.1"," ","S","29","     9.3"," ","S","29","     7.9"," ","S","29","    22.7"," ","S","29","     2.8"," ","S","29","     5.6"," ","S","29","     9.2"," ","S","29","    13.4"," ","S","29","    15.1"," ","S","29","    17.9"," ","S","29","     0.1"," ","S","29","     5.2"," ","S","29","     3.0"," ","S","29","     1.6"," ","S","29","     0.8"," ","S","29","     0.5"," ","S","29","     0.3"," ","S","29","     0.0","X","S","29","     0.0"," ","S","29","     0.1"," ","S","29","     5.2"," ","S","29","     3.0"," ","S","29","     1.6"," ","S","29","     0.8"," ","S","29","     0.5"," ","S","29","     0.3"," ","S","29","     0.0","X","S","29","     0.0"," ","S","29","     3.8"," ","S","29","     3.2"," ","S","29","    34.8"," ","S","30","    19.5"," ","S","30","    11.9"," ","S","30","     6.5"," ","S","30","     1.6"," ","S","30","     0.1"," ","S","30","     0.0"," ","S","30","     0.0"," ","S","30","    0.04"," ","S","30","    0.12"," ","S","30","    0.37"," ","S","30","    1.71"," ","S","30","    6.20"," ","S","30","     6.0"," ","S","30","     2.0"," ","S","30","     1.0"," ","S","30","     0.6"," ","S","30","     0.5"," ","S","30","     0.3"," ","S","30","     0.1"," ","S","30","     0.0"," ","S","30"," -9999.0","Y"," "," 0"," -9999.0","Y"," "," 0"," -9999.0","Y"," "," 0","     1.9"," ","S","30","    14.2"," ","S","30","     6.6"," ","S","30","     4.5"," ","S","30","     2.9"," ","S","30","     2.0"," ","S","30","     1.3"," ","S","30","     0.4"," ","S","30","     0.0"," ","S","30"," -9999.0","Y"," "," 0"," -9999.0","Y"," "," 0"," -9999.0","Y"," "," 0"
"USC00118740","03-21"," 40.0839"," -88.2403"," 219.8","CHAMPAIGN 3S, IL US","03","21","99","    42.8"," ","S","29","    52.6"," ","S","29","    32.9"," ","S","29","    19.8"," ","S","29","    10.0"," ","S","29","    12.1"," ","S","29","     9.3"," ","S","29","     7.9"," ","S","29","    22.3"," ","S","29","     2.6"," ","S","29","     5.4"," ","S","29","     8.9"," ","S","29","    13.0"," ","S","29","    14.8"," ","S","29","    17.5"," ","S","29","     0.1"," ","S","29","     5.4"," ","S","29","     3.1"," ","S","29","     1.7"," ","S","29","     0.8"," ","S","29","     0.5"," ","S","29","     0.3"," ","S","29","     0.0","X","S","29","     0.0"," ","S","29","     0.1"," ","S","29","     5.4"," ","S","29","     3.1"," ","S","29","     1.7"," ","S","29","     0.8"," ","S","29","     0.5"," ","S","29","     0.3"," ","S","29","     0.0","X","S","29","     0.0"," ","S","29","     3.9"," ","S","29","     3.3"," ","S","29","    34.9"," ","S","30","    19.7"," ","S","30","    12.0"," ","S","30","     6.6"," ","S","30","     1.6"," ","S","30","     0.1"," ","S","30","     0.0"," ","S","30","     0.0"," ","S","30","    0.04"," ","S","30","    0.13"," ","S","30","    0.37"," ","S","30","    1.81"," ","S","30","    6.30"," ","S","30","     5.7"," ","S","30","     1.9"," ","S","30","     0.9"," ","S","30","     0.6"," ","S","30","     0.4"," ","S","30","     0.3"," ","S","30","     0.1"," ","S","30","     0.0"," ","S","30"," -9999.0","Y"," "," 0"," -9999.0","Y"," "," 0"," -9999.0","Y"," "," 0","     2.0"," ","S","30","    14.3"," ","S","30","     6.1"," ","S","30","     4.2"," ","S","30","     2.6"," ","S","30","     1.8"," ","S","30","     1.2"," ","S","30","     0.3"," ","S","30","     0.0"," ","S","30"," -9999.0","Y"," "," 0"," -9999.0","Y"," "," 0"," -9999.0","Y"," "," 0"
"USC00118740","03-22"," 40.0839"," -88.2403"," 219.8","CHAMPAIGN 3S, IL US","03","22","99","    43.1"," ","S","29","    53.1"," ","S","29","    33.2"," ","S","29","    19.9"," ","S","29","    10.0"," ","S","29","    12.0"," ","S","29","     9.2"," ","S","29","     7.9"," ","S","29","    21.9"," ","S","29","     2.4"," ","S","29","     5.1"," ","S","29","     8.6"," ","S","29","    12.7"," ","S","29","    14.4"," ","S","29","    17.2"," ","S","29","     0.1"," ","S","29","     5.6"," ","S","29","     3.2"," ","S","29","     1.7"," ","S","29","     0.8"," ","S","29","     0.6"," ","S","29","     0.3"," ","S","29","     0.0","X","S","29","     0.0"," ","S","29","     0.1"," ","S","29","     5.6"," ","S","29","     3.2"," ","S","29","     1.7"," ","S","29","     0.8"," ","S","29","     0.6"," ","S","29","     0.3"," ","S","29","     0.0","X","S","29","     0.0"," ","S","29","     4.0"," ","S","29","     3.4"," ","S","29","    35.0"," ","S","30","    19.9"," ","S","30","    12.2"," ","S","30","     6.7"," ","S","30","     1.6"," ","S","30","     0.1"," ","S","30","     0.0"," ","S","30","     0.0"," ","S","30","    0.04"," ","S","30","    0.13"," ","S","30","    0.38"," ","S","30","    1.90"," ","S","30","    6.39"," ","S","30","     5.4"," ","S","30","     1.8"," ","S","30","     0.9"," ","S","30","     0.6"," ","S","30","     0.4"," ","S","30","     0.2"," ","S","30","     0.1"," ","S","30","     0.0"," ","S","30"," -9999.0","Y"," "," 0"," -9999.0","Y"," "," 0"," -9999.0","Y"," "," 0","     2.1"," ","S","30","    14.4"," ","S","30","     5.7"," ","S","30","     3.9"," ","S","30","     2.4"," ","S","30","     1.7"," ","S","30","     1.1"," ","S","30","     0.3"," ","S","30","     0.0"," ","S","30"," -9999.0","Y"," "," 0"," -9999.0","Y"," "," 0"," -9999.0","Y"," "," 0"
"USC00118740","03-23"," 40.0839"," -88.2403"," 219.8","CHAMPAIGN 3S, IL US","03","23","99","    43.5"," ","S","29","    53.5"," ","S","29","    33.5"," ","S","29","    20.0"," ","S","29","     9.9"," ","S","29","    12.0"," ","S","29","     9.2"," ","S","29","     7.9"," ","S","29","    21.6"," ","S","29","     2.2"," ","S","29","     4.8"," ","S","29","     8.3"," ","S","29","    12.3"," ","S","29","    14.1"," ","S","29","    16.8"," ","S","29","     0.1"," ","S","29","     5.7"," ","S","29","     3.3"," ","S","29","     1.8"," ","S","29","     0.8"," ","S","29","     0.6"," ","S","29","     0.3"," ","S","29","     0.0","X","S","29","     0.0"," ","S","29","     0.1"," ","S","29","     5.7"," ","S","29","     3.3"," ","S","29","     1.8"," ","S","29","     0.8"," ","S","29","     0.6"," ","S","29","     0.3"," ","S","29","     0.0","X","S","29","     0.0"," ","S","29","     4.1"," ","S","29","     3.5"," ","S","29","    35.2"," ","S","30","    20.2"," ","S","30","    12.5"," ","S","30","     6.8"," ","S","30","     1.6"," ","S","30","     0.2"," ","S","30","     0.0"," ","S","30","     0.0"," ","S","30","    0.04"," ","S","30","    0.13"," ","S","30","    0.38"," ","S","30","    1.99"," ","S","30","    6.48"," ","S","30","     5.1"," ","S","30","     1.7"," ","S","30","     0.8"," ","S","30","     0.5"," ","S","30","     0.4"," ","S","30","     0.2"," ","S","30","     0.1"," ","S","30","     0.0"," ","S","30"," -9999.0","Y"," "," 0"," -9999.0","Y"," "," 0"," -9999.0","Y"," "," 0","     2.1"," ","S","30","    14.4"," ","S","30","     5.3"," ","S","30","     3.6"," ","S","30","     2.2"," ","S","30","     1.6"," ","S","30","     1.0"," ","S","30","     0.3"," ","S","30","     0.0"," ","S","30"," -9999.0","Y"," "," 0"," -9999.0","Y"," "," 0"," -9999.0","Y"," "," 0"
"USC00118740","03-24"," 40.0839"," -88.2403"," 219.8","CHAMPAIGN 3S, IL US","03","24","99","    43.9"," ","S","29","    54.0"," ","S","29","    33.8"," ","S","29","    20.1"," ","S","29","     9.9"," ","S","29","    11.9"," ","S","29","     9.2"," ","S","29","     7.9"," ","S","29","    21.2"," ","S","29","     2.0"," ","S","29","     4.5"," ","S","29","     7.9"," ","S","29","    12.0"," ","S","29","    13.7"," ","S","29","    16.4"," ","S","29","     0.1"," ","S","29","     6.0"," ","S","29","     3.4"," ","S","29","     1.8"," ","S","29","     0.9"," ","S","29","     0.6"," ","S","29","     0.3"," ","S","29","     0.0","X","S","29","     0.0"," ","S","29","     0.1"," ","S","29","     6.0"," ","S","29","     3.4"," ","S","29","     1.8"," ","S","29","     0.9"," ","S","29","     0.6"," ","S","29","     0.3"," ","S","29","     0.0","X","S","29","     0.0"," ","S","29","     4.3"," ","S","29","     3.6"," ","S","29","    35.4"," ","S","30","    20.6"," ","S","30","    12.7"," ","S","30","     7.0"," ","S","30","     1.6"," ","S","30","     0.2"," ","S","30","     0.0"," ","S","30","     0.0"," ","S","30","    0.04"," ","S","30","    0.14"," ","S","30","    0.39"," ","S","30","    2.08"," ","S","30","    6.57"," ","S","30","     4.8"," ","S","30","     1.6"," ","S","30","     0.8"," ","S","30","     0.5"," ","S","30","     0.4"," ","S","30","     0.2"," ","S","30","     0.1"," ","S","30","     0.0"," ","S","30"," -9999.0","Y"," "," 0"," -9999.0","Y"," "," 0"," -9999.0","Y"," "," 0","     2.2"," ","S","30","    14.5"," ","S","30","     4.9"," ","S","30","     3.3"," ","S","30","     2.0"," ","S","30","     1.5"," ","S","30","     1.0"," ","S","30","     0.3"," ","S","30","     0.0"," ","S","30"," -9999.0","Y"," "," 0"," -9999.0","Y"," "," 0"," -9999.0","Y"," "," 0"
"USC00118740","03-25"," 40.0839"," -88.2403"," 219.8","CHAMPAIGN 3S, IL US","03","25","99","    44.3"," ","S","29","    54.4"," ","S","29","    34.1"," ","S","29","    20.3"," ","S","29","     9.9"," ","S","29","    11.9"," ","S","29","     9.2"," ","S","29","     7.9"," ","S","29","    20.8"," ","S","29","     1.9"," ","S","29","     4.3"," ","S","29","     7.6"," ","S","29","    11.6"," ","S","29","    13.3"," ","S","29","    16.0"," ","S","29","     0.1"," ","S","29","     6.2"," ","S","29","     3.5"," ","S","29","     1.9"," ","S","29","     0.9"," ","S","29","     0.6"," ","S","29","     0.3"," ","S","29","     0.0","X","S","29","     0.0"," ","S","29","     0.1"," ","S","29","     6.2"," ","S","29","     3.5"," ","S","29","     1.9"," ","S","29","     0.9"," ","S","29","     0.6"," ","S","29","     0.3"," ","S","29","     0.0","X","S","29","     0.0"," ","S","29","     4.4"," ","S","29","     3.7"," ","S","29","    35.6"," ","S","30","    20.9"," ","S","30","    12.9"," ","S","30","     7.1"," ","S","30","     1.6"," ","S","30","     0.2"," ","S","30","     0.0"," ","S","30","     0.0"," ","S","30","    0.04"," ","S","30","    0.14"," ","S","30","    0.39"," ","S","30","    2.17"," ","S","30","    6.66"," ","S","30","     4.6"," ","S","30","     1.5"," ","S","30","     0.8"," ","S","30","     0.5"," ","S","30","     0.4"," ","S","30","     0.2"," ","S","30","     0.1"," ","S","30","     0.0"," ","S","30"," -9999.0","Y"," "," 0"," -9999.0","Y"," "," 0"," -9999.0","Y"," "," 0","     2.2"," ","S","30","    14.5"," ","S","30","     4.5"," ","S","30","     3.1"," ","S","30","     1.9"," ","S","30","     1.4"," ","S","30","     0.9"," ","S","30","     0.2"," ","S","30","     0.0"," ","S","30"," -9999.0","Y"," "," 0"," -9999.0","Y"," "," 0"," -9999.0","Y"," "," 0"
"USC00118740","03-26"," 40.0839"," -88.2403"," 219.8","CHAMPAIGN 3S, IL US","03","26","99","    44.7"," ","S","29","    54.8"," ","S","29","    34.5"," ","S","29","    20.4"," ","S","29","     9.8"," ","S","29","    11.8"," ","S","29","     9.1"," ","S","29","     7.9"," ","S","29","    20.4"," ","S","29","     1.8"," ","S","29","     4.1"," ","S","29","     7.3"," ","S","29","    11.3"," ","S","29","    13.0"," ","S","29","    15.7"," ","S","29","     0.1"," ","S","29","     6.5"," ","S","29","     3.7"," ","S","29","     2.0"," ","S","29","     0.9"," ","S","29","     0.6"," ","S","29","     0.3"," ","S","29","     0.0","X","S","29","     0.0"," ","S","29","     0.1"," ","S","29","     6.5"," ","S","29","     3.7"," ","S","29","     2.0"," ","S","29","     0.9"," ","S","29","     0.6"," ","S","29","     0.3"," ","S","29","     0.0","X","S","29","     0.0"," ","S","29","     4.6"," ","S","29","     3.8"," ","S","29","    35.8"," ","S","30","    21.1"," ","S","30","    13.1"," ","S","30","     7.2"," ","S","30","     1.6"," ","S","30","     0.2"," ","S","30","     0.0"," ","S","30","     0.0"," ","S","30","    0.04"," ","S","30","    0.14"," ","S","30","    0.40"," ","S","30","    2.26"," ","S","30","    6.75"," ","S","30","     4.3"," ","S","30","     1.4"," ","S","30","     0.7"," ","S","30","     0.5"," ","S","30","     0.4"," ","S","30","     0.2"," ","S","30","     0.1"," ","S","30","     0.0"," ","S","30"," -9999.0","Y"," "," 0"," -9999.0","Y"," "," 0"," -9999.0","Y"," "," 0","     2.3"," ","S","30","    14.6"," ","S","30","     4.2"," ","S","30","     2.8"," ","S","30","     1.7"," ","S","30","     1.3"," ","S","30","     0.8"," ","S","30","     0.2"," ","S","30","     0.0"," ","S","30"," -9999.0","Y"," "," 0"," -9999.0","Y"," "," 0"," -9999.0","Y"," "," 0"
"USC00118740","03-27"," 40.0839"," -88.2403"," 219.8","CHAMPAIGN 3S, IL US","03","27","99","    45.0"," ","S","29","    55.3"," ","S","29","    34.8"," ","S","29","    20.5"," ","S","29","     9.8"," ","S","29","    11.8"," ","S","29","     9.1"," ","S","29","     7.9"," ","S","29","    20.0"," ","S","29","     1.7"," ","S","29","     3.8"," ","S","29","     7.1"," ","S","29","    10.9"," ","S","29","    12.6"," ","S","29","    15.3"," ","S","29","     0.1"," ","S","29","     6.7"," ","S","29","     3.9"," ","S","29","     2.1"," ","S","29","     1.0"," ","S","29","     0.7"," ","S","29","     0.3"," ","S","29","     0.0","X","S","29","     0.0"," ","S","29","     0.1"," ","S","29","     6.7"," ","S","29","     3.9"," ","S","29","     2.1"," ","S","29","     1.0"," ","S","29","     0.7"," ","S","29","     0.3"," ","S","29","     0.0","X","S","29","     0.0"," ","S","29","     4.8"," ","S","29","     4.0"," ","S","29","    35.9"," ","S","30","    21.3"," ","S","30","    13.3"," ","S","30","     7.3"," ","S","30","     1.7"," ","S","30","     0.2"," ","S","30","     0.0"," ","S","30","     0.0"," ","S","30","    0.04"," ","S","30","    0.14"," ","S","30","    0.40"," ","S","30","    2.36"," ","S","30","    6.85"," ","S","30","     4.1"," ","S","30","     1.3"," ","S","30","     0.7"," ","S","30","     0.4"," ","S","30","     0.4"," ","S","30","     0.2"," ","S","30","     0.1"," ","S","30","     0.0"," ","S","30"," -9999.0","Y"," "," 0"," -9999.0","Y"," "," 0"," -9999.0","Y"," "," 0","     2.3"," ","S","30","    14.6"," ","S","30","     3.9"," ","S","30","     2.6"," ","S","30","     1.6"," ","S","30","     1.2"," ","S","30","     0.8"," ","S","30","     0.2"," ","S","30","     0.0"," ","S","30"," -9999.0","Y"," "," 0"," -9999.0","Y"," "," 0"," -9999.0","Y"," "," 0"
"USC00118740","03-28"," 40.0839"," -88.2403"," 219.8","CHAMPAIGN 3S, IL US","03","28","99","    45.4"," ","S","29","    55.7"," ","S","29","    35.1"," ","S","29","    20.6"," ","S","29","     9.8"," ","S","29","    11.8"," ","S","29","     9.1"," ","S","29","     7.8"," ","S","29","    19.7"," ","S","29","     1.6"," ","S","29","     3.6"," ","S","29","     6.8"," ","S","29","    10.6"," ","S","29","    12.3"," ","S","29","    14.9"," ","S","29","     0.1"," ","S","29","     7.0"," ","S","29","     4.0"," ","S","29","     2.2"," ","S","29","     1.0"," ","S","29","     0.7"," ","S","29","     0.3"," ","S","29","     0.0","X","S","29","     0.0"," ","S","29","     0.1"," ","S","29","     7.0"," ","S","29","     4.0"," ","S","29","     2.2"," ","S","29","     1.0"," ","S","29","     0.7"," ","S","29","     0.3"," ","S","29","     0.0","X","S","29","     0.0"," ","S","29","     4.9"," ","S","29","     4.1"," ","S","29","    36.1"," ","S","30","    21.6"," ","S","30","    13.5"," ","S","30","     7.4"," ","S","30","     1.7"," ","S","30","     0.2"," ","S","30","     0.0"," ","S","30","     0.0"," ","S","30","    0.04"," ","S","30","    0.15"," ","S","30","    0.40"," ","S","30","    2.46"," ","S","30","    6.95"," ","S","30","     3.8"," ","S","30","     1.2"," ","S","30","     0.6"," ","S","30","     0.4"," ","S","30","     0.4"," ","S","30","     0.2"," ","S","30","     0.1"," ","S","30","     0.0"," ","S","30"," -9999.0","Y"," "," 0"," -9999.0","Y"," "," 0"," -9999.0","Y"," "," 0","     2.4"," ","S","30","    14.7"," ","S","30","     3.6"," ","S","30","     2.4"," ","S","30","     1.4"," ","S","30","     1.1"," ","S","30","     0.7"," ","S","30","     0.1"," ","S","30","     0.0"," ","S","30"," -9999.0","Y"," "," 0"," -9999.0","Y"," "," 0"," -9999.0","Y"," "," 0"
"USC00118740","03-29"," 40.0839"," -88.2403"," 219.8","CHAMPAIGN 3S, IL US","03","29","99","    45.8"," ","S","29","    56.1"," ","S","29","    35.4"," ","S","29","    20.7"," ","S","29","     9.8"," ","S","29","    11.7"," ","S","29","     9.1"," ","S","29","     7.8"," ","S","29","    19.3"," ","S","29","     1.5"," ","S","29","     3.4"," ","S","29","     6.5"," ","S","29","    10.3"," ","S","29","    11.9"," ","S","29","    14.6"," ","S","29","     0.1"," ","S","29","     7.3"," ","S","29","     4.2"," ","S","29","     2.3"," ","S","29","     1.0"," ","S","29","     0.7"," ","S","29","     0.4"," ","S","29","     0.0","X","S","29","     0.0"," ","S","29","     0.1"," ","S","29","     7.3"," ","S","29","     4.2"," ","S","29","     2.3"," ","S","29","     1.0"," ","S","29","     0.7"," ","S","29","     0.4"," ","S","29","     0.0","X","S","29","     0.0"," ","S","29","     5.1"," ","S","29","     4.3"," ","S","29","    36.2"," ","S","30","    21.8"," ","S","30","    13.7"," ","S","30","     7.5"," ","S","30","     1.7"," ","S","30","     0.2"," ","S","30","     0.0"," ","S","30","     0.0"," ","S","30","    0.04"," ","S","30","    0.15"," ","S","30","    0.41"," ","S","30","    2.56"," ","S","30","    7.05"," ","S","30","     3.6"," ","S","30","     1.2"," ","S","30","     0.6"," ","S","30","     0.4"," ","S","30","     0.4"," ","S","30","     0.2"," ","S","30","     0.1"," ","S","30","     0.0"," ","S","30"," -9999.0","Y"," "," 0"," -9999.0","Y"," "," 0"," -9999.0","Y"," "," 0","     2.4"," ","S","30","    14.7"," ","S","30","     3.3"," ","S","30","     2.2"," ","S","30","     1.3"," ","S","30","     1.0"," ","S","30","     0.6"," ","S","30","     0.1"," ","S","30","     0.0"," ","S","30"," -9999.0","Y"," "," 0"," -9999.0","Y"," "," 0"," -9999.0","Y"," "," 0"
"USC00118740","03-30"," 40.0839"," -88.2403"," 219.8","CHAMPAIGN 3S, IL US","03","30","99","    46.2"," ","S","29","    56.6"," ","S","29","    35.8"," ","S","29","    20.8"," ","S","29","     9.7"," ","S","29","    11.7"," ","S","29","     9.1"," ","S","29","     7.8"," ","S","29","    18.9"," ","S","29","     1.4"," ","S","29","     3.3"," ","S","29","     6.2"," ","S","29","     9.9"," ","S","29","    11.6"," ","S","29","    14.2"," ","S","29","     0.1"," ","S","29","     7.6"," ","S","29","     4.4"," ","S","29","     2.4"," ","S","29","     1.1"," ","S","29","     0.8"," ","S","29","     0.4"," ","S","29","     0.0","X","S","29","     0.0"," ","S","29","     0.1"," ","S","29","     7.6"," ","S","29","     4.4"," ","S","29","     2.4"," ","S","29","     1.1"," ","S","29","     0.8"," ","S","29","     0.4"," ","S","29","     0.0","X","S","29","     0.0"," ","S","29","     5.3"," ","S","29","     4.4"," ","S","29","    36.4"," ","S","30","    22.0"," ","S","30","    13.9"," ","S","30","     7.5"," ","S","30","     1.7"," ","S","30","     0.2"," ","S","30","     0.0"," ","S","30","     0.0"," ","S","30","    0.04"," ","S","30","    0.15"," ","S","30","    0.41"," ","S","30","    2.66"," ","S","30","    7.15"," ","S","30","     3.4"," ","S","30","     1.1"," ","S","30","     0.6"," ","S","30","     0.4"," ","S","30","     0.3"," ","S","30","     0.2"," ","S","30","     0.1"," ","S","30","     0.0"," ","S","30"," -9999.0","Y"," "," 0"," -9999.0","Y"," "," 0"," -9999.0","Y"," "," 0","     2.5"," ","S","30","    14.8"," ","S","30","     3.0"," ","S","30","     2.0"," ","S","30","     1.1"," ","S","30","     0.9"," ","S","30","     0.6"," ","S","30","     0.1"," ","S","30","     0.0"," ","S","30"," -9999.0","Y"," "," 0"," -9999.0","Y"," "," 0"," -9999.0","Y"," "," 0"
"USC00118740","03-31"," 40.0839"," -88.2403"," 219.8","CHAMPAIGN 3S, IL US","03","31","99","    46.5"," ","S","29","    57.0"," ","S","29","    36.1"," ","S","29","    20.9"," ","S","29","     9.7"," ","S","29","    11.6"," ","S","29","     9.1"," ","S","29","     7.8"," ","S","29","    18.6"," ","S","29","     1.4"," ","S","29","     3.1"," ","S","29","     6.0"," ","S","29","     9.6"," ","S","29","    11.3"," ","S","29","    13.9"," ","S","29","     0.1"," ","S","29","     7.9"," ","S","29","     4.7"," ","S","29","     2.6"," ","S","29","     1.2"," ","S","29","     0.8"," ","S","29","     0.4"," ","S","29","     0.0","X","S","29","     0.0","X","S","29","     0.1"," ","S","29","     7.9"," ","S","29","     4.7"," ","S","29","     2.6"," ","S","29","     1.2"," ","S","29","     0.8"," ","S","29","     0.4"," ","S","29","     0.0","X","S","29","     0.0","X","S","29","     5.5"," ","S","29","     4.6"," ","S","29","    36.6"," ","S","30","    22.2"," ","S","30","    14.1"," ","S","30","     7.6"," ","S","30","     1.8"," ","S","30","     0.2"," ","S","30","     0.0"," ","S","30","     0.0"," ","S","30","    0.04"," ","S","30","    0.15"," ","S","30","    0.41"," ","S","30","    2.77"," ","S","30","    7.26"," ","S","30","     3.2"," ","S","30","     1.0"," ","S","30","     0.5"," ","S","30","     0.4"," ","S","30","     0.3"," ","S","30","     0.2"," ","S","30","     0.1"," ","S","30","     0.0"," ","S","30"," -9999.0","Y"," "," 0"," -9999.0","Y"," "," 0"," -9999.0","Y"," "," 0","     2.5"," ","S","30","    14.8"," ","S","30","     2.8"," ","S","30","     1.8"," ","S","30","     1.0"," ","S","30","     0.8"," ","S","30","     0.5"," ","S","30","     0.1"," ","S","30","     0.0"," ","S","30"," -9999.0","Y"," "," 0"," -9999.0","Y"," "," 0"," -9999.0","Y"," "," 0"
"USC00118740","04-01"," 40.0839"," -88.2403"," 219.8","CHAMPAIGN 3S, IL US","04","01","99","    46.9"," ","S","30","    57.4"," ","S","30","    36.4"," ","S","30","    21.0"," ","S","30","     9.7"," ","S","30","    11.6"," ","S","30","     9.1"," ","S","30","     7.8"," ","S","30","    18.2"," ","S","30","     1.3"," ","S","30","     3.0"," ","S","30","     5.8"," ","S","30","     9.3"," ","S","30","    11.0"," ","S","30","    13.5"," ","S","30","     0.1"," ","S","30","     8.2"," ","S","30","     4.9"," ","S","30","     2.7"," ","S","30","     1.3"," ","S","30","     0.9"," ","S","30","     0.5"," ","S","30","     0.0","X","S","30","     0.0","X","S","30","     0.1"," ","S","30","     8.2"," ","S","30","     4.9"," ","S","30","     2.7"," ","S","30","     1.3"," ","S","30","     0.9"," ","S","30","     0.5"," ","S","30","     0.0","X","S","30","     0.0","X","S","30","     5.7"," ","S","30","     4.8"," ","S","30","    36.7"," ","S","30","    22.5"," ","S","30","    14.3"," ","S","30","     7.7"," ","S","30","     1.8"," ","S","30","     0.2"," ","S","30","     0.0"," ","S","30","     0.0"," ","S","30","    0.05"," ","S","30","    0.16"," ","S","30","    0.42"," ","S","30","    0.11"," ","S","29","    7.37"," ","S","29","     3.0"," ","S","30","     1.0"," ","S","30","     0.5"," ","S","30","     0.3"," ","S","30","     0.3"," ","S","30","     0.0"," ","S","30","     0.0"," ","S","30","     0.0"," ","S","30"," -9999.0","Y"," "," 0"," -9999.0","Y"," "," 0"," -9999.0","Y"," "," 0","     0.0"," ","S","30","    14.8"," ","S","30","     2.6"," ","S","30","     1.7"," ","S","30","     0.9"," ","S","30","     0.7"," ","S","30"," -9999.0","Z"," "," 0","     0.0"," ","S","30","     0.0"," ","S","30"," -9999.0","Y"," "," 0"," -9999.0","Y"," "," 0"," -9999.0","Y"," "," 0"
"USC00118740","04-02"," 40.0839"," -88.2403"," 219.8","CHAMPAIGN 3S, IL US","04","02","99","    47.3"," ","S","30","    57.8"," ","S","30","    36.8"," ","S","30","    21.1"," ","S","30","     9.6"," ","S","30","    11.5"," ","S","30","     9.1"," ","S","30","     7.8"," ","S","30","    17.8"," ","S","30","     1.2"," ","S","30","     2.8"," ","S","30","     5.5"," ","S","30","     9.0"," ","S","30","    10.6"," ","S","30","    13.2"," ","S","30","     0.1"," ","S","30","     8.5"," ","S","30","     5.1"," ","S","30","     2.8"," ","S","30","     1.3"," ","S","30","     0.9"," ","S","30","     0.5"," ","S","30","     0.0","X","S","30","     0.0","X","S","30","     0.1"," ","S","30","     8.5"," ","S","30","     5.1"," ","S","30","     2.8"," ","S","30","     1.3"," ","S","30","     0.9"," ","S","30","     0.5"," ","S","30","     0.0","X","S","30","     0.0","X","S","30","     5.8"," ","S","30","     5.0"," ","S","30","    36.9"," ","S","30","    22.7"," ","S","30","    14.5"," ","S","30","     7.8"," ","S","30","     1.8"," ","S","30","     0.2"," ","S","30","     0.0"," ","S","30","     0.0"," ","S","30","    0.05"," ","S","30","    0.16"," ","S","30","    0.42"," ","S","30","    0.23"," ","S","29","    7.49"," ","S","29","     2.8"," ","S","30","     0.9"," ","S","30","     0.5"," ","S","30","     0.3"," ","S","30","     0.3"," ","S","30","     0.0"," ","S","30","     0.0"," ","S","30","     0.0"," ","S","30"," -9999.0","Y"," "," 0"," -9999.0","Y"," "," 0"," -9999.0","Y"," "," 0","     0.1"," ","S","30","    14.9"," ","S","30","     2.4"," ","S","30","     1.6"," ","S","30","     0.8"," ","S","30","     0.7"," ","S","30"," -9999.0","Z"," "," 0","     0.0"," ","S","30","     0.0"," ","S","30"," -9999.0","Y"," "," 0"," -9999.0","Y"," "," 0"," -9999.0","Y"," "," 0"
"USC00118740","04-03"," 40.0839"," -88.2403"," 219.8","CHAMPAIGN 3S, IL US","04","03","99","    47.7"," ","S","30","    58.2"," ","S","30","    37.1"," ","S","30","    21.1"," ","S","30","     9.6"," ","S","30","    11.5"," ","S","30","     9.1"," ","S","30","     7.7"," ","S","30","    17.4"," ","S","30","     1.1"," ","S","30","     2.6"," ","S","30","     5.2"," ","S","30","     8.7"," ","S","30","    10.3"," ","S","30","    12.8"," ","S","30","     0.1"," ","S","30","     8.7"," ","S","30","     5.2"," ","S","30","     2.9"," ","S","30","     1.4"," ","S","30","     1.0"," ","S","30","     0.5"," ","S","30","     0.0","X","S","30","     0.0","X","S","30","     0.1"," ","S","30","     8.7"," ","S","30","     5.2"," ","S","30","     2.9"," ","S","30","     1.4"," ","S","30","     1.0"," ","S","30","     0.5"," ","S","30","     0.0","X","S","30","     0.0","X","S","30","     6.0"," ","S","30","     5.1"," ","S","30","    37.2"," ","S","30","    23.0"," ","S","30","    14.8"," ","S","30","     7.9"," ","S","30","     1.9"," ","S","30","     0.2"," ","S","30","     0.0"," ","S","30","     0.0"," ","S","30","    0.05"," ","S","30","    0.16"," ","S","30","    0.42"," ","S","30","    0.34"," ","S","29","    7.60"," ","S","29","     2.7"," ","S","30","     0.9"," ","S","30","     0.4"," ","S","30","     0.3"," ","S","30","     0.3"," ","S","30","     0.0"," ","S","30","     0.0"," ","S","30","     0.0"," ","S","30"," -9999.0","Y"," "," 0"," -9999.0","Y"," "," 0"," -9999.0","Y"," "," 0","     0.1"," ","S","30","    14.9"," ","S","30","     2.2"," ","S","30","     1.4"," ","S","30","     0.8"," ","S","30","     0.6"," ","S","30"," -9999.0","Z"," "," 0","     0.0"," ","S","30","     0.0"," ","S","30"," -9999.0","Y"," "," 0"," -9999.0","Y"," "," 0"," -9999.0","Y"," "," 0"
"USC00118740","04-04"," 40.0839"," -88.2403"," 219.8","CHAMPAIGN 3S, IL US","04","04","99","    48.1"," ","S","30","    58.7"," ","S","30","    37.4"," ","S","30","    21.2"," ","S","30","     9.5"," ","S","30","    11.4"," ","S","30","     9.0"," ","S","30","     7.7"," ","S","30","    17.1"," ","S","30","     0.9"," ","S","30","     2.4"," ","S","30","     5.0"," ","S","30","     8.4"," ","S","30","     9.9"," ","S","30","    12.5"," ","S","30","     0.1"," ","S","30","     9.0"," ","S","30","     5.4"," ","S","30","     3.0"," ","S","30","     1.4"," ","S","30","     1.0"," ","S","30","     0.5"," ","S","30","     0.0","X","S","30","     0.0","X","S","30","     0.1"," ","S","30","     9.0"," ","S","30","     5.4"," ","S","30","     3.0"," ","S","30","     1.4"," ","S","30","     1.0"," ","S","30","     0.5"," ","S","30","     0.0","X","S","30","     0.0","X","S","30","     6.2"," ","S","30","     5.3"," ","S","30","    37.4"," ","S","30","    23.3"," ","S","30","    15.0"," ","S","30","     8.0"," ","S","30","     1.9"," ","S","30","     0.2"," ","S","30","     0.0"," ","S","30","     0.0"," ","S","30","    0.05"," ","S","30","    0.17"," ","S","30","    0.43"," ","S","30","    0.45"," ","S","29","    7.71"," ","S","29","     2.5"," ","S","30","     0.8"," ","S","30","     0.4"," ","S","30","     0.3"," ","S","30","     0.3"," ","S","30","     0.0"," ","S","30","     0.0"," ","S","30","     0.0"," ","S","30"," -9999.0","Y"," "," 0"," -9999.0","Y"," "," 0"," -9999.0","Y"," "," 0","     0.1"," ","S","30","    14.9"," ","S","30","     2.0"," ","S","30","     1.3"," ","S","30","     0.7"," ","S","30","     0.6"," ","S","30"," -9999.0","Z"," "," 0","     0.0"," ","S","30","     0.0"," ","S","30"," -9999.0","Y"," "," 0"," -9999.0","Y"," "," 0"," -9999.0","Y"," "," 0"
"USC00118740","04-05"," 40.0839"," -88.2403"," 219.8","CHAMPAIGN 3S, IL US","04","05","99","    48.4"," ","S","30","    59.1"," ","S","30","    37.8"," ","S","30","    21.3"," ","S","30","     9.5"," ","S","30","    11.3"," ","S","30","     9.0"," ","S","30","     7.7"," ","S","30","    16.7"," ","S","30","     0.9"," ","S","30","     2.2"," ","S","30","     4.7"," ","S","30","     8.1"," ","S","30","     9.6"," ","S","30","    12.1"," ","S","30","     0.1"," ","S","30","     9.3"," ","S","30","     5.7"," ","S","30","     3.1"," ","S","30","     1.5"," ","S","30","     1.0"," ","S","30","     0.6"," ","S","30","     0.0","X","S","30","     0.0","X","S","30","     0.1"," ","S","30","     9.3"," ","S","30","     5.7"," ","S","30","     3.1"," ","S","30","     1.5"," ","S","30","     1.0"," ","S","30","     0.6"," ","S","30","     0.0","X","S","30","     0.0","X","S","30","     6.4"," ","S","30","     5.4"," ","S","30","    37.6"," ","S","30","    23.5"," ","S","30","    15.2"," ","S","30","     8.2"," ","S","30","     1.9"," ","S","30","     0.3"," ","S","30","     0.0"," ","S","30","     0.0"," ","S","30","    0.05"," ","S","30","    0.17"," ","S","30","    0.43"," ","S","30","    0.57"," ","S","29","    7.83"," ","S","29","     2.3"," ","S","30","     0.7"," ","S","30","     0.4"," ","S","30","     0.3"," ","S","30","     0.3"," ","S","30","     0.0"," ","S","30","     0.0"," ","S","30","     0.0"," ","S","30"," -9999.0","Y"," "," 0"," -9999.0","Y"," "," 0"," -9999.0","Y"," "," 0","     0.1"," ","S","30","    14.9"," ","S","30","     1.9"," ","S","30","     1.2"," ","S","30","     0.6"," ","S","30","     0.5"," ","S","30"," -9999.0","Z"," "," 0","     0.0"," ","S","30","     0.0"," ","S","30"," -9999.0","Y"," "," 0"," -9999.0","Y"," "," 0"," -9999.0","Y"," "," 0"
"USC00118740","04-06"," 40.0839"," -88.2403"," 219.8","CHAMPAIGN 3S, IL US","04","06","99","    48.8"," ","S","30","    59.5"," ","S","30","    38.1"," ","S","30","    21.3"," ","S","30","     9.4"," ","S","30","    11.3"," ","S","30","     8.9"," ","S","30","     7.7"," ","S","30","    16.3"," ","S","30","     0.8"," ","S","30","     2.1"," ","S","30","     4.5"," ","S","30","     7.8"," ","S","30","     9.3"," ","S","30","    11.8"," ","S","30","     0.1"," ","S","30","     9.6"," ","S","30","     5.9"," ","S","30","     3.3"," ","S","30","     1.6"," ","S","30","     1.1"," ","S","30","     0.6"," ","S","30","     0.0","X","S","30","     0.0","X","S","30","     0.1"," ","S","30","     9.6"," ","S","30","     5.9"," ","S","30","     3.3"," ","S","30","     1.6"," ","S","30","     1.1"," ","S","30","     0.6"," ","S","30","     0.0","X","S","30","     0.0","X","S","30","     6.6"," ","S","30","     5.6"," ","S","30","    37.9"," ","S","30","    23.8"," ","S","30","    15.4"," ","S","30","     8.3"," ","S","30","     2.0"," ","S","30","     0.3"," ","S","30","     0.0"," ","S","30","     0.0"," ","S","30","    0.05"," ","S","30","    0.17"," ","S","30","    0.43"," ","S","30","    0.69"," ","S","29","    7.95"," ","S","29","     2.2"," ","S","30","     0.7"," ","S","30","     0.3"," ","S","30","     0.2"," ","S","30","     0.2"," ","S","30","     0.0"," ","S","30","     0.0"," ","S","30","     0.0"," ","S","30"," -9999.0","Y"," "," 0"," -9999.0","Y"," "," 0"," -9999.0","Y"," "," 0","     0.2"," ","S","30","    15.0"," ","S","30","     1.7"," ","S","30","     1.1"," ","S","30","     0.6"," ","S","30","     0.5"," ","S","30"," -9999.0","Z"," "," 0","     0.0"," ","S","30","     0.0"," ","S","30"," -9999.0","Y"," "," 0"," -9999.0","Y"," "," 0"," -9999.0","Y"," "," 0"
"USC00118740","04-07"," 40.0839"," -88.2403"," 219.8","CHAMPAIGN 3S, IL US","04","07","99","    49.2"," ","S","30","    59.9"," ","S","30","    38.5"," ","S","30","    21.4"," ","S","30","     9.3"," ","S","30","    11.2"," ","S","30","     8.9"," ","S","30","     7.7"," ","S","30","    16.0"," ","S","30","     0.8"," ","S","30","     2.0"," ","S","30","     4.3"," ","S","30","     7.5"," ","S","30","     9.0"," ","S","30","    11.5"," ","S","30","     0.1"," ","S","30","    10.0"," ","S","30","     6.2"," ","S","30","     3.5"," ","S","30","     1.7"," ","S","30","     1.2"," ","S","30","     0.7"," ","S","30","     0.0","X","S","30","     0.0","X","S","30","     0.1"," ","S","30","    10.0"," ","S","30","     6.2"," ","S","30","     3.5"," ","S","30","     1.7"," ","S","30","     1.2"," ","S","30","     0.7"," ","S","30","     0.0","X","S","30","     0.0","X","S","30","     6.8"," ","S","30","     5.8"," ","S","30","    38.2"," ","S","30","    24.0"," ","S","30","    15.6"," ","S","30","     8.4"," ","S","30","     2.0"," ","S","30","     0.3"," ","S","30","     0.0"," ","S","30","     0.0"," ","S","30","    0.05"," ","S","30","    0.17"," ","S","30","    0.44"," ","S","30","    0.82"," ","S","29","    8.08"," ","S","29","     2.0"," ","S","30","     0.6"," ","S","30","     0.3"," ","S","30","     0.2"," ","S","30","     0.2"," ","S","30","     0.0"," ","S","30","     0.0"," ","S","30","     0.0"," ","S","30"," -9999.0","Y"," "," 0"," -9999.0","Y"," "," 0"," -9999.0","Y"," "," 0","     0.2"," ","S","30","    15.0"," ","S","30","     1.6"," ","S","30","     1.0"," ","S","30","     0.5"," ","S","30","     0.4"," ","S","30"," -9999.0","Z"," "," 0","     0.0"," ","S","30","     0.0"," ","S","30"," -9999.0","Y"," "," 0"," -9999.0","Y"," "," 0"," -9999.0","Y"," "," 0"
"USC00118740","04-08"," 40.0839"," -88.2403"," 219.8","CHAMPAIGN 3S, IL US","04","08","99","    49.6"," ","S","30","    60.3"," ","S","30","    38.8"," ","S","30","    21.4"," ","S","30","     9.3"," ","S","30","    11.1"," ","S","30","     8.8"," ","S","30","     7.6"," ","S","30","    15.6"," ","S","30","     0.7"," ","S","30","     1.9"," ","S","30","     4.2"," ","S","30","     7.3"," ","S","30","     8.7"," ","S","30","    11.2"," ","S","30","     0.2"," ","S","30","    10.3"," ","S","30","     6.5"," ","S","30","     3.7"," ","S","30","     1.8"," ","S","30","     1.3"," ","S","30","     0.7"," ","S","30","     0.0","X","S","30","     0.0","X","S","30","     0.2"," ","S","30","    10.3"," ","S","30","     6.5"," ","S","30","     3.7"," ","S","30","     1.8"," ","S","30","     1.3"," ","S","30","     0.7"," ","S","30","     0.0","X","S","30","     0.0","X","S","30","     7.0"," ","S","30","     6.1"," ","S","30","    38.5"," ","S","30","    24.3"," ","S","30","    15.9"," ","S","30","     8.5"," ","S","30","     2.1"," ","S","30","     0.3"," ","S","30","     0.0"," ","S","30","     0.0"," ","S","30","    0.05"," ","S","30","    0.17"," ","S","30","    0.44"," ","S","30","    0.94"," ","S","29","    8.20"," ","S","29","     1.9"," ","S","30","     0.6"," ","S","30","     0.3"," ","S","30","     0.2"," ","S","30","     0.2"," ","S","30","     0.0"," ","S","30","     0.0"," ","S","30","     0.0"," ","S","30"," -9999.0","Y"," "," 0"," -9999.0","Y"," "," 0"," -9999.0","Y"," "," 0","     0.2"," ","S","30","    15.0"," ","S","30","     1.5"," ","S","30","     0.9"," ","S","30","     0.5"," ","S","30","     0.4"," ","S","30"," -9999.0","Z"," "," 0","     0.0"," ","S","30","     0.0"," ","S","30"," -9999.0","Y"," "," 0"," -9999.0","Y"," "," 0"," -9999.0","Y"," "," 0"
"USC00118740","04-09"," 40.0839"," -88.2403"," 219.8","CHAMPAIGN 3S, IL US","04","09","99","    49.9"," ","S","30","    60.7"," ","S","30","    39.2"," ","S","30","    21.5"," ","S","30","     9.2"," ","S","30","    11.1"," ","S","30","     8.8"," ","S","30","     7.6"," ","S","30","    15.3"," ","S","30","     0.7"," ","S","30","     1.9"," ","S","30","     4.0"," ","S","30","     7.0"," ","S","30","     8.5"," ","S","30","    10.9"," ","S","30","     0.2"," ","S","30","    10.6"," ","S","30","     6.8"," ","S","30","     4.0"," ","S","30","     2.0"," ","S","30","     1.4"," ","S","30","     0.8"," ","S","30","     0.0","X","S","30","     0.0","X","S","30","     0.2"," ","S","30","    10.6"," ","S","30","     6.8"," ","S","30","     4.0"," ","S","30","     2.0"," ","S","30","     1.4"," ","S","30","     0.8"," ","S","30","     0.0","X","S","30","     0.0","X","S","30","     7.3"," ","S","30","     6.3"," ","S","30","    38.8"," ","S","30","    24.6"," ","S","30","    16.1"," ","S","30","     8.6"," ","S","30","     2.1"," ","S","30","     0.3"," ","S","30","     0.0"," ","S","30","     0.0"," ","S","30","    0.05"," ","S","30","    0.18"," ","S","30","    0.44"," ","S","30","    1.06"," ","S","29","    8.32"," ","S","29","     1.7"," ","S","30","     0.5"," ","S","30","     0.3"," ","S","30","     0.2"," ","S","30","     0.2"," ","S","30","     0.0"," ","S","30","     0.0"," ","S","30","     0.0"," ","S","30"," -9999.0","Y"," "," 0"," -9999.0","Y"," "," 0"," -9999.0","Y"," "," 0","     0.2"," ","S","30","    15.0"," ","S","30","     1.4"," ","S","30","     0.8"," ","S","30","     0.4"," ","S","30","     0.4"," ","S","30"," -9999.0","Z"," "," 0","     0.0"," ","S","30","     0.0"," ","S","30"," -9999.0","Y"," "," 0"," -9999.0","Y"," "," 0"," -9999.0","Y"," "," 0"
"USC00118740","04-10"," 40.0839"," -88.2403"," 219.8","CHAMPAIGN 3S, IL US","04","10","99","    50.3"," ","S","30","    61.1"," ","S","30","    39.5"," ","S","30","    21.5"," ","S","30","     9.1"," ","S","30","    11.0"," ","S","30","     8.7"," ","S","30","     7.6"," ","S","30","    14.9"," ","S","30","     0.7"," ","S","30","     1.8"," ","S","30","     3.8"," ","S","30","     6.8"," ","S","30","     8.2"," ","S","30","    10.5"," ","S","30","     0.2"," ","S","30","    11.0"," ","S","30","     7.1"," ","S","30","     4.2"," ","S","30","     2.1"," ","S","30","     1.5"," ","S","30","     0.8"," ","S","30","     0.0","X","S","30","     0.0","X","S","30","     0.2"," ","S","30","    11.0"," ","S","30","     7.1"," ","S","30","     4.2"," ","S","30","     2.1"," ","S","30","     1.5"," ","S","30","     0.8"," ","S","30","     0.0","X","S","30","     0.0","X","S","30","     7.5"," ","S","30","     6.5"," ","S","30","    39.1"," ","S","30","    24.8"," ","S","30","    16.3"," ","S","30","     8.8"," ","S","30","     2.2"," ","S","30","     0.3"," ","S","30","     0.0"," ","S","30","     0.0"," ","S","30","    0.05"," ","S","30","    0.18"," ","S","30","    0.45"," ","S","30","    1.18"," ","S","29","    8.44"," ","S","29","     1.6"," ","S","30","     0.5"," ","S","30","     0.2"," ","S","30","     0.2"," ","S","30","     0.2"," ","S","30","     0.0"," ","S","30","     0.0"," ","S","30","     0.0"," ","S","30"," -9999.0","Y"," "," 0"," -9999.0","Y"," "," 0"," -9999.0","Y"," "," 0","     0.2"," ","S","30","    15.0"," ","S","30","     1.2"," ","S","30","     0.8"," ","S","30","     0.4"," ","S","30","     0.4"," ","S","30"," -9999.0","Z"," "," 0","     0.0"," ","S","30","     0.0"," ","S","30"," -9999.0","Y"," "," 0"," -9999.0","Y"," "," 0"," -9999.0","Y"," "," 0"
"USC00118740","04-11"," 40.0839"," -88.2403"," 219.8","CHAMPAIGN 3S, IL US","04","11","99","    50.7"," ","S","30","    61.5"," ","S","30","    39.9"," ","S","30","    21.6"," ","S","30","     9.1"," ","S","30","    10.9"," ","S","30","     8.6"," ","S","30","     7.6"," ","S","30","    14.5"," ","S","30","     0.6"," ","S","30","     1.7"," ","S","30","     3.7"," ","S","30","     6.5"," ","S","30","     7.9"," ","S","30","    10.2"," ","S","30","     0.2"," ","S","30","    11.3"," ","S","30","     7.4"," ","S","30","     4.4"," ","S","30","     2.2"," ","S","30","     1.6"," ","S","30","     0.9"," ","S","30","     0.0","X","S","30","     0.0","X","S","30","     0.2"," ","S","30","    11.3"," ","S","30","     7.4"," ","S","30","     4.4"," ","S","30","     2.2"," ","S","30","     1.6"," ","S","30","     0.9"," ","S","30","     0.0","X","S","30","     0.0","X","S","30","     7.7"," ","S","30","     6.7"," ","S","30","    39.3"," ","S","30","    25.1"," ","S","30","    16.5"," ","S","30","     8.9"," ","S","30","     2.2"," ","S","30","     0.3"," ","S","30","     0.0"," ","S","30","     0.0"," ","S","30","    0.05"," ","S","30","    0.18"," ","S","30","    0.45"," ","S","30","    1.30"," ","S","29","    8.56"," ","S","29","     1.4"," ","S","30","     0.5"," ","S","30","     0.2"," ","S","30","     0.2"," ","S","30","     0.2"," ","S","30","     0.0"," ","S","30","     0.0"," ","S","30","     0.0"," ","S","30"," -9999.0","Y"," "," 0"," -9999.0","Y"," "," 0"," -9999.0","Y"," "," 0","     0.2"," ","S","30","    15.0"," ","S","30","     1.1"," ","S","30","     0.7"," ","S","30","     0.4"," ","S","30","     0.3"," ","S","30"," -9999.0","Z"," "," 0","     0.0"," ","S","30","     0.0"," ","S","30"," -9999.0","Y"," "," 0"," -9999.0","Y"," "," 0"," -9999.0","Y"," "," 0"
"USC00118740","04-12"," 40.0839"," -88.2403"," 219.8","CHAMPAIGN 3S, IL US","04","12","99","    51.1"," ","S","30","    61.9"," ","S","30","    40.3"," ","S","30","    21.6"," ","S","30","     9.0"," ","S","30","    10.8"," ","S","30","     8.6"," ","S","30","     7.6"," ","S","30","    14.2"," ","S","30","     0.6"," ","S","30","     1.6"," ","S","30","     3.5"," ","S","30","     6.2"," ","S","30","     7.6"," ","S","30","     9.9"," ","S","30","     0.2"," ","S","30","    11.6"," ","S","30","     7.7"," ","S","30","     4.5"," ","S","30","     2.3"," ","S","30","     1.7"," ","S","30","     0.9"," ","S","30","     0.0","X","S","30","     0.0","X","S","30","     0.2"," ","S","30","    11.6"," ","S","30","     7.7"," ","S","30","     4.5"," ","S","30","     2.3"," ","S","30","     1.7"," ","S","30","     0.9"," ","S","30","     0.0","X","S","30","     0.0","X","S","30","     7.9"," ","S","30","     6.8"," ","S","30","    39.5"," ","S","30","    25.3"," ","S","30","    16.6"," ","S","30","     9.0"," ","S","30","     2.3"," ","S","30","     0.3"," ","S","30","     0.0"," ","S","30","     0.0"," ","S","30","    0.05"," ","S","30","    0.18"," ","S","30","    0.45"," ","S","30","    1.42"," ","S","29","    8.68"," ","S","29","     1.3"," ","S","30","     0.4"," ","S","30","     0.2"," ","S","30","     0.2"," ","S","30","     0.2"," ","S","30","     0.0"," ","S","30","     0.0"," ","S","30","     0.0"," ","S","30"," -9999.0","Y"," "," 0"," -9999.0","Y"," "," 0"," -9999.0","Y"," "," 0","     0.3"," ","S","30","    15.1"," ","S","30","     1.0"," ","S","30","     0.6"," ","S","30","     0.4"," ","S","30","     0.3"," ","S","30"," -9999.0","Z"," "," 0","     0.0"," ","S","30","     0.0"," ","S","30"," -9999.0","Y"," "," 0"," -9999.0","Y"," "," 0"," -9999.0","Y"," "," 0"
"USC00118740","04-13"," 40.0839"," -88.2403"," 219.8","CHAMPAIGN 3S, IL US","04","13","99","    51.4"," ","S","30","    62.3"," ","S","30","    40.6"," ","S","30","    21.6"," ","S","30","     8.9"," ","S","30","    10.7"," ","S","30","     8.5"," ","S","30","     7.6"," ","S","30","    13.8"," ","S","30","     0.5"," ","S","30","     1.5"," ","S","30","     3.2"," ","S","30","     6.0"," ","S","30","     7.3"," ","S","30","     9.5"," ","S","30","     0.2"," ","S","30","    12.0"," ","S","30","     7.9"," ","S","30","     4.7"," ","S","30","     2.4"," ","S","30","     1.7"," ","S","30","     1.0"," ","S","30","     0.0","X","S","30","     0.0","X","S","30","     0.2"," ","S","30","    12.0"," ","S","30","     7.9"," ","S","30","     4.7"," ","S","30","     2.4"," ","S","30","     1.7"," ","S","30","     1.0"," ","S","30","     0.0","X","S","30","     0.0","X","S","30","     8.1"," ","S","30","     7.0"," ","S","30","    39.8"," ","S","30","    25.6"," ","S","30","    16.8"," ","S","30","     9.1"," ","S","30","     2.3"," ","S","30","     0.3"," ","S","30","     0.0"," ","S","30","     0.0"," ","S","30","    0.05"," ","S","30","    0.18"," ","S","30","    0.46"," ","S","30","    1.54"," ","S","29","    8.80"," ","S","29","     1.2"," ","S","30","     0.4"," ","S","30","     0.2"," ","S","30","     0.2"," ","S","30","     0.2"," ","S","30","     0.0"," ","S","30","     0.0"," ","S","30","     0.0"," ","S","30"," -9999.0","Y"," "," 0"," -9999.0","Y"," "," 0"," -9999.0","Y"," "," 0","     0.3"," ","S","30","    15.1"," ","S","30","     0.9"," ","S","30","     0.6"," ","S","30","     0.3"," ","S","30","     0.3"," ","S","30"," -9999.0","Z"," "," 0","     0.0"," ","S","30","     0.0"," ","S","30"," -9999.0","Y"," "," 0"," -9999.0","Y"," "," 0"," -9999.0","Y"," "," 0"
"USC00118740","04-14"," 40.0839"," -88.2403"," 219.8","CHAMPAIGN 3S, IL US","04","14","99","    51.8"," ","S","30","    62.6"," ","S","30","    41.0"," ","S","30","    21.6"," ","S","30","     8.8"," ","S","30","    10.6"," ","S","30","     8.4"," ","S","30","     7.6"," ","S","30","    13.4"," ","S","30","     0.4"," ","S","30","     1.3"," ","S","30","     3.0"," ","S","30","     5.6"," ","S","30","     7.0"," ","S","30","     9.2"," ","S","30","     0.2"," ","S","30","    12.3"," ","S","30","     8.1"," ","S","30","     4.8"," ","S","30","     2.5"," ","S","30","     1.8"," ","S","30","     1.0"," ","S","30","     0.0","X","S","30","     0.0","X","S","30","     0.2"," ","S","30","    12.3"," ","S","30","     8.1"," ","S","30","     4.8"," ","S","30","     2.5"," ","S","30","     1.8"," ","S","30","     1.0"," ","S","30","     0.0","X","S","30","     0.0","X","S","30","     8.2"," ","S","30","     7.1"," ","S","30","    40.1"," ","S","30","    25.8"," ","S","30","    17.0"," ","S","30","     9.2"," ","S","30","     2.4"," ","S","30","     0.3"," ","S","30","     0.0"," ","S","30","     0.0"," ","S","30","    0.05"," ","S","30","    0.18"," ","S","30","    0.46"," ","S","30","    1.67"," ","S","29","    8.93"," ","S","29","     1.1"," ","S","30","     0.4"," ","S","30","     0.2"," ","S","30","     0.1"," ","S","30","     0.1"," ","S","30","     0.0"," ","S","30","     0.0"," ","S","30","     0.0"," ","S","30"," -9999.0","Y"," "," 0"," -9999.0","Y"," "," 0"," -9999.0","Y"," "," 0","     0.3"," ","S","30","    15.1"," ","S","30","     0.9"," ","S","30","     0.5"," ","S","30","     0.3"," ","S","30","     0.3"," ","S","30"," -9999.0","Z"," "," 0","     0.0"," ","S","30","     0.0"," ","S","30"," -9999.0","Y"," "," 0"," -9999.0","Y"," "," 0"," -9999.0","Y"," "," 0"
"USC00118740","04-15"," 40.0839"," -88.2403"," 219.8","CHAMPAIGN 3S, IL US","04","15","99","    52.2"," ","S","30","    63.0"," ","S","30","    41.4"," ","S","30","    21.7"," ","S","30","     8.7"," ","S","30","    10.5"," ","S","30","     8.3"," ","S","30","     7.5"," ","S","30","    13.1"," ","S","30","     0.3"," ","S","30","     1.1"," ","S","30","     2.7"," ","S","30","     5.3"," ","S","30","     6.6"," ","S","30","     8.8"," ","S","30","     0.2"," ","S","30","    12.5"," ","S","30","     8.3"," ","S","30","     4.9"," ","S","30","     2.5"," ","S","30","     1.8"," ","S","30","     1.0"," ","S","30","     0.0","X","S","30","     0.0","X","S","30","     0.2"," ","S","30","    12.5"," ","S","30","     8.3"," ","S","30","     4.9"," ","S","30","     2.5"," ","S","30","     1.8"," ","S","30","     1.0"," ","S","30","     0.0","X","S","30","     0.0","X","S","30","     8.3"," ","S","30","     7.3"," ","S","30","    40.4"," ","S","30","    26.0"," ","S","30","    17.2"," ","S","30","     9.3"," ","S","30","     2.4"," ","S","30","     0.4"," ","S","30","     0.0"," ","S","30","     0.0"," ","S","30","    0.05"," ","S","30","    0.19"," ","S","30","    0.46"," ","S","30","    1.80"," ","S","29","    9.06"," ","S","29","     1.1"," ","S","30","     0.3"," ","S","30","     0.2"," ","S","30","     0.1"," ","S","30","     0.1"," ","S","30","     0.0"," ","S","30","     0.0"," ","S","30","     0.0"," ","S","30"," -9999.0","Y"," "," 0"," -9999.0","Y"," "," 0"," -9999.0","Y"," "," 0","     0.3"," ","S","30","    15.1"," ","S","30","     0.8"," ","S","30","     0.5"," ","S","30","     0.3"," ","S","30","     0.2"," ","S","30"," -9999.0","Z"," "," 0","     0.0"," ","S","30","     0.0"," ","S","30"," -9999.0","Y"," "," 0"," -9999.0","Y"," "," 0"," -9999.0","Y"," "," 0"
"USC00118740","04-16"," 40.0839"," -88.2403"," 219.8","CHAMPAIGN 3S, IL US","04","16","99","    52.6"," ","S","30","    63.4"," ","S","30","    41.7"," ","S","30","    21.7"," ","S","30","     8.6"," ","S","30","    10.4"," ","S","30","     8.3"," ","S","30","     7.5"," ","S","30","    12.7"," ","S","30","     0.3"," ","S","30","     1.0"," ","S","30","     2.5"," ","S","30","     5.0"," ","S","30","     6.2"," ","S","30","     8.4"," ","S","30","     0.2"," ","S","30","    12.8"," ","S","30","     8.5"," ","S","30","     5.0"," ","S","30","     2.5"," ","S","30","     1.8"," ","S","30","     1.0"," ","S","30","     0.0","X","S","30","     0.0","X","S","30","     0.2"," ","S","30","    12.8"," ","S","30","     8.5"," ","S","30","     5.0"," ","S","30","     2.5"," ","S","30","     1.8"," ","S","30","     1.0"," ","S","30","     0.0","X","S","30","     0.0","X","S","30","     8.5"," ","S","30","     7.4"," ","S","30","    40.6"," ","S","30","    26.2"," ","S","30","    17.3"," ","S","30","     9.4"," ","S","30","     2.5"," ","S","30","     0.4"," ","S","30","     0.0"," ","S","30","     0.0"," ","S","30","    0.05"," ","S","30","    0.19"," ","S","30","    0.46"," ","S","30","    1.93"," ","S","29","    9.19"," ","S","29","     1.0"," ","S","30","     0.3"," ","S","30","     0.1"," ","S","30","     0.1"," ","S","30","     0.1"," ","S","30","     0.0"," ","S","30","     0.0"," ","S","30","     0.0"," ","S","30"," -9999.0","Y"," "," 0"," -9999.0","Y"," "," 0"," -9999.0","Y"," "," 0","     0.3"," ","S","30","    15.1"," ","S","30","     0.7"," ","S","30","     0.4"," ","S","30","     0.2"," ","S","30","     0.2"," ","S","30"," -9999.0","Z"," "," 0","     0.0"," ","S","30","     0.0"," ","S","30"," -9999.0","Y"," "," 0"," -9999.0","Y"," "," 0"," -9999.0","Y"," "," 0"
"USC00118740","04-17"," 40.0839"," -88.2403"," 219.8","CHAMPAIGN 3S, IL US","04","17","99","    52.9"," ","S","30","    63.8"," ","S","30","    42.1"," ","S","30","    21.7"," ","S","30","     8.5"," ","S","30","    10.4"," ","S","30","     8.2"," ","S","30","     7.5"," ","S","30","    12.3"," ","S","30","     0.2"," ","S","30","     0.9"," ","S","30","     2.2"," ","S","30","     4.7"," ","S","30","     5.9"," ","S","30","     8.1"," ","S","30","     0.3"," ","S","30","    13.2"," ","S","30","     8.8"," ","S","30","     5.1"," ","S","30","     2.6"," ","S","30","     1.8"," ","S","30","     1.0"," ","S","30","     0.0","X","S","30","     0.0","X","S","30","     0.3"," ","S","30","    13.2"," ","S","30","     8.8"," ","S","30","     5.1"," ","S","30","     2.6"," ","S","30","     1.8"," ","S","30","     1.0"," ","S","30","     0.0","X","S","30","     0.0","X","S","30","     8.7"," ","S","30","     7.6"," ","S","30","    40.8"," ","S","30","    26.4"," ","S","30","    17.4"," ","S","30","     9.5"," ","S","30","     2.5"," ","S","30","     0.4"," ","S","30","     0.0"," ","S","30","     0.0"," ","S","30","    0.05"," ","S","30","    0.19"," ","S","30","    0.46"," ","S","30","    2.07"," ","S","29","    9.33"," ","S","29","     0.9"," ","S","30","     0.3"," ","S","30","     0.1"," ","S","30","     0.1"," ","S","30","     0.1"," ","S","30","     0.0"," ","S","30","     0.0"," ","S","30","     0.0"," ","S","30"," -9999.0","Y"," "," 0"," -9999.0","Y"," "," 0"," -9999.0","Y"," "," 0","     0.3"," ","S","30","    15.1"," ","S","30","     0.6"," ","S","30","     0.4"," ","S","30","     0.2"," ","S","30","     0.2"," ","S","30"," -9999.0","Z"," "," 0","     0.0"," ","S","30","     0.0"," ","S","30"," -9999.0","Y"," "," 0"," -9999.0","Y"," "," 0"," -9999.0","Y"," "," 0"
"USC00118740","04-18"," 40.0839"," -88.2403"," 219.8","CHAMPAIGN 3S, IL US","04","18","99","    53.3"," ","S","30","    64.1"," ","S","30","    42.5"," ","S","30","    21.7"," ","S","30","     8.5"," ","S","30","    10.3"," ","S","30","     8.1"," ","S","30","     7.5"," ","S","30","    12.0"," ","S","30","     0.2"," ","S","30","     0.8"," ","S","30","     2.0"," ","S","30","     4.4"," ","S","30","     5.6"," ","S","30","     7.8"," ","S","30","     0.3"," ","S","30","    13.5"," ","S","30","     9.1"," ","S","30","     5.3"," ","S","30","     2.7"," ","S","30","     1.9"," ","S","30","     1.1"," ","S","30","     0.0","X","S","30","     0.0","X","S","30","     0.3"," ","S","30","    13.5"," ","S","30","     9.1"," ","S","30","     5.3"," ","S","30","     2.7"," ","S","30","     1.9"," ","S","30","     1.1"," ","S","30","     0.0","X","S","30","     0.0","X","S","30","     8.9"," ","S","30","     7.7"," ","S","30","    41.0"," ","S","30","    26.6"," ","S","30","    17.5"," ","S","30","     9.5"," ","S","30","     2.6"," ","S","30","     0.4"," ","S","30","     0.0"," ","S","30","     0.0"," ","S","30","    0.05"," ","S","30","    0.19"," ","S","30","    0.46"," ","S","30","    2.21"," ","S","29","    9.47"," ","S","29","     0.8"," ","S","30","     0.2"," ","S","30","     0.1"," ","S","30","     0.1"," ","S","30","     0.1"," ","S","30","     0.0"," ","S","30","     0.0"," ","S","30","     0.0"," ","S","30"," -9999.0","Y"," "," 0"," -9999.0","Y"," "," 0"," -9999.0","Y"," "," 0","     0.3"," ","S","30","    15.1"," ","S","30","     0.6"," ","S","30","     0.4"," ","S","30","     0.2"," ","S","30","     0.2"," ","S","30"," -9999.0","Z"," "," 0","     0.0"," ","S","30","     0.0"," ","S","30"," -9999.0","Y"," "," 0"," -9999.0","Y"," "," 0"," -9999.0","Y"," "," 0"
"USC00118740","04-19"," 40.0839"," -88.2403"," 219.8","CHAMPAIGN 3S, IL US","04","19","99","    53.7"," ","S","30","    64.5"," ","S","30","    42.8"," ","S","30","    21.7"," ","S","30","     8.4"," ","S","30","    10.2"," ","S","30","     8.1"," ","S","30","     7.5"," ","S","30","    11.6"," ","S","30","     0.2"," ","S","30","     0.7"," ","S","30","     1.8"," ","S","30","     4.1"," ","S","30","     5.3"," ","S","30","     7.4"," ","S","30","     0.3"," ","S","30","    13.8"," ","S","30","     9.4"," ","S","30","     5.5"," ","S","30","     2.8"," ","S","30","     2.0"," ","S","30","     1.1"," ","S","30","     0.0","X","S","30","     0.0","X","S","30","     0.3"," ","S","30","    13.8"," ","S","30","     9.4"," ","S","30","     5.5"," ","S","30","     2.8"," ","S","30","     2.0"," ","S","30","     1.1"," ","S","30","     0.0","X","S","30","     0.0","X","S","30","     9.1"," ","S","30","     7.9"," ","S","30","    41.3"," ","S","30","    26.7"," ","S","30","    17.6"," ","S","30","     9.6"," ","S","30","     2.6"," ","S","30","     0.4"," ","S","30","     0.0"," ","S","30","     0.0"," ","S","30","    0.05"," ","S","30","    0.19"," ","S","30","    0.46"," ","S","30","    2.35"," ","S","29","    9.61"," ","S","29","     0.7"," ","S","30","     0.2"," ","S","30","     0.1"," ","S","30","     0.1"," ","S","30","     0.1"," ","S","30","     0.0"," ","S","30","     0.0"," ","S","30","     0.0"," ","S","30"," -9999.0","Y"," "," 0"," -9999.0","Y"," "," 0"," -9999.0","Y"," "," 0","     0.3"," ","S","30","    15.1"," ","S","30","     0.5"," ","S","30","     0.3"," ","S","30","     0.2"," ","S","30","     0.2"," ","S","30"," -9999.0","Z"," "," 0","     0.0"," ","S","30","     0.0"," ","S","30"," -9999.0","Y"," "," 0"," -9999.0","Y"," "," 0"," -9999.0","Y"," "," 0"
"USC00118740","04-20"," 40.0839"," -88.2403"," 219.8","CHAMPAIGN 3S, IL US","04","20","99","    54.1"," ","S","30","    64.9"," ","S","30","    43.2"," ","S","30","    21.7"," ","S","30","     8.3"," ","S","30","    10.1"," ","S","30","     8.0"," ","S","30","     7.5"," ","S","30","    11.3"," ","S","30","     0.2"," ","S","30","     0.6"," ","S","30","     1.7"," ","S","30","     3.8"," ","S","30","     5.0"," ","S","30","     7.1"," ","S","30","     0.3"," ","S","30","    14.2"," ","S","30","     9.7"," ","S","30","     5.7"," ","S","30","     2.9"," ","S","30","     2.1"," ","S","30","     1.2"," ","S","30","     0.0","X","S","30","     0.0","X","S","30","     0.3"," ","S","30","    14.2"," ","S","30","     9.7"," ","S","30","     5.7"," ","S","30","     2.9"," ","S","30","     2.1"," ","S","30","     1.2"," ","S","30","     0.0","X","S","30","     0.0","X","S","30","     9.3"," ","S","30","     8.1"," ","S","30","    41.5"," ","S","30","    26.9"," ","S","30","    17.7"," ","S","30","     9.7"," ","S","30","     2.7"," ","S","30","     0.4"," ","S","30","     0.0"," ","S","30","     0.0"," ","S","30","    0.05"," ","S","30","    0.19"," ","S","30","    0.46"," ","S","30","    2.49"," ","S","29","    9.75"," ","S","29","     0.7"," ","S","30","     0.2"," ","S","30","     0.1"," ","S","30","     0.1"," ","S","30","     0.1"," ","S","30","     0.0"," ","S","30","     0.0"," ","S","30","     0.0"," ","S","30"," -9999.0","Y"," "," 0"," -9999.0","Y"," "," 0"," -9999.0","Y"," "," 0","     0.3"," ","S","30","    15.1"," ","S","30","     0.4"," ","S","30","     0.3"," ","S","30","     0.1"," ","S","30","     0.1"," ","S","30"," -9999.0","Z"," "," 0","     0.0"," ","S","30","     0.0"," ","S","30"," -9999.0","Y"," "," 0"," -9999.0","Y"," "," 0"," -9999.0","Y"," "," 0"
"USC00118740","04-21"," 40.0839"," -88.2403"," 219.8","CHAMPAIGN 3S, IL US","04","21","99","    54.4"," ","S","30","    65.2"," ","S","30","    43.6"," ","S","30","    21.7"," ","S","30","     8.3"," ","S","30","    10.1"," ","S","30","     8.0"," ","S","30","     7.4"," ","S","30","    10.9"," ","S","30","     0.1"," ","S","30","     0.5"," ","S","30","     1.5"," ","S","30","     3.5"," ","S","30","     4.7"," ","S","30","     6.8"," ","S","30","     0.3"," ","S","30","    14.6"," ","S","30","    10.0"," ","S","30","     5.9"," ","S","30","     3.0"," ","S","30","     2.1"," ","S","30","     1.2"," ","S","30","     0.1"," ","S","30","     0.0","X","S","30","     0.3"," ","S","30","    14.6"," ","S","30","    10.0"," ","S","30","     5.9"," ","S","30","     3.0"," ","S","30","     2.1"," ","S","30","     1.2"," ","S","30","     0.1"," ","S","30","     0.0","X","S","30","     9.5"," ","S","30","     8.3"," ","S","30","    41.7"," ","S","30","    27.0"," ","S","30","    17.7"," ","S","30","     9.8"," ","S","30","     2.7"," ","S","30","     0.4"," ","S","30","     0.0"," ","S","30","     0.0"," ","S","30","    0.05"," ","S","30","    0.19"," ","S","30","    0.46"," ","S","30","    2.63"," ","S","29","    9.89"," ","S","29","     0.6"," ","S","30","     0.2"," ","S","30","     0.1"," ","S","30","     0.1"," ","S","30","     0.1"," ","S","30","     0.0"," ","S","30","     0.0"," ","S","30","     0.0"," ","S","30"," -9999.0","Y"," "," 0"," -9999.0","Y"," "," 0"," -9999.0","Y"," "," 0","     0.3"," ","S","30","    15.1"," ","S","30","     0.4"," ","S","30","     0.2"," ","S","30","     0.1"," ","S","30","     0.1"," ","S","30","     0.0"," ","S","30","     0.0"," ","S","30","     0.0"," ","S","30"," -9999.0","Y"," "," 0"," -9999.0","Y"," "," 0"," -9999.0","Y"," "," 0"
"USC00118740","04-22"," 40.0839"," -88.2403"," 219.8","CHAMPAIGN 3S, IL US","04","22","99","    54.8"," ","S","30","    65.6"," ","S","30","    44.0"," ","S","30","    21.6"," ","S","30","     8.2"," ","S","30","    10.0"," ","S","30","     7.9"," ","S","30","     7.4"," ","S","30","    10.6"," ","S","30","     0.1"," ","S","30","     0.4"," ","S","30","     1.3"," ","S","30","     3.3"," ","S","30","     4.4"," ","S","30","     6.4"," ","S","30","     0.3"," ","S","30","    14.9"," ","S","30","    10.2"," ","S","30","     6.1"," ","S","30","     3.1"," ","S","30","     2.2"," ","S","30","     1.2"," ","S","30","     0.1"," ","S","30","     0.0","X","S","30","     0.3"," ","S","30","    14.9"," ","S","30","    10.2"," ","S","30","     6.1"," ","S","30","     3.1"," ","S","30","     2.2"," ","S","30","     1.2"," ","S","30","     0.1"," ","S","30","     0.0","X","S","30","     9.6"," ","S","30","     8.4"," ","S","30","    41.8"," ","S","30","    27.1"," ","S","30","    17.8"," ","S","30","     9.8"," ","S","30","     2.8"," ","S","30","     0.4"," ","S","30","     0.0"," ","S","30","     0.0"," ","S","30","    0.05"," ","S","30","    0.19"," ","S","30","    0.46"," ","S","30","    2.78"," ","S","29","   10.04"," ","S","29","     0.5"," ","S","30","     0.1"," ","S","30","     0.1"," ","S","30","     0.0"," ","S","30","     0.0"," ","S","30","     0.0"," ","S","30","     0.0"," ","S","30","     0.0"," ","S","30"," -9999.0","Y"," "," 0"," -9999.0","Y"," "," 0"," -9999.0","Y"," "," 0","     0.3"," ","S","30","    15.1"," ","S","30","     0.3"," ","S","30","     0.2"," ","S","30","     0.1"," ","S","30","     0.1"," ","S","30","     0.0"," ","S","30","     0.0"," ","S","30","     0.0"," ","S","30"," -9999.0","Y"," "," 0"," -9999.0","Y"," "," 0"," -9999.0","Y"," "," 0"
"USC00118740","04-23"," 40.0839"," -88.2403"," 219.8","CHAMPAIGN 3S, IL US","04","23","99","    55.2"," ","S","30","    66.0"," ","S","30","    44.3"," ","S","30","    21.6"," ","S","30","     8.2"," ","S","30","     9.9"," ","S","30","     7.9"," ","S","30","     7.4"," ","S","30","    10.2"," ","S","30","     0.1"," ","S","30","     0.4"," ","S","30","     1.1"," ","S","30","     3.0"," ","S","30","     4.1"," ","S","30","     6.1"," ","S","30","     0.4"," ","S","30","    15.2"," ","S","30","    10.5"," ","S","30","     6.3"," ","S","30","     3.2"," ","S","30","     2.3"," ","S","30","     1.3"," ","S","30","     0.1"," ","S","30","     0.0","X","S","30","     0.4"," ","S","30","    15.2"," ","S","30","    10.5"," ","S","30","     6.3"," ","S","30","     3.2"," ","S","30","     2.3"," ","S","30","     1.3"," ","S","30","     0.1"," ","S","30","     0.0","X","S","30","     9.8"," ","S","30","     8.6"," ","S","30","    41.9"," ","S","30","    27.2"," ","S","30","    17.9"," ","S","30","     9.9"," ","S","30","     2.8"," ","S","30","     0.4"," ","S","30","     0.0"," ","S","30","     0.0"," ","S","30","    0.05"," ","S","30","    0.19"," ","S","30","    0.46"," ","S","30","    2.92"," ","S","29","   10.18"," ","S","29","     0.5"," ","S","30","     0.1"," ","S","30","     0.0"," ","S","30","     0.0"," ","S","30","     0.0"," ","S","30","     0.0"," ","S","30","     0.0"," ","S","30","     0.0"," ","S","30"," -9999.0","Y"," "," 0"," -9999.0","Y"," "," 0"," -9999.0","Y"," "," 0","     0.3"," ","S","30","    15.1"," ","S","30","     0.2"," ","S","30","     0.1"," ","S","30","     0.1"," ","S","30","     0.1"," ","S","30","     0.0"," ","S","30","     0.0"," ","S","30","     0.0"," ","S","30"," -9999.0","Y"," "," 0"," -9999.0","Y"," "," 0"," -9999.0","Y"," "," 0"
"USC00118740","04-24"," 40.0839"," -88.2403"," 219.8","CHAMPAIGN 3S, IL US","04","24","99","    55.5"," ","S","30","    66.3"," ","S","30","    44.7"," ","S","30","    21.6"," ","S","30","     8.1"," ","S","30","     9.9"," ","S","30","     7.8"," ","S","30","     7.3"," ","S","30","     9.9"," ","S","30","     0.1"," ","S","30","     0.3"," ","S","30","     0.9"," ","S","30","     2.8"," ","S","30","     3.8"," ","S","30","     5.8"," ","S","30","     0.4"," ","S","30","    15.6"," ","S","30","    10.8"," ","S","30","     6.5"," ","S","30","     3.3"," ","S","30","     2.4"," ","S","30","     1.3"," ","S","30","     0.1"," ","S","30","     0.0","X","S","30","     0.4"," ","S","30","    15.6"," ","S","30","    10.8"," ","S","30","     6.5"," ","S","30","     3.3"," ","S","30","     2.4"," ","S","30","     1.3"," ","S","30","     0.1"," ","S","30","     0.0","X","S","30","    10.0"," ","S","30","     8.8"," ","S","30","    42.1"," ","S","30","    27.3"," ","S","30","    18.0"," ","S","30","    10.0"," ","S","30","     2.9"," ","S","30","     0.4"," ","S","30","     0.0"," ","S","30","     0.0"," ","S","30","    0.05"," ","S","30","    0.19"," ","S","30","    0.47"," ","S","30","    3.06"," ","S","29","   10.32"," ","S","29","     0.4"," ","S","30","     0.1"," ","S","30","     0.0"," ","S","30","     0.0"," ","S","30","     0.0"," ","S","30","     0.0"," ","S","30","     0.0"," ","S","30","     0.0"," ","S","30"," -9999.0","Y"," "," 0"," -9999.0","Y"," "," 0"," -9999.0","Y"," "," 0","     0.3"," ","S","30","    15.1"," ","S","30","     0.2"," ","S","30","     0.1"," ","S","30","     0.0"," ","S","30","     0.0"," ","S","30","     0.0"," ","S","30","     0.0"," ","S","30","     0.0"," ","S","30"," -9999.0","Y"," "," 0"," -9999.0","Y"," "," 0"," -9999.0","Y"," "," 0"
"USC00118740","04-25"," 40.0839"," -88.2403"," 219.8","CHAMPAIGN 3S, IL US","04","25","99","    55.9"," ","S","30","    66.7"," ","S","30","    45.1"," ","S","30","    21.6"," ","S","30","     8.0"," ","S","30","     9.8"," ","S","30","     7.8"," ","S","30","     7.3"," ","S","30","     9.5"," ","S","30","     0.0","X","S","30","     0.2"," ","S","30","     0.8"," ","S","30","     2.5"," ","S","30","     3.6"," ","S","30","     5.5"," ","S","30","     0.4"," ","S","30","    15.9"," ","S","30","    11.1"," ","S","30","     6.7"," ","S","30","     3.4"," ","S","30","     2.5"," ","S","30","     1.4"," ","S","30","     0.1"," ","S","30","     0.0","X","S","30","     0.4"," ","S","30","    15.9"," ","S","30","    11.1"," ","S","30","     6.7"," ","S","30","     3.4"," ","S","30","     2.5"," ","S","30","     1.4"," ","S","30","     0.1"," ","S","30","     0.0","X","S","30","    10.2"," ","S","30","     9.0"," ","S","30","    42.3"," ","S","30","    27.4"," ","S","30","    18.0"," ","S","30","    10.2"," ","S","30","     3.0"," ","S","30","     0.4"," ","S","30","     0.0"," ","S","30","     0.0"," ","S","30","    0.05"," ","S","30","    0.19"," ","S","30","    0.47"," ","S","30","    3.21"," ","S","29","   10.47"," ","S","29","     0.4"," ","S","30","     0.1"," ","S","30","     0.0"," ","S","30","     0.0"," ","S","30","     0.0"," ","S","30","     0.0"," ","S","30","     0.0"," ","S","30","     0.0"," ","S","30"," -9999.0","Y"," "," 0"," -9999.0","Y"," "," 0"," -9999.0","Y"," "," 0","     0.3"," ","S","30","    15.1"," ","S","30","     0.2"," ","S","30","     0.1"," ","S","30","     0.0"," ","S","30","     0.0"," ","S","30","     0.0"," ","S","30","     0.0"," ","S","30","     0.0"," ","S","30"," -9999.0","Y"," "," 0"," -9999.0","Y"," "," 0"," -9999.0","Y"," "," 0"
"USC00118740","04-26"," 40.0839"," -88.2403"," 219.8","CHAMPAIGN 3S, IL US","04","26","99","    56.2"," ","S","30","    67.0"," ","S","30","    45.5"," ","S","30","    21.6"," ","S","30","     8.0"," ","S","30","     9.7"," ","S","30","     7.7"," ","S","30","     7.3"," ","S","30","     9.2"," ","S","30","     0.0","X","S","30","     0.1"," ","S","30","     0.7"," ","S","30","     2.3"," ","S","30","     3.4"," ","S","30","     5.3"," ","S","30","     0.5"," ","S","30","    16.3"," ","S","30","    11.4"," ","S","30","     6.9"," ","S","30","     3.6"," ","S","30","     2.6"," ","S","30","     1.5"," ","S","30","     0.1"," ","S","30","     0.0","X","S","30","     0.5"," ","S","30","    16.3"," ","S","30","    11.4"," ","S","30","     6.9"," ","S","30","     3.6"," ","S","30","     2.6"," ","S","30","     1.5"," ","S","30","     0.1"," ","S","30","     0.0","X","S","30","    10.5"," ","S","30","     9.2"," ","S","30","    42.4"," ","S","30","    27.5"," ","S","30","    18.1"," ","S","30","    10.3"," ","S","30","     3.1"," ","S","30","     0.4"," ","S","30","     0.0"," ","S","30","     0.0"," ","S","30","    0.05"," ","S","30","    0.19"," ","S","30","    0.47"," ","S","30","    3.35"," ","S","29","   10.61"," ","S","29","     0.4"," ","S","30","     0.1"," ","S","30","     0.0"," ","S","30","     0.0"," ","S","30","     0.0"," ","S","30","     0.0"," ","S","30","     0.0"," ","S","30","     0.0"," ","S","30"," -9999.0","Y"," "," 0"," -9999.0","Y"," "," 0"," -9999.0","Y"," "," 0","     0.3"," ","S","30","    15.1"," ","S","30","     0.1"," ","S","30","     0.1"," ","S","30","     0.0"," ","S","30","     0.0"," ","S","30","     0.0"," ","S","30","     0.0"," ","S","30","     0.0"," ","S","30"," -9999.0","Y"," "," 0"," -9999.0","Y"," "," 0"," -9999.0","Y"," "," 0"
"USC00118740","04-27"," 40.0839"," -88.2403"," 219.8","CHAMPAIGN 3S, IL US","04","27","99","    56.6"," ","S","30","    67.4"," ","S","30","    45.8"," ","S","30","    21.5"," ","S","30","     7.9"," ","S","30","     9.6"," ","S","30","     7.7"," ","S","30","     7.2"," ","S","30","     8.9"," ","S","30","     0.0","X","S","30","     0.1"," ","S","30","     0.6"," ","S","30","     2.2"," ","S","30","     3.2"," ","S","30","     5.0"," ","S","30","     0.5"," ","S","30","    16.6"," ","S","30","    11.7"," ","S","30","     7.2"," ","S","30","     3.8"," ","S","30","     2.8"," ","S","30","     1.6"," ","S","30","     0.1"," ","S","30","     0.0","X","S","30","     0.5"," ","S","30","    16.6"," ","S","30","    11.7"," ","S","30","     7.2"," ","S","30","     3.8"," ","S","30","     2.8"," ","S","30","     1.6"," ","S","30","     0.1"," ","S","30","     0.0","X","S","30","    10.7"," ","S","30","     9.4"," ","S","30","    42.6"," ","S","30","    27.7"," ","S","30","    18.2"," ","S","30","    10.4"," ","S","30","     3.1"," ","S","30","     0.5"," ","S","30","     0.0"," ","S","30","     0.0"," ","S","30","    0.05"," ","S","30","    0.19"," ","S","30","    0.48"," ","S","30","    3.50"," ","S","29","   10.76"," ","S","29","     0.3"," ","S","30","     0.1"," ","S","30","     0.0"," ","S","30","     0.0"," ","S","30","     0.0"," ","S","30","     0.0"," ","S","30","     0.0"," ","S","30","     0.0"," ","S","30"," -9999.0","Y"," "," 0"," -9999.0","Y"," "," 0"," -9999.0","Y"," "," 0","     0.3"," ","S","30","    15.1"," ","S","30","     0.1"," ","S","30","     0.1"," ","S","30","     0.0"," ","S","30","     0.0"," ","S","30","     0.0"," ","S","30","     0.0"," ","S","30","     0.0"," ","S","30"," -9999.0","Y"," "," 0"," -9999.0","Y"," "," 0"," -9999.0","Y"," "," 0"
"USC00118740","04-28"," 40.0839"," -88.2403"," 219.8","CHAMPAIGN 3S, IL US","04","28","99","    57.0"," ","S","30","    67.7"," ","S","30","    46.2"," ","S","30","    21.5"," ","S","30","     7.9"," ","S","30","     9.6"," ","S","30","     7.6"," ","S","30","     7.2"," ","S","30","     8.6"," ","S","30","     0.0","X","S","30","     0.1"," ","S","30","     0.5"," ","S","30","     2.0"," ","S","30","     3.0"," ","S","30","     4.8"," ","S","30","     0.6"," ","S","30","    17.0"," ","S","30","    12.0"," ","S","30","     7.5"," ","S","30","     4.0"," ","S","30","     2.9"," ","S","30","     1.7"," ","S","30","     0.1"," ","S","30","     0.0","X","S","30","     0.6"," ","S","30","    17.0"," ","S","30","    12.0"," ","S","30","     7.5"," ","S","30","     4.0"," ","S","30","     2.9"," ","S","30","     1.7"," ","S","30","     0.1"," ","S","30","     0.0","X","S","30","    10.9"," ","S","30","     9.6"," ","S","30","    42.7"," ","S","30","    27.8"," ","S","30","    18.3"," ","S","30","    10.5"," ","S","30","     3.2"," ","S","30","     0.5"," ","S","30","     0.0"," ","S","30","     0.0"," ","S","30","    0.05"," ","S","30","    0.19"," ","S","30","    0.48"," ","S","30","    3.65"," ","S","29","   10.91"," ","S","29","     0.3"," ","S","30","     0.0"," ","S","30","     0.0"," ","S","30","     0.0"," ","S","30","     0.0"," ","S","30","     0.0"," ","S","30","     0.0"," ","S","30","     0.0"," ","S","30"," -9999.0","Y"," "," 0"," -9999.0","Y"," "," 0"," -9999.0","Y"," "," 0","     0.3"," ","S","30","    15.1"," ","S","30","     0.1"," ","S","30","     0.0"," ","S","30","     0.0"," ","S","30","     0.0"," ","S","30","     0.0"," ","S","30","     0.0"," ","S","30","     0.0"," ","S","30"," -9999.0","Y"," "," 0"," -9999.0","Y"," "," 0"," -9999.0","Y"," "," 0"
"USC00118740","04-29"," 40.0839"," -88.2403"," 219.8","CHAMPAIGN 3S, IL US","04","29","99","    57.3"," ","S","30","    68.1"," ","S","30","    46.6"," ","S","30","    21.5"," ","S","30","     7.8"," ","S","30","     9.5"," ","S","30","     7.6"," ","S","30","     7.2"," ","S","30","     8.3"," ","S","30","     0.0","X","S","30","     0.1"," ","S","30","     0.5"," ","S","30","     1.9"," ","S","30","     2.8"," ","S","30","     4.5"," ","S","30","     0.6"," ","S","30","    17.3"," ","S","30","    12.4"," ","S","30","     7.8"," ","S","30","     4.2"," ","S","30","     3.1"," ","S","30","     1.9"," ","S","30","     0.1"," ","S","30","     0.0","X","S","30","     0.6"," ","S","30","    17.3"," ","S","30","    12.4"," ","S","30","     7.8"," ","S","30","     4.2"," ","S","30","     3.1"," ","S","30","     1.9"," ","S","30","     0.1"," ","S","30","     0.0","X","S","30","    11.2"," ","S","30","     9.9"," ","S","30","    42.9"," ","S","30","    27.9"," ","S","30","    18.3"," ","S","30","    10.6"," ","S","30","     3.3"," ","S","30","     0.5"," ","S","30","     0.0"," ","S","30","     0.0"," ","S","30","    0.05"," ","S","30","    0.19"," ","S","30","    0.48"," ","S","30","    3.79"," ","S","29","   11.05"," ","S","29","     0.2"," ","S","30","     0.0"," ","S","30","     0.0"," ","S","30","     0.0"," ","S","30","     0.0"," ","S","30","     0.0"," ","S","30","     0.0"," ","S","30","     0.0"," ","S","30"," -9999.0","Y"," "," 0"," -9999.0","Y"," "," 0"," -9999.0","Y"," "," 0","     0.3"," ","S","30","    15.1"," ","S","30","     0.1"," ","S","30","     0.0"," ","S","30","     0.0"," ","S","30","     0.0"," ","S","30","     0.0"," ","S","30","     0.0"," ","S","30","     0.0"," ","S","30"," -9999.0","Y"," "," 0"," -9999.0","Y"," "," 0"," -9999.0","Y"," "," 0"
"USC00118740","04-30"," 40.0839"," -88.2403"," 219.8","CHAMPAIGN 3S, IL US","04","30","99","    57.7"," ","S","30","    68.4"," ","S","30","    47.0"," ","S","30","    21.5"," ","S","30","     7.8"," ","S","30","     9.5"," ","S","30","     7.6"," ","S","30","     7.1"," ","S","30","     8.0"," ","S","30","     0.0","X","S","30","     0.1"," ","S","30","     0.5"," ","S","30","     1.8"," ","S","30","     2.6"," ","S","30","     4.3"," ","S","30","     0.7"," ","S","30","    17.7"," ","S","30","    12.7"," ","S","30","     8.2"," ","S","30","     4.4"," ","S","30","     3.3"," ","S","30","     2.0"," ","S","30","     0.1"," ","S","30","     0.0","X","S","30","     0.7"," ","S","30","    17.7"," ","S","30","    12.7"," ","S","30","     8.2"," ","S","30","     4.4"," ","S","30","     3.3"," ","S","30","     2.0"," ","S","30","     0.1"," ","S","30","     0.0","X","S","30","    11.4"," ","S","30","    10.1"," ","S","30","    43.0"," ","S","30","    28.0"," ","S","30","    18.4"," ","S","30","    10.6"," ","S","30","     3.3"," ","S","30","     0.5"," ","S","30","     0.0"," ","S","30","     0.0"," ","S","30","    0.05"," ","S","30","    0.19"," ","S","30","    0.48"," ","S","30","    3.94"," ","S","29","   11.20"," ","S","29","     0.2"," ","S","30","     0.0"," ","S","30","     0.0"," ","S","30","     0.0"," ","S","30","     0.0"," ","S","30","     0.0"," ","S","30","     0.0"," ","S","30","     0.0"," ","S","30"," -9999.0","Y"," "," 0"," -9999.0","Y"," "," 0"," -9999.0","Y"," "," 0","     0.3"," ","S","30","    15.1"," ","S","30","     0.1"," ","S","30","     0.0"," ","S","30","     0.0"," ","S","30","     0.0"," ","S","30","     0.0"," ","S","30","     0.0"," ","S","30","     0.0"," ","S","30"," -9999.0","Y"," "," 0"," -9999.0","Y"," "," 0"," -9999.0","Y"," "," 0"
"USC00118740","05-01"," 40.0839"," -88.2403"," 219.8","CHAMPAIGN 3S, IL US","05","01","99","    58.0"," ","S","29","    68.8"," ","S","29","    47.3"," ","S","29","    21.4"," ","S","29","     7.8"," ","S","29","     9.5"," ","S","29","     7.6"," ","S","29","     7.1"," ","S","29","     7.7"," ","S","29","     0.0"," ","S","29","     0.1"," ","S","29","     0.4"," ","S","29","     1.7"," ","S","29","     2.5"," ","S","29","     4.1"," ","S","29","     0.7"," ","S","29","    18.0"," ","S","29","    13.1"," ","S","29","     8.5"," ","S","29","     4.7"," ","S","29","     3.5"," ","S","29","     2.2"," ","S","29","     0.1"," ","S","29","     0.0","X","S","29","     0.7"," ","S","29","    18.0"," ","S","29","    13.1"," ","S","29","     8.5"," ","S","29","     4.7"," ","S","29","     3.5"," ","S","29","     2.2"," ","S","29","     0.1"," ","S","29","     0.0","X","S","29","    11.7"," ","S","29","    10.3"," ","S","29","    43.1"," ","S","30","    28.1"," ","S","30","    18.4"," ","S","30","    10.7"," ","S","30","     3.4"," ","S","30","     0.5"," ","S","30","     0.0"," ","S","30","     0.0"," ","S","30","    0.05"," ","S","30","    0.19"," ","S","30","    0.48"," ","S","30","    0.14"," ","S","30","   11.34"," ","S","30","     0.0"," ","S","30","     0.0"," ","S","30","     0.0"," ","S","30","     0.0"," ","S","30","     0.0"," ","S","30","     0.0"," ","S","30","     0.0"," ","S","30","     0.0"," ","S","30"," -9999.0","M"," "," 0"," -9999.0","M"," "," 0"," -9999.0","M"," "," 0","     0.0"," ","S","30","    15.1"," ","S","30","     0.0"," ","S","30","     0.0"," ","S","30","     0.0"," ","S","30","     0.0"," ","S","30","     0.0"," ","S","30","     0.0"," ","S","30","     0.0"," ","S","30"," -9999.0","M"," "," 0"," -9999.0","M"," "," 0"," -9999.0","M"," "," 0"
"USC00118740","05-02"," 40.0839"," -88.2403"," 219.8","CHAMPAIGN 3S, IL US","05","02","99","    58.4"," ","S","29","    69.1"," ","S","29","    47.7"," ","S","29","    21.4"," ","S","29","     7.8"," ","S","29","     9.4"," ","S","29","     7.6"," ","S","29","     7.1"," ","S","29","     7.4"," ","S","29","     0.0"," ","S","29","     0.1"," ","S","29","     0.4"," ","S","29","     1.6"," ","S","29","     2.4"," ","S","29","     3.9"," ","S","29","     0.8"," ","S","29","    18.4"," ","S","29","    13.5"," ","S","29","     8.8"," ","S","29","     5.0"," ","S","29","     3.8"," ","S","29","     2.3"," ","S","29","     0.1"," ","S","29","     0.0","X","S","29","     0.8"," ","S","29","    18.4"," ","S","29","    13.5"," ","S","29","     8.8"," ","S","29","     5.0"," ","S","29","     3.8"," ","S","29","     2.3"," ","S","29","     0.1"," ","S","29","     0.0","X","S","29","    12.0"," ","S","29","    10.6"," ","S","29","    43.2"," ","S","30","    28.1"," ","S","30","    18.3"," ","S","30","    10.7"," ","S","30","     3.4"," ","S","30","     0.5"," ","S","30","     0.0"," ","S","30","     0.0"," ","S","30","    0.05"," ","S","30","    0.19"," ","S","30","    0.49"," ","S","30","    0.29"," ","S","30","   11.49"," ","S","30","     0.0"," ","S","30","     0.0"," ","S","30","     0.0"," ","S","30","     0.0"," ","S","30","     0.0"," ","S","30","     0.0"," ","S","30","     0.0"," ","S","30","     0.0"," ","S","30"," -9999.0","M"," "," 0"," -9999.0","M"," "," 0"," -9999.0","M"," "," 0","     0.0"," ","S","30","    15.1"," ","S","30","     0.0"," ","S","30","     0.0"," ","S","30","     0.0"," ","S","30","     0.0"," ","S","30","     0.0"," ","S","30","     0.0"," ","S","30","     0.0"," ","S","30"," -9999.0","M"," "," 0"," -9999.0","M"," "," 0"," -9999.0","M"," "," 0"
"USC00118740","05-03"," 40.0839"," -88.2403"," 219.8","CHAMPAIGN 3S, IL US","05","03","99","    58.8"," ","S","29","    69.4"," ","S","29","    48.1"," ","S","29","    21.4"," ","S","29","     7.8"," ","S","29","     9.4"," ","S","29","     7.6"," ","S","29","     7.0"," ","S","29","     7.1"," ","S","29","     0.0"," ","S","29","     0.1"," ","S","29","     0.4"," ","S","29","     1.5"," ","S","29","     2.3"," ","S","29","     3.7"," ","S","29","     0.9"," ","S","29","    18.8"," ","S","29","    13.8"," ","S","29","     9.2"," ","S","29","     5.2"," ","S","29","     4.0"," ","S","29","     2.5"," ","S","29","     0.2"," ","S","29","     0.0","X","S","29","     0.9"," ","S","29","    18.8"," ","S","29","    13.8"," ","S","29","     9.2"," ","S","29","     5.2"," ","S","29","     4.0"," ","S","29","     2.5"," ","S","29","     0.2"," ","S","29","     0.0","X","S","29","    12.2"," ","S","29","    10.8"," ","S","29","    43.2"," ","S","30","    28.1"," ","S","30","    18.3"," ","S","30","    10.8"," ","S","30","     3.5"," ","S","30","     0.5"," ","S","30","     0.0"," ","S","30","     0.0"," ","S","30","    0.05"," ","S","30","    0.19"," ","S","30","    0.49"," ","S","30","    0.44"," ","S","30","   11.64"," ","S","30","     0.0"," ","S","30","     0.0"," ","S","30","     0.0"," ","S","30","     0.0"," ","S","30","     0.0"," ","S","30","     0.0"," ","S","30","     0.0"," ","S","30","     0.0"," ","S","30"," -9999.0","M"," "," 0"," -9999.0","M"," "," 0"," -9999.0","M"," "," 0","     0.0"," ","S","30","    15.1"," ","S","30","     0.0"," ","S","30","     0.0"," ","S","30","     0.0"," ","S","30","     0.0"," ","S","30","     0.0"," ","S","30","     0.0"," ","S","30","     0.0"," ","S","30"," -9999.0","M"," "," 0"," -9999.0","M"," "," 0"," -9999.0","M"," "," 0"
"USC00118740","05-04"," 40.0839"," -88.2403"," 219.8","CHAMPAIGN 3S, IL US","05","04","99","    59.1"," ","S","29","    69.8"," ","S","29","    48.4"," ","S","29","    21.4"," ","S","29","     7.8"," ","S","29","     9.4"," ","S","29","     7.6"," ","S","29","     7.0"," ","S","29","     6.9"," ","S","29","     0.0"," ","S","29","     0.1"," ","S","29","     0.4"," ","S","29","     1.4"," ","S","29","     2.2"," ","S","29","     3.6"," ","S","29","     1.0"," ","S","29","    19.1"," ","S","29","    14.2"," ","S","29","     9.5"," ","S","29","     5.5"," ","S","29","     4.3"," ","S","29","     2.7"," ","S","29","     0.2"," ","S","29","     0.1"," ","S","29","     1.0"," ","S","29","    19.1"," ","S","29","    14.2"," ","S","29","     9.5"," ","S","29","     5.5"," ","S","29","     4.3"," ","S","29","     2.7"," ","S","29","     0.2"," ","S","29","     0.1"," ","S","29","    12.5"," ","S","29","    11.1"," ","S","29","    43.2"," ","S","30","    28.1"," ","S","30","    18.3"," ","S","30","    10.8"," ","S","30","     3.6"," ","S","30","     0.5"," ","S","30","     0.0"," ","S","30","     0.0"," ","S","30","    0.05"," ","S","30","    0.19"," ","S","30","    0.49"," ","S","30","    0.59"," ","S","30","   11.79"," ","S","30","     0.0"," ","S","30","     0.0"," ","S","30","     0.0"," ","S","30","     0.0"," ","S","30","     0.0"," ","S","30","     0.0"," ","S","30","     0.0"," ","S","30","     0.0"," ","S","30"," -9999.0","M"," "," 0"," -9999.0","M"," "," 0"," -9999.0","M"," "," 0","     0.0"," ","S","30","    15.1"," ","S","30","     0.0"," ","S","30","     0.0"," ","S","30","     0.0"," ","S","30","     0.0"," ","S","30","     0.0"," ","S","30","     0.0"," ","S","30","     0.0"," ","S","30"," -9999.0","M"," "," 0"," -9999.0","M"," "," 0"," -9999.0","M"," "," 0"
"USC00118740","05-05"," 40.0839"," -88.2403"," 219.8","CHAMPAIGN 3S, IL US","05","05","99","    59.5"," ","S","29","    70.1"," ","S","29","    48.8"," ","S","29","    21.3"," ","S","29","     7.8"," ","S","29","     9.4"," ","S","29","     7.6"," ","S","29","     7.0"," ","S","29","     6.6"," ","S","29","     0.0"," ","S","29","     0.1"," ","S","29","     0.4"," ","S","29","     1.4"," ","S","29","     2.1"," ","S","29","     3.4"," ","S","29","     1.1"," ","S","29","    19.5"," ","S","29","    14.5"," ","S","29","     9.9"," ","S","29","     5.8"," ","S","29","     4.5"," ","S","29","     2.9"," ","S","29","     0.2"," ","S","29","     0.1"," ","S","29","     1.1"," ","S","29","    19.5"," ","S","29","    14.5"," ","S","29","     9.9"," ","S","29","     5.8"," ","S","29","     4.5"," ","S","29","     2.9"," ","S","29","     0.2"," ","S","29","     0.1"," ","S","29","    12.8"," ","S","29","    11.3"," ","S","29","    43.2"," ","S","30","    28.1"," ","S","30","    18.3"," ","S","30","    10.9"," ","S","30","     3.6"," ","S","30","     0.5"," ","S","30","     0.0"," ","S","30","     0.0"," ","S","30","    0.05"," ","S","30","    0.19"," ","S","30","    0.49"," ","S","30","    0.74"," ","S","30","   11.94"," ","S","30","     0.0"," ","S","30","     0.0"," ","S","30","     0.0"," ","S","30","     0.0"," ","S","30","     0.0"," ","S","30","     0.0"," ","S","30","     0.0"," ","S","30","     0.0"," ","S","30"," -9999.0","M"," "," 0"," -9999.0","M"," "," 0"," -9999.0","M"," "," 0","     0.0"," ","S","30","    15.1"," ","S","30","     0.0"," ","S","30","     0.0"," ","S","30","     0.0"," ","S","30","     0.0"," ","S","30","     0.0"," ","S","30","     0.0"," ","S","30","     0.0"," ","S","30"," -9999.0","M"," "," 0"," -9999.0","M"," "," 0"," -9999.0","M"," "," 0"
"USC00118740","05-06"," 40.0839"," -88.2403"," 219.8","CHAMPAIGN 3S, IL US","05","06","99","    59.8"," ","S","29","    70.5"," ","S","29","    49.2"," ","S","29","    21.3"," ","S","29","     7.8"," ","S","29","     9.4"," ","S","29","     7.6"," ","S","29","     6.9"," ","S","29","     6.4"," ","S","29","     0.0"," ","S","29","     0.1"," ","S","29","     0.4"," ","S","29","     1.3"," ","S","29","     2.0"," ","S","29","     3.3"," ","S","29","     1.2"," ","S","29","    19.8"," ","S","29","    14.9"," ","S","29","    10.2"," ","S","29","     6.1"," ","S","29","     4.8"," ","S","29","     3.1"," ","S","29","     0.3"," ","S","29","     0.1"," ","S","29","     1.2"," ","S","29","    19.8"," ","S","29","    14.9"," ","S","29","    10.2"," ","S","29","     6.1"," ","S","29","     4.8"," ","S","29","     3.1"," ","S","29","     0.3"," ","S","29","     0.1"," ","S","29","    13.1"," ","S","29","    11.6"," ","S","29","    43.1"," ","S","30","    28.1"," ","S","30","    18.3"," ","S","30","    10.9"," ","S","30","     3.6"," ","S","30","     0.5"," ","S","30","     0.0"," ","S","30","     0.0"," ","S","30","    0.05"," ","S","30","    0.19"," ","S","30","    0.49"," ","S","30","    0.89"," ","S","30","   12.09"," ","S","30","     0.0"," ","S","30","     0.0"," ","S","30","     0.0"," ","S","30","     0.0"," ","S","30","     0.0"," ","S","30","     0.0"," ","S","30","     0.0"," ","S","30","     0.0"," ","S","30"," -9999.0","M"," "," 0"," -9999.0","M"," "," 0"," -9999.0","M"," "," 0","     0.0"," ","S","30","    15.1"," ","S","30","     0.0"," ","S","30","     0.0"," ","S","30","     0.0"," ","S","30","     0.0"," ","S","30","     0.0"," ","S","30","     0.0"," ","S","30","     0.0"," ","S","30"," -9999.0","M"," "," 0"," -9999.0","M"," "," 0"," -9999.0","M"," "," 0"
"USC00118740","05-07"," 40.0839"," -88.2403"," 219.8","CHAMPAIGN 3S, IL US","05","07","99","    60.2"," ","S","29","    70.8"," ","S","29","    49.5"," ","S","29","    21.3"," ","S","29","     7.8"," ","S","29","     9.4"," ","S","29","     7.6"," ","S","29","     6.9"," ","S","29","     6.2"," ","S","29","     0.0"," ","S","29","     0.1"," ","S","29","     0.4"," ","S","29","     1.3"," ","S","29","     1.9"," ","S","29","     3.2"," ","S","29","     1.3"," ","S","29","    20.2"," ","S","29","    15.2"," ","S","29","    10.5"," ","S","29","     6.4"," ","S","29","     5.1"," ","S","29","     3.3"," ","S","29","     0.3"," ","S","29","     0.1"," ","S","29","     1.3"," ","S","29","    20.2"," ","S","29","    15.2"," ","S","29","    10.5"," ","S","29","     6.4"," ","S","29","     5.1"," ","S","29","     3.3"," ","S","29","     0.3"," ","S","29","     0.1"," ","S","29","    13.3"," ","S","29","    11.8"," ","S","29","    43.1"," ","S","30","    28.1"," ","S","30","    18.3"," ","S","30","    10.9"," ","S","30","     3.7"," ","S","30","     0.5"," ","S","30","     0.0"," ","S","30","     0.0"," ","S","30","    0.06"," ","S","30","    0.19"," ","S","30","    0.49"," ","S","30","    1.04"," ","S","30","   12.24"," ","S","30","     0.0"," ","S","30","     0.0"," ","S","30","     0.0"," ","S","30","     0.0"," ","S","30","     0.0"," ","S","30","     0.0"," ","S","30","     0.0"," ","S","30","     0.0"," ","S","30"," -9999.0","M"," "," 0"," -9999.0","M"," "," 0"," -9999.0","M"," "," 0","     0.0"," ","S","30","    15.1"," ","S","30","     0.0"," ","S","30","     0.0"," ","S","30","     0.0"," ","S","30","     0.0"," ","S","30","     0.0"," ","S","30","     0.0"," ","S","30","     0.0"," ","S","30"," -9999.0","M"," "," 0"," -9999.0","M"," "," 0"," -9999.0","M"," "," 0"
"USC00118740","05-08"," 40.0839"," -88.2403"," 219.8","CHAMPAIGN 3S, IL US","05","08","99","    60.5"," ","S","29","    71.1"," ","S","29","    49.9"," ","S","29","    21.3"," ","S","29","     7.8"," ","S","29","     9.3"," ","S","29","     7.6"," ","S","29","     6.9"," ","S","29","     5.9"," ","S","29","     0.0"," ","S","29","     0.0","X","S","29","     0.4"," ","S","29","     1.2"," ","S","29","     1.8"," ","S","29","     3.0"," ","S","29","     1.4"," ","S","29","    20.5"," ","S","29","    15.6"," ","S","29","    10.9"," ","S","29","     6.7"," ","S","29","     5.3"," ","S","29","     3.5"," ","S","29","     0.4"," ","S","29","     0.2"," ","S","29","     1.4"," ","S","29","    20.5"," ","S","29","    15.6"," ","S","29","    10.9"," ","S","29","     6.7"," ","S","29","     5.3"," ","S","29","     3.5"," ","S","29","     0.4"," ","S","29","     0.2"," ","S","29","    13.6"," ","S","29","    12.1"," ","S","29","    43.1"," ","S","30","    28.1"," ","S","30","    18.4"," ","S","30","    11.0"," ","S","30","     3.8"," ","S","30","     0.6"," ","S","30","     0.0"," ","S","30","     0.0"," ","S","30","    0.06"," ","S","30","    0.19"," ","S","30","    0.50"," ","S","30","    1.19"," ","S","30","   12.39"," ","S","30","     0.0"," ","S","30","     0.0"," ","S","30","     0.0"," ","S","30","     0.0"," ","S","30","     0.0"," ","S","30","     0.0"," ","S","30","     0.0"," ","S","30","     0.0"," ","S","30"," -9999.0","M"," "," 0"," -9999.0","M"," "," 0"," -9999.0","M"," "," 0","     0.0"," ","S","30","    15.1"," ","S","30","     0.0"," ","S","30","     0.0"," ","S","30","     0.0"," ","S","30","     0.0"," ","S","30","     0.0"," ","S","30","     0.0"," ","S","30","     0.0"," ","S","30"," -9999.0","M"," "," 0"," -9999.0","M"," "," 0"," -9999.0","M"," "," 0"
"USC00118740","05-09"," 40.0839"," -88.2403"," 219.8","CHAMPAIGN 3S, IL US","05","09","99","    60.9"," ","S","29","    71.5"," ","S","29","    50.2"," ","S","29","    21.2"," ","S","29","     7.8"," ","S","29","     9.3"," ","S","29","     7.6"," ","S","29","     6.8"," ","S","29","     5.7"," ","S","29","     0.0"," ","S","29","     0.0","X","S","29","     0.3"," ","S","29","     1.1"," ","S","29","     1.7"," ","S","29","     2.9"," ","S","29","     1.6"," ","S","29","    20.9"," ","S","29","    15.9"," ","S","29","    11.2"," ","S","29","     7.0"," ","S","29","     5.6"," ","S","29","     3.7"," ","S","29","     0.4"," ","S","29","     0.2"," ","S","29","     1.6"," ","S","29","    20.9"," ","S","29","    15.9"," ","S","29","    11.2"," ","S","29","     7.0"," ","S","29","     5.6"," ","S","29","     3.7"," ","S","29","     0.4"," ","S","29","     0.2"," ","S","29","    13.9"," ","S","29","    12.3"," ","S","29","    43.1"," ","S","30","    28.1"," ","S","30","    18.4"," ","S","30","    11.0"," ","S","30","     3.8"," ","S","30","     0.6"," ","S","30","     0.0"," ","S","30","     0.0"," ","S","30","    0.06"," ","S","30","    0.19"," ","S","30","    0.50"," ","S","30","    1.35"," ","S","30","   12.55"," ","S","30","     0.0"," ","S","30","     0.0"," ","S","30","     0.0"," ","S","30","     0.0"," ","S","30","     0.0"," ","S","30","     0.0"," ","S","30","     0.0"," ","S","30","     0.0"," ","S","30"," -9999.0","M"," "," 0"," -9999.0","M"," "," 0"," -9999.0","M"," "," 0","     0.0"," ","S","30","    15.1"," ","S","30","     0.0"," ","S","30","     0.0"," ","S","30","     0.0"," ","S","30","     0.0"," ","S","30","     0.0"," ","S","30","     0.0"," ","S","30","     0.0"," ","S","30"," -9999.0","M"," "," 0"," -9999.0","M"," "," 0"," -9999.0","M"," "," 0"
"USC00118740","05-10"," 40.0839"," -88.2403"," 219.8","CHAMPAIGN 3S, IL US","05","10","99","    61.2"," ","S","29","    71.8"," ","S","29","    50.6"," ","S","29","    21.2"," ","S","29","     7.8"," ","S","29","     9.3"," ","S","29","     7.7"," ","S","29","     6.8"," ","S","29","     5.5"," ","S","29","     0.0"," ","S","29","     0.0","X","S","29","     0.3"," ","S","29","     1.1"," ","S","29","     1.6"," ","S","29","     2.7"," ","S","29","     1.7"," ","S","29","    21.2"," ","S","29","    16.2"," ","S","29","    11.5"," ","S","29","     7.3"," ","S","29","     5.8"," ","S","29","     3.9"," ","S","29","     0.5"," ","S","29","     0.2"," ","S","29","     1.7"," ","S","29","    21.2"," ","S","29","    16.2"," ","S","29","    11.5"," ","S","29","     7.3"," ","S","29","     5.8"," ","S","29","     3.9"," ","S","29","     0.5"," ","S","29","     0.2"," ","S","29","    14.2"," ","S","29","    12.6"," ","S","29","    43.0"," ","S","30","    28.1"," ","S","30","    18.4"," ","S","30","    11.0"," ","S","30","     3.9"," ","S","30","     0.6"," ","S","30","     0.0"," ","S","30","     0.0"," ","S","30","    0.06"," ","S","30","    0.19"," ","S","30","    0.50"," ","S","30","    1.50"," ","S","30","   12.70"," ","S","30","     0.0"," ","S","30","     0.0"," ","S","30","     0.0"," ","S","30","     0.0"," ","S","30","     0.0"," ","S","30","     0.0"," ","S","30","     0.0"," ","S","30","     0.0"," ","S","30"," -9999.0","M"," "," 0"," -9999.0","M"," "," 0"," -9999.0","M"," "," 0","     0.0"," ","S","30","    15.1"," ","S","30","     0.0"," ","S","30","     0.0"," ","S","30","     0.0"," ","S","30","     0.0"," ","S","30","     0.0"," ","S","30","     0.0"," ","S","30","     0.0"," ","S","30"," -9999.0","M"," "," 0"," -9999.0","M"," "," 0"," -9999.0","M"," "," 0"
"USC00118740","05-11"," 40.0839"," -88.2403"," 219.8","CHAMPAIGN 3S, IL US","05","11","99","    61.6"," ","S","29","    72.1"," ","S","29","    51.0"," ","S","29","    21.2"," ","S","29","     7.9"," ","S","29","     9.3"," ","S","29","     7.7"," ","S","29","     6.8"," ","S","29","     5.3"," ","S","29","     0.0"," ","S","29","     0.0","X","S","29","     0.3"," ","S","29","     1.0"," ","S","29","     1.5"," ","S","29","     2.6"," ","S","29","     1.9"," ","S","29","    21.6"," ","S","29","    16.6"," ","S","29","    11.8"," ","S","29","     7.6"," ","S","29","     6.1"," ","S","29","     4.2"," ","S","29","     0.5"," ","S","29","     0.2"," ","S","29","     1.9"," ","S","29","    21.6"," ","S","29","    16.6"," ","S","29","    11.8"," ","S","29","     7.6"," ","S","29","     6.1"," ","S","29","     4.2"," ","S","29","     0.5"," ","S","29","     0.2"," ","S","29","    14.4"," ","S","29","    12.9"," ","S","29","    43.0"," ","S","30","    28.0"," ","S","30","    18.4"," ","S","30","    11.1"," ","S","30","     3.9"," ","S","30","     0.6"," ","S","30","     0.0"," ","S","30","     0.0"," ","S","30","    0.06"," ","S","30","    0.19"," ","S","30","    0.50"," ","S","30","    1.66"," ","S","30","   12.86"," ","S","30","     0.0"," ","S","30","     0.0"," ","S","30","     0.0"," ","S","30","     0.0"," ","S","30","     0.0"," ","S","30","     0.0"," ","S","30","     0.0"," ","S","30","     0.0"," ","S","30"," -9999.0","M"," "," 0"," -9999.0","M"," "," 0"," -9999.0","M"," "," 0","     0.0"," ","S","30","    15.1"," ","S","30","     0.0"," ","S","30","     0.0"," ","S","30","     0.0"," ","S","30","     0.0"," ","S","30","     0.0"," ","S","30","     0.0"," ","S","30","     0.0"," ","S","30"," -9999.0","M"," "," 0"," -9999.0","M"," "," 0"," -9999.0","M"," "," 0"
"USC00118740","05-12"," 40.0839"," -88.2403"," 219.8","CHAMPAIGN 3S, IL US","05","12","99","    61.9"," ","S","29","    72.5"," ","S","29","    51.3"," ","S","29","    21.2"," ","S","29","     7.9"," ","S","29","     9.3"," ","S","29","     7.7"," ","S","29","     6.7"," ","S","29","     5.1"," ","S","29","     0.0"," ","S","29","     0.0","X","S","29","     0.3"," ","S","29","     1.0"," ","S","29","     1.5"," ","S","29","     2.5"," ","S","29","     2.0"," ","S","29","    21.9"," ","S","29","    16.9"," ","S","29","    12.2"," ","S","29","     7.9"," ","S","29","     6.3"," ","S","29","     4.4"," ","S","29","     0.6"," ","S","29","     0.3"," ","S","29","     2.0"," ","S","29","    21.9"," ","S","29","    16.9"," ","S","29","    12.2"," ","S","29","     7.9"," ","S","29","     6.3"," ","S","29","     4.4"," ","S","29","     0.6"," ","S","29","     0.3"," ","S","29","    14.7"," ","S","29","    13.1"," ","S","29","    42.9"," ","S","30","    28.0"," ","S","30","    18.4"," ","S","30","    11.0"," ","S","30","     4.0"," ","S","30","     0.6"," ","S","30","     0.0"," ","S","30","     0.0"," ","S","30","    0.06"," ","S","30","    0.19"," ","S","30","    0.50"," ","S","30","    1.81"," ","S","30","   13.01"," ","S","30","     0.0"," ","S","30","     0.0"," ","S","30","     0.0"," ","S","30","     0.0"," ","S","30","     0.0"," ","S","30","     0.0"," ","S","30","     0.0"," ","S","30","     0.0"," ","S","30"," -9999.0","M"," "," 0"," -9999.0","M"," "," 0"," -9999.0","M"," "," 0","     0.0"," ","S","30","    15.1"," ","S","30","     0.0"," ","S","30","     0.0"," ","S","30","     0.0"," ","S","30","     0.0"," ","S","30","     0.0"," ","S","30","     0.0"," ","S","30","     0.0"," ","S","30"," -9999.0","M"," "," 0"," -9999.0","M"," "," 0"," -9999.0","M"," "," 0"
"USC00118740","05-13"," 40.0839"," -88.2403"," 219.8","CHAMPAIGN 3S, IL US","05","13","99","    62.2"," ","S","29","    72.8"," ","S","29","    51.7"," ","S","29","    21.1"," ","S","29","     7.9"," ","S","29","     9.3"," ","S","29","     7.7"," ","S","29","     6.7"," ","S","29","     4.9"," ","S","29","     0.0"," ","S","29","     0.0","X","S","29","     0.3"," ","S","29","     0.9"," ","S","29","     1.4"," ","S","29","     2.4"," ","S","29","     2.2"," ","S","29","    22.2"," ","S","29","    17.3"," ","S","29","    12.5"," ","S","29","     8.1"," ","S","29","     6.6"," ","S","29","     4.6"," ","S","29","     0.7"," ","S","29","     0.3"," ","S","29","     2.2"," ","S","29","    22.2"," ","S","29","    17.3"," ","S","29","    12.5"," ","S","29","     8.1"," ","S","29","     6.6"," ","S","29","     4.6"," ","S","29","     0.7"," ","S","29","     0.3"," ","S","29","    15.0"," ","S","29","    13.4"," ","S","29","    42.8"," ","S","30","    27.9"," ","S","30","    18.4"," ","S","30","    11.0"," ","S","30","     4.0"," ","S","30","     0.6"," ","S","30","     0.0"," ","S","30","     0.0"," ","S","30","    0.06"," ","S","30","    0.19"," ","S","30","    0.50"," ","S","30","    1.97"," ","S","30","   13.17"," ","S","30","     0.0"," ","S","30","     0.0"," ","S","30","     0.0"," ","S","30","     0.0"," ","S","30","     0.0"," ","S","30","     0.0"," ","S","30","     0.0"," ","S","30","     0.0"," ","S","30"," -9999.0","M"," "," 0"," -9999.0","M"," "," 0"," -9999.0","M"," "," 0","     0.0"," ","S","30","    15.1"," ","S","30","     0.0"," ","S","30","     0.0"," ","S","30","     0.0"," ","S","30","     0.0"," ","S","30","     0.0"," ","S","30","     0.0"," ","S","30","     0.0"," ","S","30"," -9999.0","M"," "," 0"," -9999.0","M"," "," 0"," -9999.0","M"," "," 0"
"USC00118740","05-14"," 40.0839"," -88.2403"," 219.8","CHAMPAIGN 3S, IL US","05","14","99","    62.6"," ","S","29","    73.1"," ","S","29","    52.0"," ","S","29","    21.1"," ","S","29","     7.9"," ","S","29","     9.3"," ","S","29","     7.7"," ","S","29","     6.6"," ","S","29","     4.7"," ","S","29","     0.0"," ","S","29","     0.0","X","S","29","     0.2"," ","S","29","     0.8"," ","S","29","     1.3"," ","S","29","     2.3"," ","S","29","     2.3"," ","S","29","    22.6"," ","S","29","    17.6"," ","S","29","    12.8"," ","S","29","     8.4"," ","S","29","     6.9"," ","S","29","     4.9"," ","S","29","     0.7"," ","S","29","     0.4"," ","S","29","     2.3"," ","S","29","    22.6"," ","S","29","    17.6"," ","S","29","    12.8"," ","S","29","     8.4"," ","S","29","     6.9"," ","S","29","     4.9"," ","S","29","     0.7"," ","S","29","     0.4"," ","S","29","    15.3"," ","S","29","    13.6"," ","S","29","    42.7"," ","S","30","    27.8"," ","S","30","    18.3"," ","S","30","    11.0"," ","S","30","     4.1"," ","S","30","     0.6"," ","S","30","     0.0"," ","S","30","     0.0"," ","S","30","    0.06"," ","S","30","    0.19"," ","S","30","    0.50"," ","S","30","    2.12"," ","S","30","   13.32"," ","S","30","     0.0"," ","S","30","     0.0"," ","S","30","     0.0"," ","S","30","     0.0"," ","S","30","     0.0"," ","S","30","     0.0"," ","S","30","     0.0"," ","S","30","     0.0"," ","S","30"," -9999.0","M"," "," 0"," -9999.0","M"," "," 0"," -9999.0","M"," "," 0","     0.0"," ","S","30","    15.1"," ","S","30","     0.0"," ","S","30","     0.0"," ","S","30","     0.0"," ","S","30","     0.0"," ","S","30","     0.0"," ","S","30","     0.0"," ","S","30","     0.0"," ","S","30"," -9999.0","M"," "," 0"," -9999.0","M"," "," 0"," -9999.0","M"," "," 0"
"USC00118740","05-15"," 40.0839"," -88.2403"," 219.8","CHAMPAIGN 3S, IL US","05","15","99","    62.9"," ","S","29","    73.5"," ","S","29","    52.4"," ","S","29","    21.1"," ","S","29","     7.9"," ","S","29","     9.3"," ","S","29","     7.7"," ","S","29","     6.6"," ","S","29","     4.6"," ","S","29","     0.0"," ","S","29","     0.0","X","S","29","     0.2"," ","S","29","     0.8"," ","S","29","     1.2"," ","S","29","     2.2"," ","S","29","     2.5"," ","S","29","    22.9"," ","S","29","    18.0"," ","S","29","    13.1"," ","S","29","     8.7"," ","S","29","     7.1"," ","S","29","     5.1"," ","S","29","     0.8"," ","S","29","     0.4"," ","S","29","     2.5"," ","S","29","    22.9"," ","S","29","    18.0"," ","S","29","    13.1"," ","S","29","     8.7"," ","S","29","     7.1"," ","S","29","     5.1"," ","S","29","     0.8"," ","S","29","     0.4"," ","S","29","    15.6"," ","S","29","    13.9"," ","S","29","    42.6"," ","S","30","    27.7"," ","S","30","    18.3"," ","S","30","    11.0"," ","S","30","     4.1"," ","S","30","     0.6"," ","S","30","     0.0"," ","S","30","     0.0"," ","S","30","    0.06"," ","S","30","    0.19"," ","S","30","    0.50"," ","S","30","    2.27"," ","S","30","   13.47"," ","S","30","     0.0"," ","S","30","     0.0"," ","S","30","     0.0"," ","S","30","     0.0"," ","S","30","     0.0"," ","S","30","     0.0"," ","S","30","     0.0"," ","S","30","     0.0"," ","S","30"," -9999.0","M"," "," 0"," -9999.0","M"," "," 0"," -9999.0","M"," "," 0","     0.0"," ","S","30","    15.1"," ","S","30","     0.0"," ","S","30","     0.0"," ","S","30","     0.0"," ","S","30","     0.0"," ","S","30","     0.0"," ","S","30","     0.0"," ","S","30","     0.0"," ","S","30"," -9999.0","M"," "," 0"," -9999.0","M"," "," 0"," -9999.0","M"," "," 0"
"USC00118740","05-16"," 40.0839"," -88.2403"," 219.8","CHAMPAIGN 3S, IL US","05","16","99","    63.3"," ","S","29","    73.8"," ","S","29","    52.7"," ","S","29","    21.1"," ","S","29","     7.9"," ","S","29","     9.3"," ","S","29","     7.8"," ","S","29","     6.5"," ","S","29","     4.4"," ","S","29","     0.0"," ","S","29","     0.0","X","S","29","     0.2"," ","S","29","     0.7"," ","S","29","     1.1"," ","S","29","     2.0"," ","S","29","     2.6"," ","S","29","    23.3"," ","S","29","    18.3"," ","S","29","    13.5"," ","S","29","     9.0"," ","S","29","     7.4"," ","S","29","     5.3"," ","S","29","     0.9"," ","S","29","     0.5"," ","S","29","     2.6"," ","S","29","    23.3"," ","S","29","    18.3"," ","S","29","    13.5"," ","S","29","     9.0"," ","S","29","     7.4"," ","S","29","     5.3"," ","S","29","     0.9"," ","S","29","     0.5"," ","S","29","    15.8"," ","S","29","    14.2"," ","S","29","    42.5"," ","S","30","    27.6"," ","S","30","    18.3"," ","S","30","    11.0"," ","S","30","     4.2"," ","S","30","     0.7"," ","S","30","     0.0"," ","S","30","     0.0"," ","S","30","    0.06"," ","S","30","    0.19"," ","S","30","    0.51"," ","S","30","    2.42"," ","S","30","   13.62"," ","S","30","     0.0"," ","S","30","     0.0"," ","S","30","     0.0"," ","S","30","     0.0"," ","S","30","     0.0"," ","S","30","     0.0"," ","S","30","     0.0"," ","S","30","     0.0"," ","S","30"," -9999.0","M"," "," 0"," -9999.0","M"," "," 0"," -9999.0","M"," "," 0","     0.0"," ","S","30","    15.1"," ","S","30","     0.0"," ","S","30","     0.0"," ","S","30","     0.0"," ","S","30","     0.0"," ","S","30","     0.0"," ","S","30","     0.0"," ","S","30","     0.0"," ","S","30"," -9999.0","M"," "," 0"," -9999.0","M"," "," 0"," -9999.0","M"," "," 0"
"USC00118740","05-17"," 40.0839"," -88.2403"," 219.8","CHAMPAIGN 3S, IL US","05","17","99","    63.6"," ","S","29","    74.1"," ","S","29","    53.1"," ","S","29","    21.1"," ","S","29","     7.9"," ","S","29","     9.3"," ","S","29","     7.7"," ","S","29","     6.5"," ","S","29","     4.2"," ","S","29","     0.0"," ","S","29","     0.0","X","S","29","     0.2"," ","S","29","     0.7"," ","S","29","     1.1"," ","S","29","     1.9"," ","S","29","     2.8"," ","S","29","    23.6"," ","S","29","    18.6"," ","S","29","    13.8"," ","S","29","     9.3"," ","S","29","     7.7"," ","S","29","     5.5"," ","S","29","     1.0"," ","S","29","     0.5"," ","S","29","     2.8"," ","S","29","    23.6"," ","S","29","    18.6"," ","S","29","    13.8"," ","S","29","     9.3"," ","S","29","     7.7"," ","S","29","     5.5"," ","S","29","     1.0"," ","S","29","     0.5"," ","S","29","    16.1"," ","S","29","    14.5"," ","S","29","    42.4"," ","S","30","    27.5"," ","S","30","    18.3"," ","S","30","    11.0"," ","S","30","     4.3"," ","S","30","     0.7"," ","S","30","     0.0"," ","S","30","     0.0"," ","S","30","    0.06"," ","S","30","    0.19"," ","S","30","    0.51"," ","S","30","    2.58"," ","S","30","   13.78"," ","S","30","     0.0"," ","S","30","     0.0"," ","S","30","     0.0"," ","S","30","     0.0"," ","S","30","     0.0"," ","S","30","     0.0"," ","S","30","     0.0"," ","S","30","     0.0"," ","S","30"," -9999.0","M"," "," 0"," -9999.0","M"," "," 0"," -9999.0","M"," "," 0","     0.0"," ","S","30","    15.1"," ","S","30","     0.0"," ","S","30","     0.0"," ","S","30","     0.0"," ","S","30","     0.0"," ","S","30","     0.0"," ","S","30","     0.0"," ","S","30","     0.0"," ","S","30"," -9999.0","M"," "," 0"," -9999.0","M"," "," 0"," -9999.0","M"," "," 0"
"USC00118740","05-18"," 40.0839"," -88.2403"," 219.8","CHAMPAIGN 3S, IL US","05","18","99","    64.0"," ","S","29","    74.5"," ","S","29","    53.4"," ","S","29","    21.0"," ","S","29","     7.9"," ","S","29","     9.3"," ","S","29","     7.7"," ","S","29","     6.4"," ","S","29","     4.0"," ","S","29","     0.0"," ","S","29","     0.0","X","S","29","     0.1"," ","S","29","     0.6"," ","S","29","     1.0"," ","S","29","     1.8"," ","S","29","     3.0"," ","S","29","    24.0"," ","S","29","    19.0"," ","S","29","    14.1"," ","S","29","     9.6"," ","S","29","     7.9"," ","S","29","     5.8"," ","S","29","     1.1"," ","S","29","     0.6"," ","S","29","     3.0"," ","S","29","    24.0"," ","S","29","    19.0"," ","S","29","    14.1"," ","S","29","     9.6"," ","S","29","     7.9"," ","S","29","     5.8"," ","S","29","     1.1"," ","S","29","     0.6"," ","S","29","    16.4"," ","S","29","    14.7"," ","S","29","    42.2"," ","S","30","    27.4"," ","S","30","    18.3"," ","S","30","    11.0"," ","S","30","     4.3"," ","S","30","     0.7"," ","S","30","     0.0"," ","S","30","     0.0"," ","S","30","    0.06"," ","S","30","    0.19"," ","S","30","    0.51"," ","S","30","    2.73"," ","S","30","   13.93"," ","S","30","     0.0"," ","S","30","     0.0"," ","S","30","     0.0"," ","S","30","     0.0"," ","S","30","     0.0"," ","S","30","     0.0"," ","S","30","     0.0"," ","S","30","     0.0"," ","S","30"," -9999.0","M"," "," 0"," -9999.0","M"," "," 0"," -9999.0","M"," "," 0","     0.0"," ","S","30","    15.1"," ","S","30","     0.0"," ","S","30","     0.0"," ","S","30","     0.0"," ","S","30","     0.0"," ","S","30","     0.0"," ","S","30","     0.0"," ","S","30","     0.0"," ","S","30"," -9999.0","M"," "," 0"," -9999.0","M"," "," 0"," -9999.0","M"," "," 0"
"USC00118740","05-19"," 40.0839"," -88.2403"," 219.8","CHAMPAIGN 3S, IL US","05","19","99","    64.3"," ","S","29","    74.8"," ","S","29","    53.8"," ","S","29","    21.0"," ","S","29","     7.9"," ","S","29","     9.2"," ","S","29","     7.7"," ","S","29","     6.4"," ","S","29","     3.8"," ","S","29","     0.0"," ","S","29","     0.0","X","S","29","     0.1"," ","S","29","     0.5"," ","S","29","     0.9"," ","S","29","     1.7"," ","S","29","     3.1"," ","S","29","    24.3"," ","S","29","    19.3"," ","S","29","    14.4"," ","S","29","     9.9"," ","S","29","     8.2"," ","S","29","     6.0"," ","S","29","     1.2"," ","S","29","     0.7"," ","S","29","     3.1"," ","S","29","    24.3"," ","S","29","    19.3"," ","S","29","    14.4"," ","S","29","     9.9"," ","S","29","     8.2"," ","S","29","     6.0"," ","S","29","     1.2"," ","S","29","     0.7"," ","S","29","    16.7"," ","S","29","    15.0"," ","S","29","    42.0"," ","S","30","    27.3"," ","S","30","    18.3"," ","S","30","    11.0"," ","S","30","     4.4"," ","S","30","     0.7"," ","S","30","     0.0"," ","S","30","     0.0"," ","S","30","    0.05"," ","S","30","    0.19"," ","S","30","    0.51"," ","S","30","    2.89"," ","S","30","   14.09"," ","S","30","     0.0"," ","S","30","     0.0"," ","S","30","     0.0"," ","S","30","     0.0"," ","S","30","     0.0"," ","S","30","     0.0"," ","S","30","     0.0"," ","S","30","     0.0"," ","S","30"," -9999.0","M"," "," 0"," -9999.0","M"," "," 0"," -9999.0","M"," "," 0","     0.0"," ","S","30","    15.1"," ","S","30","     0.0"," ","S","30","     0.0"," ","S","30","     0.0"," ","S","30","     0.0"," ","S","30","     0.0"," ","S","30","     0.0"," ","S","30","     0.0"," ","S","30"," -9999.0","M"," "," 0"," -9999.0","M"," "," 0"," -9999.0","M"," "," 0"
"USC00118740","05-20"," 40.0839"," -88.2403"," 219.8","CHAMPAIGN 3S, IL US","05","20","99","    64.6"," ","S","29","    75.1"," ","S","29","    54.1"," ","S","29","    21.0"," ","S","29","     7.9"," ","S","29","     9.2"," ","S","29","     7.7"," ","S","29","     6.4"," ","S","29","     3.6"," ","S","29","     0.0"," ","S","29","     0.0","X","S","29","     0.1"," ","S","29","     0.5"," ","S","29","     0.8"," ","S","29","     1.6"," ","S","29","     3.3"," ","S","29","    24.6"," ","S","29","    19.7"," ","S","29","    14.7"," ","S","29","    10.1"," ","S","29","     8.4"," ","S","29","     6.2"," ","S","29","     1.3"," ","S","29","     0.7"," ","S","29","     3.3"," ","S","29","    24.6"," ","S","29","    19.7"," ","S","29","    14.7"," ","S","29","    10.1"," ","S","29","     8.4"," ","S","29","     6.2"," ","S","29","     1.3"," ","S","29","     0.7"," ","S","29","    17.0"," ","S","29","    15.3"," ","S","29","    41.9"," ","S","30","    27.3"," ","S","30","    18.3"," ","S","30","    11.0"," ","S","30","     4.4"," ","S","30","     0.7"," ","S","30","     0.0"," ","S","30","     0.0"," ","S","30","    0.05"," ","S","30","    0.19"," ","S","30","    0.51"," ","S","30","    3.04"," ","S","30","   14.24"," ","S","30","     0.0"," ","S","30","     0.0"," ","S","30","     0.0"," ","S","30","     0.0"," ","S","30","     0.0"," ","S","30","     0.0"," ","S","30","     0.0"," ","S","30","     0.0"," ","S","30"," -9999.0","M"," "," 0"," -9999.0","M"," "," 0"," -9999.0","M"," "," 0","     0.0"," ","S","30","    15.1"," ","S","30","     0.0"," ","S","30","     0.0"," ","S","30","     0.0"," ","S","30","     0.0"," ","S","30","     0.0"," ","S","30","     0.0"," ","S","30","     0.0"," ","S","30"," -9999.0","M"," "," 0"," -9999.0","M"," "," 0"," -9999.0","M"," "," 0"
"USC00118740","05-21"," 40.0839"," -88.2403"," 219.8","CHAMPAIGN 3S, IL US","05","21","99","    65.0"," ","S","29","    75.5"," ","S","29","    54.5"," ","S","29","    21.0"," ","S","29","     7.8"," ","S","29","     9.2"," ","S","29","     7.7"," ","S","29","     6.3"," ","S","29","     3.5"," ","S","29","     0.0"," ","S","29","     0.0","X","S","29","     0.1"," ","S","29","     0.4"," ","S","29","     0.7"," ","S","29","     1.4"," ","S","29","     3.4"," ","S","29","    25.0"," ","S","29","    20.0"," ","S","29","    15.1"," ","S","29","    10.4"," ","S","29","     8.7"," ","S","29","     6.4"," ","S","29","     1.3"," ","S","29","     0.8"," ","S","29","     3.4"," ","S","29","    25.0"," ","S","29","    20.0"," ","S","29","    15.1"," ","S","29","    10.4"," ","S","29","     8.7"," ","S","29","     6.4"," ","S","29","     1.3"," ","S","29","     0.8"," ","S","29","    17.3"," ","S","29","    15.6"," ","S","29","    41.8"," ","S","30","    27.2"," ","S","30","    18.3"," ","S","30","    11.0"," ","S","30","     4.5"," ","S","30","     0.7"," ","S","30","     0.0"," ","S","30","     0.0"," ","S","30","    0.05"," ","S","30","    0.19"," ","S","30","    0.51"," ","S","30","    3.20"," ","S","30","   14.40"," ","S","30","     0.0"," ","S","30","     0.0"," ","S","30","     0.0"," ","S","30","     0.0"," ","S","30","     0.0"," ","S","30","     0.0"," ","S","30","     0.0"," ","S","30","     0.0"," ","S","30"," -9999.0","M"," "," 0"," -9999.0","M"," "," 0"," -9999.0","M"," "," 0","     0.0"," ","S","30","    15.1"," ","S","30","     0.0"," ","S","30","     0.0"," ","S","30","     0.0"," ","S","30","     0.0"," ","S","30","     0.0"," ","S","30","     0.0"," ","S","30","     0.0"," ","S","30"," -9999.0","M"," "," 0"," -9999.0","M"," "," 0"," -9999.0","M"," "," 0"
"USC00118740","05-22"," 40.0839"," -88.2403"," 219.8","CHAMPAIGN 3S, IL US","05","22","99","    65.3"," ","S","29","    75.8"," ","S","29","    54.8"," ","S","29","    21.0"," ","S","29","     7.8"," ","S","29","     9.1"," ","S","29","     7.6"," ","S","29","     6.3"," ","S","29","     3.3"," ","S","29","     0.0"," ","S","29","     0.0","X","S","29","     0.1"," ","S","29","     0.4"," ","S","29","     0.7"," ","S","29","     1.3"," ","S","29","     3.6"," ","S","29","    25.3"," ","S","29","    20.3"," ","S","29","    15.4"," ","S","29","    10.7"," ","S","29","     9.0"," ","S","29","     6.7"," ","S","29","     1.4"," ","S","29","     0.8"," ","S","29","     3.6"," ","S","29","    25.3"," ","S","29","    20.3"," ","S","29","    15.4"," ","S","29","    10.7"," ","S","29","     9.0"," ","S","29","     6.7"," ","S","29","     1.4"," ","S","29","     0.8"," ","S","29","    17.6"," ","S","29","    15.8"," ","S","29","    41.7"," ","S","30","    27.1"," ","S","30","    18.2"," ","S","30","    11.0"," ","S","30","     4.5"," ","S","30","     0.7"," ","S","30","     0.0"," ","S","30","     0.0"," ","S","30","    0.05"," ","S","30","    0.19"," ","S","30","    0.51"," ","S","30","    3.36"," ","S","30","   14.56"," ","S","30","     0.0"," ","S","30","     0.0"," ","S","30","     0.0"," ","S","30","     0.0"," ","S","30","     0.0"," ","S","30","     0.0"," ","S","30","     0.0"," ","S","30","     0.0"," ","S","30"," -9999.0","M"," "," 0"," -9999.0","M"," "," 0"," -9999.0","M"," "," 0","     0.0"," ","S","30","    15.1"," ","S","30","     0.0"," ","S","30","     0.0"," ","S","30","     0.0"," ","S","30","     0.0"," ","S","30","     0.0"," ","S","30","     0.0"," ","S","30","     0.0"," ","S","30"," -9999.0","M"," "," 0"," -9999.0","M"," "," 0"," -9999.0","M"," "," 0"
"USC00118740","05-23"," 40.0839"," -88.2403"," 219.8","CHAMPAIGN 3S, IL US","05","23","99","    65.7"," ","S","29","    76.1"," ","S","29","    55.2"," ","S","29","    20.9"," ","S","29","     7.7"," ","S","29","     9.0"," ","S","29","     7.6"," ","S","29","     6.2"," ","S","29","     3.1"," ","S","29","     0.0"," ","S","29","     0.0","X","S","29","     0.1"," ","S","29","     0.3"," ","S","29","     0.6"," ","S","29","     1.2"," ","S","29","     3.8"," ","S","29","    25.7"," ","S","29","    20.7"," ","S","29","    15.7"," ","S","29","    11.0"," ","S","29","     9.3"," ","S","29","     6.9"," ","S","29","     1.5"," ","S","29","     0.9"," ","S","29","     3.8"," ","S","29","    25.7"," ","S","29","    20.7"," ","S","29","    15.7"," ","S","29","    11.0"," ","S","29","     9.3"," ","S","29","     6.9"," ","S","29","     1.5"," ","S","29","     0.9"," ","S","29","    17.9"," ","S","29","    16.1"," ","S","29","    41.6"," ","S","30","    27.1"," ","S","30","    18.2"," ","S","30","    10.9"," ","S","30","     4.5"," ","S","30","     0.7"," ","S","30","     0.0"," ","S","30","     0.0"," ","S","30","    0.05"," ","S","30","    0.19"," ","S","30","    0.51"," ","S","30","    3.52"," ","S","30","   14.72"," ","S","30","     0.0"," ","S","30","     0.0"," ","S","30","     0.0"," ","S","30","     0.0"," ","S","30","     0.0"," ","S","30","     0.0"," ","S","30","     0.0"," ","S","30","     0.0"," ","S","30"," -9999.0","M"," "," 0"," -9999.0","M"," "," 0"," -9999.0","M"," "," 0","     0.0"," ","S","30","    15.1"," ","S","30","     0.0"," ","S","30","     0.0"," ","S","30","     0.0"," ","S","30","     0.0"," ","S","30","     0.0"," ","S","30","     0.0"," ","S","30","     0.0"," ","S","30"," -9999.0","M"," "," 0"," -9999.0","M"," "," 0"," -9999.0","M"," "," 0"
"USC00118740","05-24"," 40.0839"," -88.2403"," 219.8","CHAMPAIGN 3S, IL US","05","24","99","    66.0"," ","S","29","    76.5"," ","S","29","    55.5"," ","S","29","    20.9"," ","S","29","     7.7"," ","S","29","     9.0"," ","S","29","     7.5"," ","S","29","     6.2"," ","S","29","     2.9"," ","S","29","     0.0"," ","S","29","     0.0","X","S","29","     0.0","X","S","29","     0.3"," ","S","29","     0.5"," ","S","29","     1.1"," ","S","29","     3.9"," ","S","29","    26.0"," ","S","29","    21.0"," ","S","29","    16.1"," ","S","29","    11.3"," ","S","29","     9.5"," ","S","29","     7.1"," ","S","29","     1.6"," ","S","29","     1.0"," ","S","29","     3.9"," ","S","29","    26.0"," ","S","29","    21.0"," ","S","29","    16.1"," ","S","29","    11.3"," ","S","29","     9.5"," ","S","29","     7.1"," ","S","29","     1.6"," ","S","29","     1.0"," ","S","29","    18.2"," ","S","29","    16.4"," ","S","29","    41.5"," ","S","30","    27.0"," ","S","30","    18.2"," ","S","30","    10.9"," ","S","30","     4.5"," ","S","30","     0.8"," ","S","30","     0.0"," ","S","30","     0.0"," ","S","30","    0.05"," ","S","30","    0.19"," ","S","30","    0.51"," ","S","30","    3.68"," ","S","30","   14.88"," ","S","30","     0.0"," ","S","30","     0.0"," ","S","30","     0.0"," ","S","30","     0.0"," ","S","30","     0.0"," ","S","30","     0.0"," ","S","30","     0.0"," ","S","30","     0.0"," ","S","30"," -9999.0","M"," "," 0"," -9999.0","M"," "," 0"," -9999.0","M"," "," 0","     0.0"," ","S","30","    15.1"," ","S","30","     0.0"," ","S","30","     0.0"," ","S","30","     0.0"," ","S","30","     0.0"," ","S","30","     0.0"," ","S","30","     0.0"," ","S","30","     0.0"," ","S","30"," -9999.0","M"," "," 0"," -9999.0","M"," "," 0"," -9999.0","M"," "," 0"
"USC00118740","05-25"," 40.0839"," -88.2403"," 219.8","CHAMPAIGN 3S, IL US","05","25","99","    66.3"," ","S","29","    76.8"," ","S","29","    55.9"," ","S","29","    20.9"," ","S","29","     7.6"," ","S","29","     8.9"," ","S","29","     7.5"," ","S","29","     6.2"," ","S","29","     2.7"," ","S","29","     0.0"," ","S","29","     0.0","X","S","29","     0.0","X","S","29","     0.2"," ","S","29","     0.4"," ","S","29","     1.0"," ","S","29","     4.1"," ","S","29","    26.3"," ","S","29","    21.3"," ","S","29","    16.4"," ","S","29","    11.6"," ","S","29","     9.8"," ","S","29","     7.4"," ","S","29","     1.7"," ","S","29","     1.0"," ","S","29","     4.1"," ","S","29","    26.3"," ","S","29","    21.3"," ","S","29","    16.4"," ","S","29","    11.6"," ","S","29","     9.8"," ","S","29","     7.4"," ","S","29","     1.7"," ","S","29","     1.0"," ","S","29","    18.4"," ","S","29","    16.7"," ","S","29","    41.4"," ","S","30","    26.9"," ","S","30","    18.2"," ","S","30","    10.9"," ","S","30","     4.6"," ","S","30","     0.8"," ","S","30","     0.0"," ","S","30","     0.0"," ","S","30","    0.05"," ","S","30","    0.19"," ","S","30","    0.51"," ","S","30","    3.84"," ","S","30","   15.04"," ","S","30","     0.0"," ","S","30","     0.0"," ","S","30","     0.0"," ","S","30","     0.0"," ","S","30","     0.0"," ","S","30","     0.0"," ","S","30","     0.0"," ","S","30","     0.0"," ","S","30"," -9999.0","M"," "," 0"," -9999.0","M"," "," 0"," -9999.0","M"," "," 0","     0.0"," ","S","30","    15.1"," ","S","30","     0.0"," ","S","30","     0.0"," ","S","30","     0.0"," ","S","30","     0.0"," ","S","30","     0.0"," ","S","30","     0.0"," ","S","30","     0.0"," ","S","30"," -9999.0","M"," "," 0"," -9999.0","M"," "," 0"," -9999.0","M"," "," 0"
"USC00118740","05-26"," 40.0839"," -88.2403"," 219.8","CHAMPAIGN 3S, IL US","05","26","99","    66.7"," ","S","29","    77.1"," ","S","29","    56.2"," ","S","29","    20.9"," ","S","29","     7.6"," ","S","29","     8.8"," ","S","29","     7.4"," ","S","29","     6.1"," ","S","29","     2.6"," ","S","29","     0.0"," ","S","29","     0.0","X","S","29","     0.0","X","S","29","     0.2"," ","S","29","     0.4"," ","S","29","     0.9"," ","S","29","     4.2"," ","S","29","    26.7"," ","S","29","    21.7"," ","S","29","    16.7"," ","S","29","    11.9"," ","S","29","    10.1"," ","S","29","     7.6"," ","S","29","     1.8"," ","S","29","     1.1"," ","S","29","     4.2"," ","S","29","    26.7"," ","S","29","    21.7"," ","S","29","    16.7"," ","S","29","    11.9"," ","S","29","    10.1"," ","S","29","     7.6"," ","S","29","     1.8"," ","S","29","     1.1"," ","S","29","    18.7"," ","S","29","    16.9"," ","S","29","    41.3"," ","S","30","    26.9"," ","S","30","    18.2"," ","S","30","    10.9"," ","S","30","     4.6"," ","S","30","     0.8"," ","S","30","     0.0"," ","S","30","     0.0"," ","S","30","    0.05"," ","S","30","    0.19"," ","S","30","    0.51"," ","S","30","    3.99"," ","S","30","   15.19"," ","S","30","     0.0"," ","S","30","     0.0"," ","S","30","     0.0"," ","S","30","     0.0"," ","S","30","     0.0"," ","S","30","     0.0"," ","S","30","     0.0"," ","S","30","     0.0"," ","S","30"," -9999.0","M"," "," 0"," -9999.0","M"," "," 0"," -9999.0","M"," "," 0","     0.0"," ","S","30","    15.1"," ","S","30","     0.0"," ","S","30","     0.0"," ","S","30","     0.0"," ","S","30","     0.0"," ","S","30","     0.0"," ","S","30","     0.0"," ","S","30","     0.0"," ","S","30"," -9999.0","M"," "," 0"," -9999.0","M"," "," 0"," -9999.0","M"," "," 0"
"USC00118740","05-27"," 40.0839"," -88.2403"," 219.8","CHAMPAIGN 3S, IL US","05","27","99","    67.0"," ","S","29","    77.5"," ","S","29","    56.6"," ","S","29","    20.9"," ","S","29","     7.5"," ","S","29","     8.7"," ","S","29","     7.4"," ","S","29","     6.1"," ","S","29","     2.4"," ","S","29","     0.0"," ","S","29","     0.0","X","S","29","     0.0","X","S","29","     0.2"," ","S","29","     0.3"," ","S","29","     0.8"," ","S","29","     4.4"," ","S","29","    27.0"," ","S","29","    22.0"," ","S","29","    17.0"," ","S","29","    12.2"," ","S","29","    10.3"," ","S","29","     7.8"," ","S","29","     1.9"," ","S","29","     1.2"," ","S","29","     4.4"," ","S","29","    27.0"," ","S","29","    22.0"," ","S","29","    17.0"," ","S","29","    12.2"," ","S","29","    10.3"," ","S","29","     7.8"," ","S","29","     1.9"," ","S","29","     1.2"," ","S","29","    19.0"," ","S","29","    17.2"," ","S","29","    41.2"," ","S","30","    26.8"," ","S","30","    18.2"," ","S","30","    10.9"," ","S","30","     4.6"," ","S","30","     0.8"," ","S","30","     0.0"," ","S","30","     0.0"," ","S","30","    0.05"," ","S","30","    0.19"," ","S","30","    0.52"," ","S","30","    4.14"," ","S","30","   15.34"," ","S","30","     0.0"," ","S","30","     0.0"," ","S","30","     0.0"," ","S","30","     0.0"," ","S","30","     0.0"," ","S","30","     0.0"," ","S","30","     0.0"," ","S","30","     0.0"," ","S","30"," -9999.0","M"," "," 0"," -9999.0","M"," "," 0"," -9999.0","M"," "," 0","     0.0"," ","S","30","    15.1"," ","S","30","     0.0"," ","S","30","     0.0"," ","S","30","     0.0"," ","S","30","     0.0"," ","S","30","     0.0"," ","S","30","     0.0"," ","S","30","     0.0"," ","S","30"," -9999.0","M"," "," 0"," -9999.0","M"," "," 0"," -9999.0","M"," "," 0"
"USC00118740","05-28"," 40.0839"," -88.2403"," 219.8","CHAMPAIGN 3S, IL US","05","28","99","    67.3"," ","S","29","    77.8"," ","S","29","    56.9"," ","S","29","    20.9"," ","S","29","     7.4"," ","S","29","     8.6"," ","S","29","     7.3"," ","S","29","     6.0"," ","S","29","     2.2"," ","S","29","     0.0"," ","S","29","     0.0"," ","S","29","     0.0","X","S","29","     0.1"," ","S","29","     0.3"," ","S","29","     0.7"," ","S","29","     4.6"," ","S","29","    27.3"," ","S","29","    22.3"," ","S","29","    17.4"," ","S","29","    12.5"," ","S","29","    10.6"," ","S","29","     8.1"," ","S","29","     2.0"," ","S","29","     1.2"," ","S","29","     4.6"," ","S","29","    27.3"," ","S","29","    22.3"," ","S","29","    17.4"," ","S","29","    12.5"," ","S","29","    10.6"," ","S","29","     8.1"," ","S","29","     2.0"," ","S","29","     1.2"," ","S","29","    19.3"," ","S","29","    17.4"," ","S","29","    41.0"," ","S","30","    26.7"," ","S","30","    18.2"," ","S","30","    10.8"," ","S","30","     4.7"," ","S","30","     0.8"," ","S","30","     0.0"," ","S","30","     0.0"," ","S","30","    0.05"," ","S","30","    0.19"," ","S","30","    0.52"," ","S","30","    4.30"," ","S","30","   15.50"," ","S","30","     0.0"," ","S","30","     0.0"," ","S","30","     0.0"," ","S","30","     0.0"," ","S","30","     0.0"," ","S","30","     0.0"," ","S","30","     0.0"," ","S","30","     0.0"," ","S","30"," -9999.0","M"," "," 0"," -9999.0","M"," "," 0"," -9999.0","M"," "," 0","     0.0"," ","S","30","    15.1"," ","S","30","     0.0"," ","S","30","     0.0"," ","S","30","     0.0"," ","S","30","     0.0"," ","S","30","     0.0"," ","S","30","     0.0"," ","S","30","     0.0"," ","S","30"," -9999.0","M"," "," 0"," -9999.0","M"," "," 0"," -9999.0","M"," "," 0"
"USC00118740","05-29"," 40.0839"," -88.2403"," 219.8","CHAMPAIGN 3S, IL US","05","29","99","    67.7"," ","S","29","    78.1"," ","S","29","    57.2"," ","S","29","    20.9"," ","S","29","     7.3"," ","S","29","     8.5"," ","S","29","     7.2"," ","S","29","     6.0"," ","S","29","     2.0"," ","S","29","     0.0"," ","S","29","     0.0"," ","S","29","     0.0","X","S","29","     0.1"," ","S","29","     0.2"," ","S","29","     0.7"," ","S","29","     4.7"," ","S","29","    27.7"," ","S","29","    22.7"," ","S","29","    17.7"," ","S","29","    12.8"," ","S","29","    10.9"," ","S","29","     8.3"," ","S","29","     2.1"," ","S","29","     1.3"," ","S","29","     4.7"," ","S","29","    27.7"," ","S","29","    22.7"," ","S","29","    17.7"," ","S","29","    12.8"," ","S","29","    10.9"," ","S","29","     8.3"," ","S","29","     2.1"," ","S","29","     1.3"," ","S","29","    19.6"," ","S","29","    17.7"," ","S","29","    40.8"," ","S","30","    26.5"," ","S","30","    18.2"," ","S","30","    10.8"," ","S","30","     4.7"," ","S","30","     0.8"," ","S","30","     0.0"," ","S","30","     0.0"," ","S","30","    0.05"," ","S","30","    0.19"," ","S","30","    0.52"," ","S","30","    4.46"," ","S","30","   15.66"," ","S","30","     0.0"," ","S","30","     0.0"," ","S","30","     0.0"," ","S","30","     0.0"," ","S","30","     0.0"," ","S","30","     0.0"," ","S","30","     0.0"," ","S","30","     0.0"," ","S","30"," -9999.0","M"," "," 0"," -9999.0","M"," "," 0"," -9999.0","M"," "," 0","     0.0"," ","S","30","    15.1"," ","S","30","     0.0"," ","S","30","     0.0"," ","S","30","     0.0"," ","S","30","     0.0"," ","S","30","     0.0"," ","S","30","     0.0"," ","S","30","     0.0"," ","S","30"," -9999.0","M"," "," 0"," -9999.0","M"," "," 0"," -9999.0","M"," "," 0"
"USC00118740","05-30"," 40.0839"," -88.2403"," 219.8","CHAMPAIGN 3S, IL US","05","30","99","    68.0"," ","S","29","    78.4"," ","S","29","    57.6"," ","S","29","    20.8"," ","S","29","     7.2"," ","S","29","     8.4"," ","S","29","     7.2"," ","S","29","     6.0"," ","S","29","     1.9"," ","S","29","     0.0"," ","S","29","     0.0"," ","S","29","     0.0","X","S","29","     0.1"," ","S","29","     0.2"," ","S","29","     0.6"," ","S","29","     4.9"," ","S","29","    28.0"," ","S","29","    23.0"," ","S","29","    18.0"," ","S","29","    13.1"," ","S","29","    11.2"," ","S","29","     8.6"," ","S","29","     2.2"," ","S","29","     1.4"," ","S","29","     4.9"," ","S","29","    28.0"," ","S","29","    23.0"," ","S","29","    18.0"," ","S","29","    13.1"," ","S","29","    11.2"," ","S","29","     8.6"," ","S","29","     2.2"," ","S","29","     1.4"," ","S","29","    19.8"," ","S","29","    18.0"," ","S","29","    40.7"," ","S","30","    26.5"," ","S","30","    18.2"," ","S","30","    10.8"," ","S","30","     4.7"," ","S","30","     0.8"," ","S","30","     0.0"," ","S","30","     0.0"," ","S","30","    0.05"," ","S","30","    0.19"," ","S","30","    0.52"," ","S","30","    4.62"," ","S","30","   15.82"," ","S","30","     0.0"," ","S","30","     0.0"," ","S","30","     0.0"," ","S","30","     0.0"," ","S","30","     0.0"," ","S","30","     0.0"," ","S","30","     0.0"," ","S","30","     0.0"," ","S","30"," -9999.0","M"," "," 0"," -9999.0","M"," "," 0"," -9999.0","M"," "," 0","     0.0"," ","S","30","    15.1"," ","S","30","     0.0"," ","S","30","     0.0"," ","S","30","     0.0"," ","S","30","     0.0"," ","S","30","     0.0"," ","S","30","     0.0"," ","S","30","     0.0"," ","S","30"," -9999.0","M"," "," 0"," -9999.0","M"," "," 0"," -9999.0","M"," "," 0"
"USC00118740","05-31"," 40.0839"," -88.2403"," 219.8","CHAMPAIGN 3S, IL US","05","31","99","    68.3"," ","S","29","    78.7"," ","S","29","    57.9"," ","S","29","    20.8"," ","S","29","     7.1"," ","S","29","     8.3"," ","S","29","     7.1"," ","S","29","     5.9"," ","S","29","     1.7"," ","S","29","     0.0"," ","S","29","     0.0"," ","S","29","     0.0","X","S","29","     0.1"," ","S","29","     0.2"," ","S","29","     0.5"," ","S","29","     5.1"," ","S","29","    28.3"," ","S","29","    23.3"," ","S","29","    18.3"," ","S","29","    13.4"," ","S","29","    11.5"," ","S","29","     8.9"," ","S","29","     2.3"," ","S","29","     1.5"," ","S","29","     5.1"," ","S","29","    28.3"," ","S","29","    23.3"," ","S","29","    18.3"," ","S","29","    13.4"," ","S","29","    11.5"," ","S","29","     8.9"," ","S","29","     2.3"," ","S","29","     1.5"," ","S","29","    20.1"," ","S","29","    18.2"," ","S","29","    40.5"," ","S","30","    26.4"," ","S","30","    18.2"," ","S","30","    10.9"," ","S","30","     4.8"," ","S","30","     0.9"," ","S","30","     0.0"," ","S","30","     0.0"," ","S","30","    0.05"," ","S","30","    0.19"," ","S","30","    0.53"," ","S","30","    4.78"," ","S","30","   15.98"," ","S","30","     0.0"," ","S","30","     0.0"," ","S","30","     0.0"," ","S","30","     0.0"," ","S","30","     0.0"," ","S","30","     0.0"," ","S","30","     0.0"," ","S","30","     0.0"," ","S","30"," -9999.0","M"," "," 0"," -9999.0","M"," "," 0"," -9999.0","M"," "," 0","     0.0"," ","S","30","    15.1"," ","S","30","     0.0"," ","S","30","     0.0"," ","S","30","     0.0"," ","S","30","     0.0"," ","S","30","     0.0"," ","S","30","     0.0"," ","S","30","     0.0"," ","S","30"," -9999.0","M"," "," 0"," -9999.0","M"," "," 0"," -9999.0","M"," "," 0"
"USC00118740","06-01"," 40.0839"," -88.2403"," 219.8","CHAMPAIGN 3S, IL US","06","01","99","    68.7"," ","S","30","    79.1"," ","S","30","    58.2"," ","S","30","    20.8"," ","S","30","     7.0"," ","S","30","     8.2"," ","S","30","     7.0"," ","S","30","     5.9"," ","S","30","     1.6"," ","S","30","     0.0"," ","S","30","     0.0"," ","S","30","     0.0","X","S","30","     0.1"," ","S","30","     0.2"," ","S","30","     0.5"," ","S","30","     5.2"," ","S","30","    28.6"," ","S","30","    23.7"," ","S","30","    18.7"," ","S","30","    13.7"," ","S","30","    11.8"," ","S","30","     9.1"," ","S","30","     2.4"," ","S","30","     1.5"," ","S","30","     5.2"," ","S","30","    28.6"," ","S","30","    23.7"," ","S","30","    18.7"," ","S","30","    13.7"," ","S","30","    11.8"," ","S","30","     9.1"," ","S","30","     2.4"," ","S","30","     1.5"," ","S","30","    20.4"," ","S","30","    18.5"," ","S","30","    40.4"," ","S","29","    26.3"," ","S","29","    18.2"," ","S","29","    10.9"," ","S","29","     4.8"," ","S","29","     0.9"," ","S","29","     0.0"," ","S","29","     0.0"," ","S","29","    0.05"," ","S","29","    0.19"," ","S","29","    0.53"," ","S","29","    0.16"," ","S","29","   16.14"," ","S","29","     0.0"," ","S","30","     0.0"," ","S","30","     0.0"," ","S","30","     0.0"," ","S","30","     0.0"," ","S","30","     0.0"," ","S","30","     0.0"," ","S","30","     0.0"," ","S","30"," -9999.0","M"," "," 0"," -9999.0","M"," "," 0"," -9999.0","M"," "," 0","     0.0"," ","S","30","    15.1"," ","S","30","     0.0"," ","S","30","     0.0"," ","S","30","     0.0"," ","S","30","     0.0"," ","S","30","     0.0"," ","S","30","     0.0"," ","S","30","     0.0"," ","S","30"," -9999.0","M"," "," 0"," -9999.0","M"," "," 0"," -9999.0","M"," "," 0"
"USC00118740","06-02"," 40.0839"," -88.2403"," 219.8","CHAMPAIGN 3S, IL US","06","02","99","    69.0"," ","S","30","    79.4"," ","S","30","    58.6"," ","S","30","    20.8"," ","S","30","     6.9"," ","S","30","     8.1"," ","S","30","     6.9"," ","S","30","     5.8"," ","S","30","     1.4"," ","S","30","     0.0"," ","S","30","     0.0"," ","S","30","     0.0","X","S","30","     0.0","X","S","30","     0.1"," ","S","30","     0.4"," ","S","30","     5.4"," ","S","30","    29.0"," ","S","30","    24.0"," ","S","30","    19.0"," ","S","30","    14.0"," ","S","30","    12.1"," ","S","30","     9.4"," ","S","30","     2.4"," ","S","30","     1.6"," ","S","30","     5.4"," ","S","30","    29.0"," ","S","30","    24.0"," ","S","30","    19.0"," ","S","30","    14.0"," ","S","30","    12.1"," ","S","30","     9.4"," ","S","30","     2.4"," ","S","30","     1.6"," ","S","30","    20.7"," ","S","30","    18.8"," ","S","30","    40.2"," ","S","29","    26.1"," ","S","29","    18.2"," ","S","29","    10.8"," ","S","29","     4.8"," ","S","29","     0.9"," ","S","29","     0.0"," ","S","29","     0.0"," ","S","29","    0.05"," ","S","29","    0.19"," ","S","29","    0.54"," ","S","29","    0.31"," ","S","29","   16.29"," ","S","29","     0.0"," ","S","30","     0.0"," ","S","30","     0.0"," ","S","30","     0.0"," ","S","30","     0.0"," ","S","30","     0.0"," ","S","30","     0.0"," ","S","30","     0.0"," ","S","30"," -9999.0","M"," "," 0"," -9999.0","M"," "," 0"," -9999.0","M"," "," 0","     0.0"," ","S","30","    15.1"," ","S","30","     0.0"," ","S","30","     0.0"," ","S","30","     0.0"," ","S","30","     0.0"," ","S","30","     0.0"," ","S","30","     0.0"," ","S","30","     0.0"," ","S","30"," -9999.0","M"," "," 0"," -9999.0","M"," "," 0"," -9999.0","M"," "," 0"
"USC00118740","06-03"," 40.0839"," -88.2403"," 219.8","CHAMPAIGN 3S, IL US","06","03","99","    69.3"," ","S","30","    79.7"," ","S","30","    58.9"," ","S","30","    20.8"," ","S","30","     6.8"," ","S","30","     8.0"," ","S","30","     6.8"," ","S","30","     5.7"," ","S","30","     1.3"," ","S","30","     0.0"," ","S","30","     0.0"," ","S","30","     0.0","X","S","30","     0.0","X","S","30","     0.1"," ","S","30","     0.4"," ","S","30","     5.6"," ","S","30","    29.3"," ","S","30","    24.3"," ","S","30","    19.3"," ","S","30","    14.3"," ","S","30","    12.4"," ","S","30","     9.6"," ","S","30","     2.5"," ","S","30","     1.6"," ","S","30","     5.6"," ","S","30","    29.3"," ","S","30","    24.3"," ","S","30","    19.3"," ","S","30","    14.3"," ","S","30","    12.4"," ","S","30","     9.6"," ","S","30","     2.5"," ","S","30","     1.6"," ","S","30","    21.0"," ","S","30","    19.0"," ","S","30","    40.0"," ","S","29","    26.0"," ","S","29","    18.2"," ","S","29","    10.8"," ","S","29","     4.8"," ","S","29","     0.9"," ","S","29","     0.0"," ","S","29","     0.0"," ","S","29","    0.05"," ","S","29","    0.20"," ","S","29","    0.54"," ","S","29","    0.47"," ","S","29","   16.45"," ","S","29","     0.0"," ","S","30","     0.0"," ","S","30","     0.0"," ","S","30","     0.0"," ","S","30","     0.0"," ","S","30","     0.0"," ","S","30","     0.0"," ","S","30","     0.0"," ","S","30"," -9999.0","M"," "," 0"," -9999.0","M"," "," 0"," -9999.0","M"," "," 0","     0.0"," ","S","30","    15.1"," ","S","30","     0.0"," ","S","30","     0.0"," ","S","30","     0.0"," ","S","30","     0.0"," ","S","30","     0.0"," ","S","30","     0.0"," ","S","30","     0.0"," ","S","30"," -9999.0","M"," "," 0"," -9999.0","M"," "," 0"," -9999.0","M"," "," 0"
"USC00118740","06-04"," 40.0839"," -88.2403"," 219.8","CHAMPAIGN 3S, IL US","06","04","99","    69.6"," ","S","30","    80.0"," ","S","30","    59.2"," ","S","30","    20.8"," ","S","30","     6.8"," ","S","30","     7.8"," ","S","30","     6.8"," ","S","30","     5.7"," ","S","30","     1.1"," ","S","30","     0.0"," ","S","30","     0.0"," ","S","30","     0.0","X","S","30","     0.0","X","S","30","     0.1"," ","S","30","     0.3"," ","S","30","     5.7"," ","S","30","    29.6"," ","S","30","    24.6"," ","S","30","    19.6"," ","S","30","    14.6"," ","S","30","    12.7"," ","S","30","     9.9"," ","S","30","     2.5"," ","S","30","     1.6"," ","S","30","     5.7"," ","S","30","    29.6"," ","S","30","    24.6"," ","S","30","    19.6"," ","S","30","    14.6"," ","S","30","    12.7"," ","S","30","     9.9"," ","S","30","     2.5"," ","S","30","     1.6"," ","S","30","    21.2"," ","S","30","    19.3"," ","S","30","    39.8"," ","S","29","    25.8"," ","S","29","    18.1"," ","S","29","    10.8"," ","S","29","     4.9"," ","S","29","     0.9"," ","S","29","     0.0"," ","S","29","     0.0"," ","S","29","    0.05"," ","S","29","    0.20"," ","S","29","    0.54"," ","S","29","    0.63"," ","S","29","   16.61"," ","S","29","     0.0"," ","S","30","     0.0"," ","S","30","     0.0"," ","S","30","     0.0"," ","S","30","     0.0"," ","S","30","     0.0"," ","S","30","     0.0"," ","S","30","     0.0"," ","S","30"," -9999.0","M"," "," 0"," -9999.0","M"," "," 0"," -9999.0","M"," "," 0","     0.0"," ","S","30","    15.1"," ","S","30","     0.0"," ","S","30","     0.0"," ","S","30","     0.0"," ","S","30","     0.0"," ","S","30","     0.0"," ","S","30","     0.0"," ","S","30","     0.0"," ","S","30"," -9999.0","M"," "," 0"," -9999.0","M"," "," 0"," -9999.0","M"," "," 0"
"USC00118740","06-05"," 40.0839"," -88.2403"," 219.8","CHAMPAIGN 3S, IL US","06","05","99","    69.9"," ","S","30","    80.3"," ","S","30","    59.5"," ","S","30","    20.8"," ","S","30","     6.7"," ","S","30","     7.7"," ","S","30","     6.7"," ","S","30","     5.6"," ","S","30","     1.0"," ","S","30","     0.0"," ","S","30","     0.0"," ","S","30","     0.0"," ","S","30","     0.0","X","S","30","     0.1"," ","S","30","     0.3"," ","S","30","     5.9"," ","S","30","    29.9"," ","S","30","    24.9"," ","S","30","    19.9"," ","S","30","    14.9"," ","S","30","    13.0"," ","S","30","    10.2"," ","S","30","     2.6"," ","S","30","     1.7"," ","S","30","     5.9"," ","S","30","    29.9"," ","S","30","    24.9"," ","S","30","    19.9"," ","S","30","    14.9"," ","S","30","    13.0"," ","S","30","    10.2"," ","S","30","     2.6"," ","S","30","     1.7"," ","S","30","    21.5"," ","S","30","    19.6"," ","S","30","    39.5"," ","S","29","    25.6"," ","S","29","    18.0"," ","S","29","    10.8"," ","S","29","     4.9"," ","S","29","     0.9"," ","S","29","     0.0"," ","S","29","     0.0"," ","S","29","    0.05"," ","S","29","    0.20"," ","S","29","    0.55"," ","S","29","    0.78"," ","S","29","   16.76"," ","S","29","     0.0"," ","S","30","     0.0"," ","S","30","     0.0"," ","S","30","     0.0"," ","S","30","     0.0"," ","S","30","     0.0"," ","S","30","     0.0"," ","S","30","     0.0"," ","S","30"," -9999.0","M"," "," 0"," -9999.0","M"," "," 0"," -9999.0","M"," "," 0","     0.0"," ","S","30","    15.1"," ","S","30","     0.0"," ","S","30","     0.0"," ","S","30","     0.0"," ","S","30","     0.0"," ","S","30","     0.0"," ","S","30","     0.0"," ","S","30","     0.0"," ","S","30"," -9999.0","M"," "," 0"," -9999.0","M"," "," 0"," -9999.0","M"," "," 0"
"USC00118740","06-06"," 40.0839"," -88.2403"," 219.8","CHAMPAIGN 3S, IL US","06","06","99","    70.2"," ","S","30","    80.6"," ","S","30","    59.8"," ","S","30","    20.7"," ","S","30","     6.6"," ","S","30","     7.6"," ","S","30","     6.6"," ","S","30","     5.6"," ","S","30","     0.9"," ","S","30","     0.0"," ","S","30","     0.0"," ","S","30","     0.0"," ","S","30","     0.0","X","S","30","     0.1"," ","S","30","     0.2"," ","S","30","     6.1"," ","S","30","    30.2"," ","S","30","    25.2"," ","S","30","    20.2"," ","S","30","    15.2"," ","S","30","    13.3"," ","S","30","    10.4"," ","S","30","     2.7"," ","S","30","     1.8"," ","S","30","     6.1"," ","S","30","    30.2"," ","S","30","    25.2"," ","S","30","    20.2"," ","S","30","    15.2"," ","S","30","    13.3"," ","S","30","    10.4"," ","S","30","     2.7"," ","S","30","     1.8"," ","S","30","    21.8"," ","S","30","    19.8"," ","S","30","    39.3"," ","S","29","    25.4"," ","S","29","    17.9"," ","S","29","    10.8"," ","S","29","     4.9"," ","S","29","     0.9"," ","S","29","     0.0"," ","S","29","     0.0"," ","S","29","    0.05"," ","S","29","    0.20"," ","S","29","    0.55"," ","S","29","    0.94"," ","S","29","   16.92"," ","S","29","     0.0"," ","S","30","     0.0"," ","S","30","     0.0"," ","S","30","     0.0"," ","S","30","     0.0"," ","S","30","     0.0"," ","S","30","     0.0"," ","S","30","     0.0"," ","S","30"," -9999.0","M"," "," 0"," -9999.0","M"," "," 0"," -9999.0","M"," "," 0","     0.0"," ","S","30","    15.1"," ","S","30","     0.0"," ","S","30","     0.0"," ","S","30","     0.0"," ","S","30","     0.0"," ","S","30","     0.0"," ","S","30","     0.0"," ","S","30","     0.0"," ","S","30"," -9999.0","M"," "," 0"," -9999.0","M"," "," 0"," -9999.0","M"," "," 0"
"USC00118740","06-07"," 40.0839"," -88.2403"," 219.8","CHAMPAIGN 3S, IL US","06","07","99","    70.5"," ","S","30","    80.9"," ","S","30","    60.1"," ","S","30","    20.7"," ","S","30","     6.5"," ","S","30","     7.5"," ","S","30","     6.5"," ","S","30","     5.5"," ","S","30","     0.8"," ","S","30","     0.0"," ","S","30","     0.0"," ","S","30","     0.0"," ","S","30","     0.0","X","S","30","     0.0","X","S","30","     0.2"," ","S","30","     6.3"," ","S","30","    30.5"," ","S","30","    25.5"," ","S","30","    20.5"," ","S","30","    15.5"," ","S","30","    13.5"," ","S","30","    10.7"," ","S","30","     2.8"," ","S","30","     1.9"," ","S","30","     6.3"," ","S","30","    30.5"," ","S","30","    25.5"," ","S","30","    20.5"," ","S","30","    15.5"," ","S","30","    13.5"," ","S","30","    10.7"," ","S","30","     2.8"," ","S","30","     1.9"," ","S","30","    22.1"," ","S","30","    20.1"," ","S","30","    39.0"," ","S","29","    25.2"," ","S","29","    17.8"," ","S","29","    10.8"," ","S","29","     4.9"," ","S","29","     0.9"," ","S","29","     0.0"," ","S","29","     0.0"," ","S","29","    0.05"," ","S","29","    0.20"," ","S","29","    0.56"," ","S","29","    1.09"," ","S","29","   17.07"," ","S","29","     0.0"," ","S","30","     0.0"," ","S","30","     0.0"," ","S","30","     0.0"," ","S","30","     0.0"," ","S","30","     0.0"," ","S","30","     0.0"," ","S","30","     0.0"," ","S","30"," -9999.0","M"," "," 0"," -9999.0","M"," "," 0"," -9999.0","M"," "," 0","     0.0"," ","S","30","    15.1"," ","S","30","     0.0"," ","S","30","     0.0"," ","S","30","     0.0"," ","S","30","     0.0"," ","S","30","     0.0"," ","S","30","     0.0"," ","S","30","     0.0"," ","S","30"," -9999.0","M"," "," 0"," -9999.0","M"," "," 0"," -9999.0","M"," "," 0"
"USC00118740","06-08"," 40.0839"," -88.2403"," 219.8","CHAMPAIGN 3S, IL US","06","08","99","    70.8"," ","S","30","    81.1"," ","S","30","    60.4"," ","S","30","    20.7"," ","S","30","     6.4"," ","S","30","     7.4"," ","S","30","     6.5"," ","S","30","     5.5"," ","S","30","     0.7"," ","S","30","     0.0"," ","S","30","     0.0"," ","S","30","     0.0"," ","S","30","     0.0","X","S","30","     0.0","X","S","30","     0.1"," ","S","30","     6.5"," ","S","30","    30.8"," ","S","30","    25.8"," ","S","30","    20.8"," ","S","30","    15.8"," ","S","30","    13.8"," ","S","30","    10.9"," ","S","30","     2.9"," ","S","30","     1.9"," ","S","30","     6.5"," ","S","30","    30.8"," ","S","30","    25.8"," ","S","30","    20.8"," ","S","30","    15.8"," ","S","30","    13.8"," ","S","30","    10.9"," ","S","30","     2.9"," ","S","30","     1.9"," ","S","30","    22.3"," ","S","30","    20.3"," ","S","30","    38.9"," ","S","29","    25.1"," ","S","29","    17.7"," ","S","29","    10.7"," ","S","29","     4.9"," ","S","29","     0.9"," ","S","29","     0.0"," ","S","29","     0.0"," ","S","29","    0.05"," ","S","29","    0.20"," ","S","29","    0.56"," ","S","29","    1.25"," ","S","29","   17.23"," ","S","29","     0.0"," ","S","30","     0.0"," ","S","30","     0.0"," ","S","30","     0.0"," ","S","30","     0.0"," ","S","30","     0.0"," ","S","30","     0.0"," ","S","30","     0.0"," ","S","30"," -9999.0","M"," "," 0"," -9999.0","M"," "," 0"," -9999.0","M"," "," 0","     0.0"," ","S","30","    15.1"," ","S","30","     0.0"," ","S","30","     0.0"," ","S","30","     0.0"," ","S","30","     0.0"," ","S","30","     0.0"," ","S","30","     0.0"," ","S","30","     0.0"," ","S","30"," -9999.0","M"," "," 0"," -9999.0","M"," "," 0"," -9999.0","M"," "," 0"
"USC00118740","06-09"," 40.0839"," -88.2403"," 219.8","CHAMPAIGN 3S, IL US","06","09","99","    71.1"," ","S","30","    81.4"," ","S","30","    60.7"," ","S","30","    20.7"," ","S","30","     6.3"," ","S","30","     7.3"," ","S","30","     6.4"," ","S","30","     5.4"," ","S","30","     0.6"," ","S","30","     0.0"," ","S","30","     0.0"," ","S","30","     0.0"," ","S","30","     0.0","X","S","30","     0.0","X","S","30","     0.1"," ","S","30","     6.6"," ","S","30","    31.1"," ","S","30","    26.1"," ","S","30","    21.1"," ","S","30","    16.1"," ","S","30","    14.1"," ","S","30","    11.2"," ","S","30","     3.0"," ","S","30","     2.0"," ","S","30","     6.6"," ","S","30","    31.1"," ","S","30","    26.1"," ","S","30","    21.1"," ","S","30","    16.1"," ","S","30","    14.1"," ","S","30","    11.2"," ","S","30","     3.0"," ","S","30","     2.0"," ","S","30","    22.6"," ","S","30","    20.6"," ","S","30","    38.7"," ","S","29","    24.9"," ","S","29","    17.7"," ","S","29","    10.7"," ","S","29","     4.9"," ","S","29","     0.9"," ","S","29","     0.0"," ","S","29","     0.0"," ","S","29","    0.05"," ","S","29","    0.20"," ","S","29","    0.56"," ","S","29","    1.41"," ","S","29","   17.39"," ","S","29","     0.0"," ","S","30","     0.0"," ","S","30","     0.0"," ","S","30","     0.0"," ","S","30","     0.0"," ","S","30","     0.0"," ","S","30","     0.0"," ","S","30","     0.0"," ","S","30"," -9999.0","M"," "," 0"," -9999.0","M"," "," 0"," -9999.0","M"," "," 0","     0.0"," ","S","30","    15.1"," ","S","30","     0.0"," ","S","30","     0.0"," ","S","30","     0.0"," ","S","30","     0.0"," ","S","30","     0.0"," ","S","30","     0.0"," ","S","30","     0.0"," ","S","30"," -9999.0","M"," "," 0"," -9999.0","M"," "," 0"," -9999.0","M"," "," 0"
"USC00118740","06-10"," 40.0839"," -88.2403"," 219.8","CHAMPAIGN 3S, IL US","06","10","99","    71.3"," ","S","30","    81.7"," ","S","30","    61.0"," ","S","30","    20.7"," ","S","30","     6.2"," ","S","30","     7.2"," ","S","30","     6.3"," ","S","30","     5.4"," ","S","30","     0.5"," ","S","30","     0.0"," ","S","30","     0.0"," ","S","30","     0.0"," ","S","30","     0.0","X","S","30","     0.0","X","S","30","     0.1"," ","S","30","     6.8"," ","S","30","    31.3"," ","S","30","    26.3"," ","S","30","    21.3"," ","S","30","    16.3"," ","S","30","    14.4"," ","S","30","    11.4"," ","S","30","     3.1"," ","S","30","     2.1"," ","S","30","     6.8"," ","S","30","    31.3"," ","S","30","    26.3"," ","S","30","    21.3"," ","S","30","    16.3"," ","S","30","    14.4"," ","S","30","    11.4"," ","S","30","     3.1"," ","S","30","     2.1"," ","S","30","    22.8"," ","S","30","    20.8"," ","S","30","    38.6"," ","S","29","    24.8"," ","S","29","    17.6"," ","S","29","    10.8"," ","S","29","     4.9"," ","S","29","     0.9"," ","S","29","     0.0"," ","S","29","     0.0"," ","S","29","    0.05"," ","S","29","    0.20"," ","S","29","    0.57"," ","S","29","    1.57"," ","S","29","   17.55"," ","S","29","     0.0"," ","S","30","     0.0"," ","S","30","     0.0"," ","S","30","     0.0"," ","S","30","     0.0"," ","S","30","     0.0"," ","S","30","     0.0"," ","S","30","     0.0"," ","S","30"," -9999.0","M"," "," 0"," -9999.0","M"," "," 0"," -9999.0","M"," "," 0","     0.0"," ","S","30","    15.1"," ","S","30","     0.0"," ","S","30","     0.0"," ","S","30","     0.0"," ","S","30","     0.0"," ","S","30","     0.0"," ","S","30","     0.0"," ","S","30","     0.0"," ","S","30"," -9999.0","M"," "," 0"," -9999.0","M"," "," 0"," -9999.0","M"," "," 0"
"USC00118740","06-11"," 40.0839"," -88.2403"," 219.8","CHAMPAIGN 3S, IL US","06","11","99","    71.6"," ","S","30","    82.0"," ","S","30","    61.3"," ","S","30","    20.7"," ","S","30","     6.1"," ","S","30","     7.1"," ","S","30","     6.3"," ","S","30","     5.3"," ","S","30","     0.4"," ","S","30","     0.0"," ","S","30","     0.0"," ","S","30","     0.0"," ","S","30","     0.0","X","S","30","     0.0","X","S","30","     0.1"," ","S","30","     7.0"," ","S","30","    31.6"," ","S","30","    26.6"," ","S","30","    21.6"," ","S","30","    16.6"," ","S","30","    14.6"," ","S","30","    11.7"," ","S","30","     3.3"," ","S","30","     2.2"," ","S","30","     7.0"," ","S","30","    31.6"," ","S","30","    26.6"," ","S","30","    21.6"," ","S","30","    16.6"," ","S","30","    14.6"," ","S","30","    11.7"," ","S","30","     3.3"," ","S","30","     2.2"," ","S","30","    23.1"," ","S","30","    21.1"," ","S","30","    38.4"," ","S","29","    24.7"," ","S","29","    17.6"," ","S","29","    10.8"," ","S","29","     5.0"," ","S","29","     0.9"," ","S","29","     0.0"," ","S","29","     0.0"," ","S","29","    0.05"," ","S","29","    0.20"," ","S","29","    0.57"," ","S","29","    1.73"," ","S","29","   17.71"," ","S","29","     0.0"," ","S","30","     0.0"," ","S","30","     0.0"," ","S","30","     0.0"," ","S","30","     0.0"," ","S","30","     0.0"," ","S","30","     0.0"," ","S","30","     0.0"," ","S","30"," -9999.0","M"," "," 0"," -9999.0","M"," "," 0"," -9999.0","M"," "," 0","     0.0"," ","S","30","    15.1"," ","S","30","     0.0"," ","S","30","     0.0"," ","S","30","     0.0"," ","S","30","     0.0"," ","S","30","     0.0"," ","S","30","     0.0"," ","S","30","     0.0"," ","S","30"," -9999.0","M"," "," 0"," -9999.0","M"," "," 0"," -9999.0","M"," "," 0"
"USC00118740","06-12"," 40.0839"," -88.2403"," 219.8","CHAMPAIGN 3S, IL US","06","12","99","    71.9"," ","S","30","    82.2"," ","S","30","    61.5"," ","S","30","    20.7"," ","S","30","     6.1"," ","S","30","     7.0"," ","S","30","     6.2"," ","S","30","     5.3"," ","S","30","     0.4"," ","S","30","     0.0"," ","S","30","     0.0"," ","S","30","     0.0"," ","S","30","     0.0","X","S","30","     0.0","X","S","30","     0.1"," ","S","30","     7.2"," ","S","30","    31.9"," ","S","30","    26.9"," ","S","30","    21.9"," ","S","30","    16.9"," ","S","30","    14.9"," ","S","30","    11.9"," ","S","30","     3.4"," ","S","30","     2.3"," ","S","30","     7.2"," ","S","30","    31.9"," ","S","30","    26.9"," ","S","30","    21.9"," ","S","30","    16.9"," ","S","30","    14.9"," ","S","30","    11.9"," ","S","30","     3.4"," ","S","30","     2.3"," ","S","30","    23.3"," ","S","30","    21.3"," ","S","30","    38.3"," ","S","29","    24.6"," ","S","29","    17.5"," ","S","29","    10.8"," ","S","29","     5.0"," ","S","29","     0.9"," ","S","29","     0.0"," ","S","29","     0.0"," ","S","29","    0.05"," ","S","29","    0.20"," ","S","29","    0.58"," ","S","29","    1.88"," ","S","29","   17.86"," ","S","29","     0.0"," ","S","30","     0.0"," ","S","30","     0.0"," ","S","30","     0.0"," ","S","30","     0.0"," ","S","30","     0.0"," ","S","30","     0.0"," ","S","30","     0.0"," ","S","30"," -9999.0","M"," "," 0"," -9999.0","M"," "," 0"," -9999.0","M"," "," 0","     0.0"," ","S","30","    15.1"," ","S","30","     0.0"," ","S","30","     0.0"," ","S","30","     0.0"," ","S","30","     0.0"," ","S","30","     0.0"," ","S","30","     0.0"," ","S","30","     0.0"," ","S","30"," -9999.0","M"," "," 0"," -9999.0","M"," "," 0"," -9999.0","M"," "," 0"
"USC00118740","06-13"," 40.0839"," -88.2403"," 219.8","CHAMPAIGN 3S, IL US","06","13","99","    72.1"," ","S","30","    82.5"," ","S","30","    61.8"," ","S","30","    20.6"," ","S","30","     6.0"," ","S","30","     7.0"," ","S","30","     6.1"," ","S","30","     5.2"," ","S","30","     0.3"," ","S","30","     0.0"," ","S","30","     0.0"," ","S","30","     0.0"," ","S","30","     0.0","X","S","30","     0.0","X","S","30","     0.0","X","S","30","     7.5"," ","S","30","    32.1"," ","S","30","    27.1"," ","S","30","    22.1"," ","S","30","    17.1"," ","S","30","    15.1"," ","S","30","    12.2"," ","S","30","     3.6"," ","S","30","     2.4"," ","S","30","     7.5"," ","S","30","    32.1"," ","S","30","    27.1"," ","S","30","    22.1"," ","S","30","    17.1"," ","S","30","    15.1"," ","S","30","    12.2"," ","S","30","     3.6"," ","S","30","     2.4"," ","S","30","    23.6"," ","S","30","    21.6"," ","S","30","    38.1"," ","S","29","    24.4"," ","S","29","    17.4"," ","S","29","    10.8"," ","S","29","     5.0"," ","S","29","     0.9"," ","S","29","     0.0"," ","S","29","     0.0"," ","S","29","    0.04"," ","S","29","    0.20"," ","S","29","    0.58"," ","S","29","    2.04"," ","S","29","   18.02"," ","S","29","     0.0"," ","S","30","     0.0"," ","S","30","     0.0"," ","S","30","     0.0"," ","S","30","     0.0"," ","S","30","     0.0"," ","S","30","     0.0"," ","S","30","     0.0"," ","S","30"," -9999.0","M"," "," 0"," -9999.0","M"," "," 0"," -9999.0","M"," "," 0","     0.0"," ","S","30","    15.1"," ","S","30","     0.0"," ","S","30","     0.0"," ","S","30","     0.0"," ","S","30","     0.0"," ","S","30","     0.0"," ","S","30","     0.0"," ","S","30","     0.0"," ","S","30"," -9999.0","M"," "," 0"," -9999.0","M"," "," 0"," -9999.0","M"," "," 0"
"USC00118740","06-14"," 40.0839"," -88.2403"," 219.8","CHAMPAIGN 3S, IL US","06","14","99","    72.4"," ","S","30","    82.7"," ","S","30","    62.1"," ","S","30","    20.6"," ","S","30","     5.9"," ","S","30","     6.9"," ","S","30","     6.1"," ","S","30","     5.2"," ","S","30","     0.3"," ","S","30","     0.0"," ","S","30","     0.0"," ","S","30","     0.0"," ","S","30","     0.0","X","S","30","     0.0","X","S","30","     0.0","X","S","30","     7.7"," ","S","30","    32.4"," ","S","30","    27.4"," ","S","30","    22.4"," ","S","30","    17.4"," ","S","30","    15.4"," ","S","30","    12.4"," ","S","30","     3.7"," ","S","30","     2.5"," ","S","30","     7.7"," ","S","30","    32.4"," ","S","30","    27.4"," ","S","30","    22.4"," ","S","30","    17.4"," ","S","30","    15.4"," ","S","30","    12.4"," ","S","30","     3.7"," ","S","30","     2.5"," ","S","30","    23.8"," ","S","30","    21.8"," ","S","30","    38.0"," ","S","29","    24.3"," ","S","29","    17.4"," ","S","29","    10.8"," ","S","29","     5.0"," ","S","29","     0.9"," ","S","29","     0.0"," ","S","29","     0.0"," ","S","29","    0.04"," ","S","29","    0.20"," ","S","29","    0.59"," ","S","29","    2.20"," ","S","29","   18.18"," ","S","29","     0.0"," ","S","30","     0.0"," ","S","30","     0.0"," ","S","30","     0.0"," ","S","30","     0.0"," ","S","30","     0.0"," ","S","30","     0.0"," ","S","30","     0.0"," ","S","30"," -9999.0","M"," "," 0"," -9999.0","M"," "," 0"," -9999.0","M"," "," 0","     0.0"," ","S","30","    15.1"," ","S","30","     0.0"," ","S","30","     0.0"," ","S","30","     0.0"," ","S","30","     0.0"," ","S","30","     0.0"," ","S","30","     0.0"," ","S","30","     0.0"," ","S","30"," -9999.0","M"," "," 0"," -9999.0","M"," "," 0"," -9999.0","M"," "," 0"
"USC00118740","06-15"," 40.0839"," -88.2403"," 219.8","CHAMPAIGN 3S, IL US","06","15","99","    72.6"," ","S","30","    82.9"," ","S","30","    62.3"," ","S","30","    20.6"," ","S","30","     5.9"," ","S","30","     6.8"," ","S","30","     6.0"," ","S","30","     5.2"," ","S","30","     0.3"," ","S","30","     0.0"," ","S","30","     0.0"," ","S","30","     0.0"," ","S","30","     0.0","X","S","30","     0.0","X","S","30","     0.0","X","S","30","     7.9"," ","S","30","    32.6"," ","S","30","    27.6"," ","S","30","    22.6"," ","S","30","    17.6"," ","S","30","    15.6"," ","S","30","    12.6"," ","S","30","     3.8"," ","S","30","     2.6"," ","S","30","     7.9"," ","S","30","    32.6"," ","S","30","    27.6"," ","S","30","    22.6"," ","S","30","    17.6"," ","S","30","    15.6"," ","S","30","    12.6"," ","S","30","     3.8"," ","S","30","     2.6"," ","S","30","    24.0"," ","S","30","    22.0"," ","S","30","    37.9"," ","S","29","    24.2"," ","S","29","    17.3"," ","S","29","    10.8"," ","S","29","     4.9"," ","S","29","     1.0"," ","S","29","     0.0"," ","S","29","     0.0"," ","S","29","    0.04"," ","S","29","    0.19"," ","S","29","    0.59"," ","S","29","    2.36"," ","S","29","   18.34"," ","S","29","     0.0"," ","S","30","     0.0"," ","S","30","     0.0"," ","S","30","     0.0"," ","S","30","     0.0"," ","S","30","     0.0"," ","S","30","     0.0"," ","S","30","     0.0"," ","S","30"," -9999.0","M"," "," 0"," -9999.0","M"," "," 0"," -9999.0","M"," "," 0","     0.0"," ","S","30","    15.1"," ","S","30","     0.0"," ","S","30","     0.0"," ","S","30","     0.0"," ","S","30","     0.0"," ","S","30","     0.0"," ","S","30","     0.0"," ","S","30","     0.0"," ","S","30"," -9999.0","M"," "," 0"," -9999.0","M"," "," 0"," -9999.0","M"," "," 0"
"USC00118740","06-16"," 40.0839"," -88.2403"," 219.8","CHAMPAIGN 3S, IL US","06","16","99","    72.8"," ","S","30","    83.1"," ","S","30","    62.5"," ","S","30","    20.6"," ","S","30","     5.8"," ","S","30","     6.7"," ","S","30","     6.0"," ","S","30","     5.1"," ","S","30","     0.3"," ","S","30","     0.0"," ","S","30","     0.0"," ","S","30","     0.0"," ","S","30","     0.0"," ","S","30","     0.0","X","S","30","     0.0","X","S","30","     8.1"," ","S","30","    32.8"," ","S","30","    27.8"," ","S","30","    22.8"," ","S","30","    17.8"," ","S","30","    15.8"," ","S","30","    12.9"," ","S","30","     4.0"," ","S","30","     2.7"," ","S","30","     8.1"," ","S","30","    32.8"," ","S","30","    27.8"," ","S","30","    22.8"," ","S","30","    17.8"," ","S","30","    15.8"," ","S","30","    12.9"," ","S","30","     4.0"," ","S","30","     2.7"," ","S","30","    24.2"," ","S","30","    22.2"," ","S","30","    37.7"," ","S","29","    24.0"," ","S","29","    17.2"," ","S","29","    10.8"," ","S","29","     4.9"," ","S","29","     1.0"," ","S","29","     0.0"," ","S","29","     0.0"," ","S","29","    0.04"," ","S","29","    0.19"," ","S","29","    0.59"," ","S","29","    2.51"," ","S","29","   18.49"," ","S","29","     0.0"," ","S","30","     0.0"," ","S","30","     0.0"," ","S","30","     0.0"," ","S","30","     0.0"," ","S","30","     0.0"," ","S","30","     0.0"," ","S","30","     0.0"," ","S","30"," -9999.0","M"," "," 0"," -9999.0","M"," "," 0"," -9999.0","M"," "," 0","     0.0"," ","S","30","    15.1"," ","S","30","     0.0"," ","S","30","     0.0"," ","S","30","     0.0"," ","S","30","     0.0"," ","S","30","     0.0"," ","S","30","     0.0"," ","S","30","     0.0"," ","S","30"," -9999.0","M"," "," 0"," -9999.0","M"," "," 0"," -9999.0","M"," "," 0"
"USC00118740","06-17"," 40.0839"," -88.2403"," 219.8","CHAMPAIGN 3S, IL US","06","17","99","    73.1"," ","S","30","    83.4"," ","S","30","    62.8"," ","S","30","    20.6"," ","S","30","     5.8"," ","S","30","     6.7"," ","S","30","     5.9"," ","S","30","     5.1"," ","S","30","     0.2"," ","S","30","     0.0"," ","S","30","     0.0"," ","S","30","     0.0"," ","S","30","     0.0"," ","S","30","     0.0","X","S","30","     0.0","X","S","30","     8.3"," ","S","30","    33.0"," ","S","30","    28.1"," ","S","30","    23.1"," ","S","30","    18.1"," ","S","30","    16.1"," ","S","30","    13.1"," ","S","30","     4.1"," ","S","30","     2.8"," ","S","30","     8.3"," ","S","30","    33.0"," ","S","30","    28.1"," ","S","30","    23.1"," ","S","30","    18.1"," ","S","30","    16.1"," ","S","30","    13.1"," ","S","30","     4.1"," ","S","30","     2.8"," ","S","30","    24.4"," ","S","30","    22.4"," ","S","30","    37.6"," ","S","29","    23.9"," ","S","29","    17.1"," ","S","29","    10.8"," ","S","29","     4.9"," ","S","29","     1.0"," ","S","29","     0.0"," ","S","29","     0.0"," ","S","29","    0.04"," ","S","29","    0.19"," ","S","29","    0.59"," ","S","29","    2.66"," ","S","29","   18.64"," ","S","29","     0.0"," ","S","30","     0.0"," ","S","30","     0.0"," ","S","30","     0.0"," ","S","30","     0.0"," ","S","30","     0.0"," ","S","30","     0.0"," ","S","30","     0.0"," ","S","30"," -9999.0","M"," "," 0"," -9999.0","M"," "," 0"," -9999.0","M"," "," 0","     0.0"," ","S","30","    15.1"," ","S","30","     0.0"," ","S","30","     0.0"," ","S","30","     0.0"," ","S","30","     0.0"," ","S","30","     0.0"," ","S","30","     0.0"," ","S","30","     0.0"," ","S","30"," -9999.0","M"," "," 0"," -9999.0","M"," "," 0"," -9999.0","M"," "," 0"
"USC00118740","06-18"," 40.0839"," -88.2403"," 219.8","CHAMPAIGN 3S, IL US","06","18","99","    73.3"," ","S","30","    83.6"," ","S","30","    63.0"," ","S","30","    20.6"," ","S","30","     5.7"," ","S","30","     6.6"," ","S","30","     5.9"," ","S","30","     5.1"," ","S","30","     0.2"," ","S","30","     0.0"," ","S","30","     0.0"," ","S","30","     0.0"," ","S","30","     0.0"," ","S","30","     0.0","X","S","30","     0.0","X","S","30","     8.5"," ","S","30","    33.3"," ","S","30","    28.3"," ","S","30","    23.3"," ","S","30","    18.3"," ","S","30","    16.3"," ","S","30","    13.3"," ","S","30","     4.3"," ","S","30","     2.9"," ","S","30","     8.5"," ","S","30","    33.3"," ","S","30","    28.3"," ","S","30","    23.3"," ","S","30","    18.3"," ","S","30","    16.3"," ","S","30","    13.3"," ","S","30","     4.3"," ","S","30","     2.9"," ","S","30","    24.6"," ","S","30","    22.6"," ","S","30","    37.4"," ","S","29","    23.7"," ","S","29","    17.0"," ","S","29","    10.8"," ","S","29","     4.9"," ","S","29","     1.0"," ","S","29","     0.0"," ","S","29","     0.0"," ","S","29","    0.04"," ","S","29","    0.19"," ","S","29","    0.60"," ","S","29","    2.81"," ","S","29","   18.79"," ","S","29","     0.0"," ","S","30","     0.0"," ","S","30","     0.0"," ","S","30","     0.0"," ","S","30","     0.0"," ","S","30","     0.0"," ","S","30","     0.0"," ","S","30","     0.0"," ","S","30"," -9999.0","M"," "," 0"," -9999.0","M"," "," 0"," -9999.0","M"," "," 0","     0.0"," ","S","30","    15.1"," ","S","30","     0.0"," ","S","30","     0.0"," ","S","30","     0.0"," ","S","30","     0.0"," ","S","30","     0.0"," ","S","30","     0.0"," ","S","30","     0.0"," ","S","30"," -9999.0","M"," "," 0"," -9999.0","M"," "," 0"," -9999.0","M"," "," 0"
"USC00118740","06-19"," 40.0839"," -88.2403"," 219.8","CHAMPAIGN 3S, IL US","06","19","99","    73.5"," ","S","30","    83.7"," ","S","30","    63.2"," ","S","30","    20.6"," ","S","30","     5.7"," ","S","30","     6.5"," ","S","30","     5.8"," ","S","30","     5.0"," ","S","30","     0.2"," ","S","30","     0.0"," ","S","30","     0.0"," ","S","30","     0.0"," ","S","30","     0.0"," ","S","30","     0.0","X","S","30","     0.0","X","S","30","     8.7"," ","S","30","    33.5"," ","S","30","    28.5"," ","S","30","    23.5"," ","S","30","    18.5"," ","S","30","    16.5"," ","S","30","    13.5"," ","S","30","     4.4"," ","S","30","     3.0"," ","S","30","     8.7"," ","S","30","    33.5"," ","S","30","    28.5"," ","S","30","    23.5"," ","S","30","    18.5"," ","S","30","    16.5"," ","S","30","    13.5"," ","S","30","     4.4"," ","S","30","     3.0"," ","S","30","    24.8"," ","S","30","    22.8"," ","S","30","    37.3"," ","S","29","    23.6"," ","S","29","    17.0"," ","S","29","    10.7"," ","S","29","     4.9"," ","S","29","     1.0"," ","S","29","     0.0"," ","S","29","     0.0"," ","S","29","    0.04"," ","S","29","    0.19"," ","S","29","    0.60"," ","S","29","    2.96"," ","S","29","   18.94"," ","S","29","     0.0"," ","S","30","     0.0"," ","S","30","     0.0"," ","S","30","     0.0"," ","S","30","     0.0"," ","S","30","     0.0"," ","S","30","     0.0"," ","S","30","     0.0"," ","S","30"," -9999.0","M"," "," 0"," -9999.0","M"," "," 0"," -9999.0","M"," "," 0","     0.0"," ","S","30","    15.1"," ","S","30","     0.0"," ","S","30","     0.0"," ","S","30","     0.0"," ","S","30","     0.0"," ","S","30","     0.0"," ","S","30","     0.0"," ","S","30","     0.0"," ","S","30"," -9999.0","M"," "," 0"," -9999.0","M"," "," 0"," -9999.0","M"," "," 0"
"USC00118740","06-20"," 40.0839"," -88.2403"," 219.8","CHAMPAIGN 3S, IL US","06","20","99","    73.7"," ","S","30","    83.9"," ","S","30","    63.4"," ","S","30","    20.5"," ","S","30","     5.6"," ","S","30","     6.5"," ","S","30","     5.8"," ","S","30","     5.0"," ","S","30","     0.2"," ","S","30","     0.0"," ","S","30","     0.0"," ","S","30","     0.0"," ","S","30","     0.0"," ","S","30","     0.0","X","S","30","     0.0","X","S","30","     8.9"," ","S","30","    33.6"," ","S","30","    28.7"," ","S","30","    23.7"," ","S","30","    18.7"," ","S","30","    16.7"," ","S","30","    13.7"," ","S","30","     4.6"," ","S","30","     3.1"," ","S","30","     8.9"," ","S","30","    33.6"," ","S","30","    28.7"," ","S","30","    23.7"," ","S","30","    18.7"," ","S","30","    16.7"," ","S","30","    13.7"," ","S","30","     4.6"," ","S","30","     3.1"," ","S","30","    24.9"," ","S","30","    22.9"," ","S","30","    37.1"," ","S","29","    23.5"," ","S","29","    16.9"," ","S","29","    10.8"," ","S","29","     4.9"," ","S","29","     1.0"," ","S","29","     0.0"," ","S","29","     0.0"," ","S","29","    0.04"," ","S","29","    0.19"," ","S","29","    0.61"," ","S","29","    3.10"," ","S","29","   19.08"," ","S","29","     0.0"," ","S","30","     0.0"," ","S","30","     0.0"," ","S","30","     0.0"," ","S","30","     0.0"," ","S","30","     0.0"," ","S","30","     0.0"," ","S","30","     0.0"," ","S","30"," -9999.0","M"," "," 0"," -9999.0","M"," "," 0"," -9999.0","M"," "," 0","     0.0"," ","S","30","    15.1"," ","S","30","     0.0"," ","S","30","     0.0"," ","S","30","     0.0"," ","S","30","     0.0"," ","S","30","     0.0"," ","S","30","     0.0"," ","S","30","     0.0"," ","S","30"," -9999.0","M"," "," 0"," -9999.0","M"," "," 0"," -9999.0","M"," "," 0"
"USC00118740","06-21"," 40.0839"," -88.2403"," 219.8","CHAMPAIGN 3S, IL US","06","21","99","    73.8"," ","S","30","    84.1"," ","S","30","    63.6"," ","S","30","    20.5"," ","S","30","     5.6"," ","S","30","     6.4"," ","S","30","     5.8"," ","S","30","     5.0"," ","S","30","     0.2"," ","S","30","     0.0"," ","S","30","     0.0"," ","S","30","     0.0"," ","S","30","     0.0"," ","S","30","     0.0","X","S","30","     0.0","X","S","30","     9.0"," ","S","30","    33.8"," ","S","30","    28.8"," ","S","30","    23.8"," ","S","30","    18.8"," ","S","30","    16.8"," ","S","30","    13.9"," ","S","30","     4.7"," ","S","30","     3.2"," ","S","30","     9.0"," ","S","30","    33.8"," ","S","30","    28.8"," ","S","30","    23.8"," ","S","30","    18.8"," ","S","30","    16.8"," ","S","30","    13.9"," ","S","30","     4.7"," ","S","30","     3.2"," ","S","30","    25.1"," ","S","30","    23.1"," ","S","30","    37.0"," ","S","29","    23.3"," ","S","29","    16.8"," ","S","29","    10.7"," ","S","29","     4.9"," ","S","29","     1.0"," ","S","29","     0.0"," ","S","29","     0.0"," ","S","29","    0.04"," ","S","29","    0.19"," ","S","29","    0.61"," ","S","29","    3.24"," ","S","29","   19.22"," ","S","29","     0.0"," ","S","30","     0.0"," ","S","30","     0.0"," ","S","30","     0.0"," ","S","30","     0.0"," ","S","30","     0.0"," ","S","30","     0.0"," ","S","30","     0.0"," ","S","30"," -9999.0","M"," "," 0"," -9999.0","M"," "," 0"," -9999.0","M"," "," 0","     0.0"," ","S","30","    15.1"," ","S","30","     0.0"," ","S","30","     0.0"," ","S","30","     0.0"," ","S","30","     0.0"," ","S","30","     0.0"," ","S","30","     0.0"," ","S","30","     0.0"," ","S","30"," -9999.0","M"," "," 0"," -9999.0","M"," "," 0"," -9999.0","M"," "," 0"
"USC00118740","06-22"," 40.0839"," -88.2403"," 219.8","CHAMPAIGN 3S, IL US","06","22","99","    74.0"," ","S","30","    84.3"," ","S","30","    63.8"," ","S","30","    20.5"," ","S","30","     5.5"," ","S","30","     6.4"," ","S","30","     5.7"," ","S","30","     5.0"," ","S","30","     0.2"," ","S","30","     0.0"," ","S","30","     0.0"," ","S","30","     0.0"," ","S","30","     0.0"," ","S","30","     0.0","X","S","30","     0.0","X","S","30","     9.2"," ","S","30","    34.0"," ","S","30","    29.0"," ","S","30","    24.0"," ","S","30","    19.0"," ","S","30","    17.0"," ","S","30","    14.0"," ","S","30","     4.8"," ","S","30","     3.3"," ","S","30","     9.2"," ","S","30","    34.0"," ","S","30","    29.0"," ","S","30","    24.0"," ","S","30","    19.0"," ","S","30","    17.0"," ","S","30","    14.0"," ","S","30","     4.8"," ","S","30","     3.3"," ","S","30","    25.2"," ","S","30","    23.2"," ","S","30","    36.8"," ","S","29","    23.1"," ","S","29","    16.7"," ","S","29","    10.7"," ","S","29","     4.9"," ","S","29","     1.0"," ","S","29","     0.0"," ","S","29","     0.0"," ","S","29","    0.04"," ","S","29","    0.19"," ","S","29","    0.62"," ","S","29","    3.39"," ","S","29","   19.37"," ","S","29","     0.0"," ","S","30","     0.0"," ","S","30","     0.0"," ","S","30","     0.0"," ","S","30","     0.0"," ","S","30","     0.0"," ","S","30","     0.0"," ","S","30","     0.0"," ","S","30"," -9999.0","M"," "," 0"," -9999.0","M"," "," 0"," -9999.0","M"," "," 0","     0.0"," ","S","30","    15.1"," ","S","30","     0.0"," ","S","30","     0.0"," ","S","30","     0.0"," ","S","30","     0.0"," ","S","30","     0.0"," ","S","30","     0.0"," ","S","30","     0.0"," ","S","30"," -9999.0","M"," "," 0"," -9999.0","M"," "," 0"," -9999.0","M"," "," 0"
"USC00118740","06-23"," 40.0839"," -88.2403"," 219.8","CHAMPAIGN 3S, IL US","06","23","99","    74.2"," ","S","30","    84.4"," ","S","30","    63.9"," ","S","30","    20.5"," ","S","30","     5.5"," ","S","30","     6.3"," ","S","30","     5.7"," ","S","30","     4.9"," ","S","30","     0.2"," ","S","30","     0.0"," ","S","30","     0.0"," ","S","30","     0.0"," ","S","30","     0.0"," ","S","30","     0.0","X","S","30","     0.0","X","S","30","     9.3"," ","S","30","    34.2"," ","S","30","    29.2"," ","S","30","    24.2"," ","S","30","    19.2"," ","S","30","    17.2"," ","S","30","    14.2"," ","S","30","     4.9"," ","S","30","     3.4"," ","S","30","     9.3"," ","S","30","    34.2"," ","S","30","    29.2"," ","S","30","    24.2"," ","S","30","    19.2"," ","S","30","    17.2"," ","S","30","    14.2"," ","S","30","     4.9"," ","S","30","     3.4"," ","S","30","    25.4"," ","S","30","    23.4"," ","S","30","    36.6"," ","S","29","    23.0"," ","S","29","    16.6"," ","S","29","    10.7"," ","S","29","     4.9"," ","S","29","     1.0"," ","S","29","     0.0"," ","S","29","     0.0"," ","S","29","    0.04"," ","S","29","    0.19"," ","S","29","    0.62"," ","S","29","    3.53"," ","S","29","   19.51"," ","S","29","     0.0"," ","S","30","     0.0"," ","S","30","     0.0"," ","S","30","     0.0"," ","S","30","     0.0"," ","S","30","     0.0"," ","S","30","     0.0"," ","S","30","     0.0"," ","S","30"," -9999.0","M"," "," 0"," -9999.0","M"," "," 0"," -9999.0","M"," "," 0","     0.0"," ","S","30","    15.1"," ","S","30","     0.0"," ","S","30","     0.0"," ","S","30","     0.0"," ","S","30","     0.0"," ","S","30","     0.0"," ","S","30","     0.0"," ","S","30","     0.0"," ","S","30"," -9999.0","M"," "," 0"," -9999.0","M"," "," 0"," -9999.0","M"," "," 0"
"USC00118740","06-24"," 40.0839"," -88.2403"," 219.8","CHAMPAIGN 3S, IL US","06","24","99","    74.3"," ","S","30","    84.6"," ","S","30","    64.1"," ","S","30","    20.5"," ","S","30","     5.5"," ","S","30","     6.3"," ","S","30","     5.7"," ","S","30","     4.9"," ","S","30","     0.2"," ","S","30","     0.0"," ","S","30","     0.0"," ","S","30","     0.0"," ","S","30","     0.0"," ","S","30","     0.0","X","S","30","     0.0","X","S","30","     9.5"," ","S","30","    34.3"," ","S","30","    29.3"," ","S","30","    24.3"," ","S","30","    19.3"," ","S","30","    17.3"," ","S","30","    14.3"," ","S","30","     5.0"," ","S","30","     3.6"," ","S","30","     9.5"," ","S","30","    34.3"," ","S","30","    29.3"," ","S","30","    24.3"," ","S","30","    19.3"," ","S","30","    17.3"," ","S","30","    14.3"," ","S","30","     5.0"," ","S","30","     3.6"," ","S","30","    25.5"," ","S","30","    23.5"," ","S","30","    36.5"," ","S","30","    22.8"," ","S","30","    16.4"," ","S","30","    10.6"," ","S","30","     4.9"," ","S","30","     1.0"," ","S","30","     0.0"," ","S","30","     0.0"," ","S","30","    0.04"," ","S","30","    0.19"," ","S","30","    0.62"," ","S","30","    3.68"," ","S","29","   19.66"," ","S","29","     0.0"," ","S","30","     0.0"," ","S","30","     0.0"," ","S","30","     0.0"," ","S","30","     0.0"," ","S","30","     0.0"," ","S","30","     0.0"," ","S","30","     0.0"," ","S","30"," -9999.0","M"," "," 0"," -9999.0","M"," "," 0"," -9999.0","M"," "," 0","     0.0"," ","S","30","    15.1"," ","S","30","     0.0"," ","S","30","     0.0"," ","S","30","     0.0"," ","S","30","     0.0"," ","S","30","     0.0"," ","S","30","     0.0"," ","S","30","     0.0"," ","S","30"," -9999.0","M"," "," 0"," -9999.0","M"," "," 0"," -9999.0","M"," "," 0"
"USC00118740","06-25"," 40.0839"," -88.2403"," 219.8","CHAMPAIGN 3S, IL US","06","25","99","    74.5"," ","S","30","    84.7"," ","S","30","    64.2"," ","S","30","    20.5"," ","S","30","     5.4"," ","S","30","     6.2"," ","S","30","     5.6"," ","S","30","     4.9"," ","S","30","     0.1"," ","S","30","     0.0"," ","S","30","     0.0"," ","S","30","     0.0"," ","S","30","     0.0"," ","S","30","     0.0","X","S","30","     0.0","X","S","30","     9.6"," ","S","30","    34.4"," ","S","30","    29.4"," ","S","30","    24.5"," ","S","30","    19.5"," ","S","30","    17.5"," ","S","30","    14.5"," ","S","30","     5.2"," ","S","30","     3.7"," ","S","30","     9.6"," ","S","30","    34.4"," ","S","30","    29.4"," ","S","30","    24.5"," ","S","30","    19.5"," ","S","30","    17.5"," ","S","30","    14.5"," ","S","30","     5.2"," ","S","30","     3.7"," ","S","30","    25.5"," ","S","30","    23.6"," ","S","30","    36.3"," ","S","30","    22.6"," ","S","30","    16.3"," ","S","30","    10.6"," ","S","30","     4.9"," ","S","30","     1.0"," ","S","30","     0.0"," ","S","30","     0.0"," ","S","30","    0.04"," ","S","30","    0.18"," ","S","30","    0.62"," ","S","30","    3.84"," ","S","29","   19.82"," ","S","29","     0.0"," ","S","30","     0.0"," ","S","30","     0.0"," ","S","30","     0.0"," ","S","30","     0.0"," ","S","30","     0.0"," ","S","30","     0.0"," ","S","30","     0.0"," ","S","30"," -9999.0","M"," "," 0"," -9999.0","M"," "," 0"," -9999.0","M"," "," 0","     0.0"," ","S","30","    15.1"," ","S","30","     0.0"," ","S","30","     0.0"," ","S","30","     0.0"," ","S","30","     0.0"," ","S","30","     0.0"," ","S","30","     0.0"," ","S","30","     0.0"," ","S","30"," -9999.0","M"," "," 0"," -9999.0","M"," "," 0"," -9999.0","M"," "," 0"
"USC00118740","06-26"," 40.0839"," -88.2403"," 219.8","CHAMPAIGN 3S, IL US","06","26","99","    74.6"," ","S","30","    84.8"," ","S","30","    64.4"," ","S","30","    20.4"," ","S","30","     5.4"," ","S","30","     6.2"," ","S","30","     5.6"," ","S","30","     4.8"," ","S","30","     0.1"," ","S","30","     0.0"," ","S","30","     0.0"," ","S","30","     0.0"," ","S","30","     0.0"," ","S","30","     0.0","X","S","30","     0.0","X","S","30","     9.7"," ","S","30","    34.6"," ","S","30","    29.6"," ","S","30","    24.6"," ","S","30","    19.6"," ","S","30","    17.6"," ","S","30","    14.6"," ","S","30","     5.3"," ","S","30","     3.8"," ","S","30","     9.7"," ","S","30","    34.6"," ","S","30","    29.6"," ","S","30","    24.6"," ","S","30","    19.6"," ","S","30","    17.6"," ","S","30","    14.6"," ","S","30","     5.3"," ","S","30","     3.8"," ","S","30","    25.6"," ","S","30","    23.6"," ","S","30","    36.1"," ","S","30","    22.5"," ","S","30","    16.2"," ","S","30","    10.6"," ","S","30","     4.8"," ","S","30","     1.0"," ","S","30","     0.0"," ","S","30","     0.0"," ","S","30","    0.04"," ","S","30","    0.18"," ","S","30","    0.62"," ","S","30","    3.98"," ","S","29","   19.96"," ","S","29","     0.0"," ","S","30","     0.0"," ","S","30","     0.0"," ","S","30","     0.0"," ","S","30","     0.0"," ","S","30","     0.0"," ","S","30","     0.0"," ","S","30","     0.0"," ","S","30"," -9999.0","M"," "," 0"," -9999.0","M"," "," 0"," -9999.0","M"," "," 0","     0.0"," ","S","30","    15.1"," ","S","30","     0.0"," ","S","30","     0.0"," ","S","30","     0.0"," ","S","30","     0.0"," ","S","30","     0.0"," ","S","30","     0.0"," ","S","30","     0.0"," ","S","30"," -9999.0","M"," "," 0"," -9999.0","M"," "," 0"," -9999.0","M"," "," 0"
"USC00118740","06-27"," 40.0839"," -88.2403"," 219.8","CHAMPAIGN 3S, IL US","06","27","99","    74.7"," ","S","30","    84.9"," ","S","30","    64.5"," ","S","30","    20.4"," ","S","30","     5.4"," ","S","30","     6.1"," ","S","30","     5.6"," ","S","30","     4.8"," ","S","30","     0.1"," ","S","30","     0.0"," ","S","30","     0.0"," ","S","30","     0.0"," ","S","30","     0.0"," ","S","30","     0.0","X","S","30","     0.0","X","S","30","     9.8"," ","S","30","    34.7"," ","S","30","    29.7"," ","S","30","    24.7"," ","S","30","    19.7"," ","S","30","    17.7"," ","S","30","    14.7"," ","S","30","     5.4"," ","S","30","     3.9"," ","S","30","     9.8"," ","S","30","    34.7"," ","S","30","    29.7"," ","S","30","    24.7"," ","S","30","    19.7"," ","S","30","    17.7"," ","S","30","    14.7"," ","S","30","     5.4"," ","S","30","     3.9"," ","S","30","    25.7"," ","S","30","    23.7"," ","S","30","    35.9"," ","S","30","    22.3"," ","S","30","    16.1"," ","S","30","    10.5"," ","S","30","     4.8"," ","S","30","     0.9"," ","S","30","     0.0"," ","S","30","     0.0"," ","S","30","    0.04"," ","S","30","    0.18"," ","S","30","    0.63"," ","S","30","    4.13"," ","S","29","   20.11"," ","S","29","     0.0"," ","S","30","     0.0"," ","S","30","     0.0"," ","S","30","     0.0"," ","S","30","     0.0"," ","S","30","     0.0"," ","S","30","     0.0"," ","S","30","     0.0"," ","S","30"," -9999.0","M"," "," 0"," -9999.0","M"," "," 0"," -9999.0","M"," "," 0","     0.0"," ","S","30","    15.1"," ","S","30","     0.0"," ","S","30","     0.0"," ","S","30","     0.0"," ","S","30","     0.0"," ","S","30","     0.0"," ","S","30","     0.0"," ","S","30","     0.0"," ","S","30"," -9999.0","M"," "," 0"," -9999.0","M"," "," 0"," -9999.0","M"," "," 0"
"USC00118740","06-28"," 40.0839"," -88.2403"," 219.8","CHAMPAIGN 3S, IL US","06","28","99","    74.8"," ","S","30","    85.0"," ","S","30","    64.6"," ","S","30","    20.4"," ","S","30","     5.3"," ","S","30","     6.1"," ","S","30","     5.5"," ","S","30","     4.8"," ","S","30","     0.1"," ","S","30","     0.0"," ","S","30","     0.0"," ","S","30","     0.0"," ","S","30","     0.0"," ","S","30","     0.0","X","S","30","     0.0","X","S","30","     9.9"," ","S","30","    34.8"," ","S","30","    29.8"," ","S","30","    24.8"," ","S","30","    19.8"," ","S","30","    17.8"," ","S","30","    14.8"," ","S","30","     5.4"," ","S","30","     4.0"," ","S","30","     9.9"," ","S","30","    34.8"," ","S","30","    29.8"," ","S","30","    24.8"," ","S","30","    19.8"," ","S","30","    17.8"," ","S","30","    14.8"," ","S","30","     5.4"," ","S","30","     4.0"," ","S","30","    25.8"," ","S","30","    23.8"," ","S","30","    35.8"," ","S","30","    22.2"," ","S","30","    16.0"," ","S","30","    10.5"," ","S","30","     4.8"," ","S","30","     0.9"," ","S","30","     0.0"," ","S","30","     0.0"," ","S","30","    0.04"," ","S","30","    0.18"," ","S","30","    0.63"," ","S","30","    4.28"," ","S","29","   20.26"," ","S","29","     0.0"," ","S","30","     0.0"," ","S","30","     0.0"," ","S","30","     0.0"," ","S","30","     0.0"," ","S","30","     0.0"," ","S","30","     0.0"," ","S","30","     0.0"," ","S","30"," -9999.0","M"," "," 0"," -9999.0","M"," "," 0"," -9999.0","M"," "," 0","     0.0"," ","S","30","    15.1"," ","S","30","     0.0"," ","S","30","     0.0"," ","S","30","     0.0"," ","S","30","     0.0"," ","S","30","     0.0"," ","S","30","     0.0"," ","S","30","     0.0"," ","S","30"," -9999.0","M"," "," 0"," -9999.0","M"," "," 0"," -9999.0","M"," "," 0"
"USC00118740","06-29"," 40.0839"," -88.2403"," 219.8","CHAMPAIGN 3S, IL US","06","29","99","    74.9"," ","S","30","    85.1"," ","S","30","    64.7"," ","S","30","    20.4"," ","S","30","     5.3"," ","S","30","     6.1"," ","S","30","     5.5"," ","S","30","     4.8"," ","S","30","     0.1"," ","S","30","     0.0"," ","S","30","     0.0"," ","S","30","     0.0"," ","S","30","     0.0"," ","S","30","     0.0","X","S","30","     0.0","X","S","30","    10.0"," ","S","30","    34.9"," ","S","30","    29.9"," ","S","30","    24.9"," ","S","30","    19.9"," ","S","30","    17.9"," ","S","30","    14.9"," ","S","30","     5.5"," ","S","30","     4.0"," ","S","30","    10.0"," ","S","30","    34.9"," ","S","30","    29.9"," ","S","30","    24.9"," ","S","30","    19.9"," ","S","30","    17.9"," ","S","30","    14.9"," ","S","30","     5.5"," ","S","30","     4.0"," ","S","30","    25.9"," ","S","30","    23.9"," ","S","30","    35.6"," ","S","30","    22.1"," ","S","30","    15.9"," ","S","30","    10.4"," ","S","30","     4.8"," ","S","30","     0.9"," ","S","30","     0.0"," ","S","30","     0.0"," ","S","30","    0.04"," ","S","30","    0.18"," ","S","30","    0.63"," ","S","30","    4.43"," ","S","29","   20.41"," ","S","29","     0.0"," ","S","30","     0.0"," ","S","30","     0.0"," ","S","30","     0.0"," ","S","30","     0.0"," ","S","30","     0.0"," ","S","30","     0.0"," ","S","30","     0.0"," ","S","30"," -9999.0","M"," "," 0"," -9999.0","M"," "," 0"," -9999.0","M"," "," 0","     0.0"," ","S","30","    15.1"," ","S","30","     0.0"," ","S","30","     0.0"," ","S","30","     0.0"," ","S","30","     0.0"," ","S","30","     0.0"," ","S","30","     0.0"," ","S","30","     0.0"," ","S","30"," -9999.0","M"," "," 0"," -9999.0","M"," "," 0"," -9999.0","M"," "," 0"
"USC00118740","06-30"," 40.0839"," -88.2403"," 219.8","CHAMPAIGN 3S, IL US","06","30","99","    75.0"," ","S","30","    85.2"," ","S","30","    64.8"," ","S","30","    20.4"," ","S","30","     5.3"," ","S","30","     6.0"," ","S","30","     5.5"," ","S","30","     4.7"," ","S","30","     0.1"," ","S","30","     0.0"," ","S","30","     0.0"," ","S","30","     0.0"," ","S","30","     0.0"," ","S","30","     0.0","X","S","30","     0.0","X","S","30","    10.1"," ","S","30","    35.0"," ","S","30","    30.0"," ","S","30","    25.0"," ","S","30","    20.0"," ","S","30","    18.0"," ","S","30","    15.0"," ","S","30","     5.5"," ","S","30","     4.1"," ","S","30","    10.1"," ","S","30","    35.0"," ","S","30","    30.0"," ","S","30","    25.0"," ","S","30","    20.0"," ","S","30","    18.0"," ","S","30","    15.0"," ","S","30","     5.5"," ","S","30","     4.1"," ","S","30","    25.9"," ","S","30","    23.9"," ","S","30","    35.4"," ","S","30","    22.0"," ","S","30","    15.8"," ","S","30","    10.4"," ","S","30","     4.8"," ","S","30","     0.9"," ","S","30","     0.0"," ","S","30","     0.0"," ","S","30","    0.04"," ","S","30","    0.18"," ","S","30","    0.63"," ","S","30","    4.58"," ","S","29","   20.56"," ","S","29","     0.0"," ","S","30","     0.0"," ","S","30","     0.0"," ","S","30","     0.0"," ","S","30","     0.0"," ","S","30","     0.0"," ","S","30","     0.0"," ","S","30","     0.0"," ","S","30"," -9999.0","M"," "," 0"," -9999.0","M"," "," 0"," -9999.0","M"," "," 0","     0.0"," ","S","30","    15.1"," ","S","30","     0.0"," ","S","30","     0.0"," ","S","30","     0.0"," ","S","30","     0.0"," ","S","30","     0.0"," ","S","30","     0.0"," ","S","30","     0.0"," ","S","30"," -9999.0","M"," "," 0"," -9999.0","M"," "," 0"," -9999.0","M"," "," 0"
"USC00118740","07-01"," 40.0839"," -88.2403"," 219.8","CHAMPAIGN 3S, IL US","07","01","99","    75.1"," ","S","30","    85.2"," ","S","30","    64.9"," ","S","30","    20.3"," ","S","30","     5.2"," ","S","30","     6.0"," ","S","30","     5.4"," ","S","30","     4.7"," ","S","30","     0.1"," ","S","30","     0.0"," ","S","30","     0.0"," ","S","30","     0.0"," ","S","30","     0.0"," ","S","30","     0.0","X","S","30","     0.0","X","S","30","    10.1"," ","S","30","    35.1"," ","S","30","    30.1"," ","S","30","    25.1"," ","S","30","    20.1"," ","S","30","    18.1"," ","S","30","    15.1"," ","S","30","     5.6"," ","S","30","     4.1"," ","S","30","    10.1"," ","S","30","    35.1"," ","S","30","    30.1"," ","S","30","    25.1"," ","S","30","    20.1"," ","S","30","    18.1"," ","S","30","    15.1"," ","S","30","     5.6"," ","S","30","     4.1"," ","S","30","    26.0"," ","S","30","    24.0"," ","S","30","    35.3"," ","S","30","    21.9"," ","S","30","    15.7"," ","S","30","    10.4"," ","S","30","     4.8"," ","S","30","     0.9"," ","S","30","     0.1"," ","S","30","     0.0"," ","S","30","    0.04"," ","S","30","    0.18"," ","S","30","    0.64"," ","S","30","    0.16"," ","S","30","   20.72"," ","S","30","     0.0"," ","S","30","     0.0"," ","S","30","     0.0"," ","S","30","     0.0"," ","S","30","     0.0"," ","S","30","     0.0"," ","S","30","     0.0"," ","S","30","     0.0"," ","S","30"," -9999.0","M"," "," 0"," -9999.0","M"," "," 0"," -9999.0","M"," "," 0","     0.0"," ","S","30","    15.1"," ","S","30","     0.0"," ","S","30","     0.0"," ","S","30","     0.0"," ","S","30","     0.0"," ","S","30","     0.0"," ","S","30","     0.0"," ","S","30","     0.0"," ","S","30"," -9999.0","M"," "," 0"," -9999.0","M"," "," 0"," -9999.0","M"," "," 0"
"USC00118740","07-02"," 40.0839"," -88.2403"," 219.8","CHAMPAIGN 3S, IL US","07","02","99","    75.1"," ","S","30","    85.3"," ","S","30","    65.0"," ","S","30","    20.3"," ","S","30","     5.2"," ","S","30","     6.0"," ","S","30","     5.4"," ","S","30","     4.7"," ","S","30","     0.1"," ","S","30","     0.0"," ","S","30","     0.0"," ","S","30","     0.0"," ","S","30","     0.0"," ","S","30","     0.0"," ","S","30","     0.0","X","S","30","    10.2"," ","S","30","    35.1"," ","S","30","    30.1"," ","S","30","    25.1"," ","S","30","    20.1"," ","S","30","    18.1"," ","S","30","    15.1"," ","S","30","     5.7"," ","S","30","     4.2"," ","S","30","    10.2"," ","S","30","    35.1"," ","S","30","    30.1"," ","S","30","    25.1"," ","S","30","    20.1"," ","S","30","    18.1"," ","S","30","    15.1"," ","S","30","     5.7"," ","S","30","     4.2"," ","S","30","    26.1"," ","S","30","    24.1"," ","S","30","    35.2"," ","S","30","    21.8"," ","S","30","    15.7"," ","S","30","    10.4"," ","S","30","     4.8"," ","S","30","     0.9"," ","S","30","     0.1"," ","S","30","     0.0"," ","S","30","    0.04"," ","S","30","    0.18"," ","S","30","    0.64"," ","S","30","    0.32"," ","S","30","   20.88"," ","S","30","     0.0"," ","S","30","     0.0"," ","S","30","     0.0"," ","S","30","     0.0"," ","S","30","     0.0"," ","S","30","     0.0"," ","S","30","     0.0"," ","S","30","     0.0"," ","S","30"," -9999.0","M"," "," 0"," -9999.0","M"," "," 0"," -9999.0","M"," "," 0","     0.0"," ","S","30","    15.1"," ","S","30","     0.0"," ","S","30","     0.0"," ","S","30","     0.0"," ","S","30","     0.0"," ","S","30","     0.0"," ","S","30","     0.0"," ","S","30","     0.0"," ","S","30"," -9999.0","M"," "," 0"," -9999.0","M"," "," 0"," -9999.0","M"," "," 0"
"USC00118740","07-03"," 40.0839"," -88.2403"," 219.8","CHAMPAIGN 3S, IL US","07","03","99","    75.2"," ","S","30","    85.4"," ","S","30","    65.0"," ","S","30","    20.3"," ","S","30","     5.2"," ","S","30","     6.0"," ","S","30","     5.4"," ","S","30","     4.7"," ","S","30","     0.0","X","S","30","     0.0"," ","S","30","     0.0"," ","S","30","     0.0"," ","S","30","     0.0"," ","S","30","     0.0"," ","S","30","     0.0","X","S","30","    10.2"," ","S","30","    35.2"," ","S","30","    30.2"," ","S","30","    25.2"," ","S","30","    20.2"," ","S","30","    18.2"," ","S","30","    15.2"," ","S","30","     5.7"," ","S","30","     4.2"," ","S","30","    10.2"," ","S","30","    35.2"," ","S","30","    30.2"," ","S","30","    25.2"," ","S","30","    20.2"," ","S","30","    18.2"," ","S","30","    15.2"," ","S","30","     5.7"," ","S","30","     4.2"," ","S","30","    26.1"," ","S","30","    24.1"," ","S","30","    35.1"," ","S","30","    21.8"," ","S","30","    15.6"," ","S","30","    10.4"," ","S","30","     4.8"," ","S","30","     0.9"," ","S","30","     0.1"," ","S","30","     0.0"," ","S","30","    0.04"," ","S","30","    0.18"," ","S","30","    0.64"," ","S","30","    0.47"," ","S","30","   21.03"," ","S","30","     0.0"," ","S","30","     0.0"," ","S","30","     0.0"," ","S","30","     0.0"," ","S","30","     0.0"," ","S","30","     0.0"," ","S","30","     0.0"," ","S","30","     0.0"," ","S","30"," -9999.0","M"," "," 0"," -9999.0","M"," "," 0"," -9999.0","M"," "," 0","     0.0"," ","S","30","    15.1"," ","S","30","     0.0"," ","S","30","     0.0"," ","S","30","     0.0"," ","S","30","     0.0"," ","S","30","     0.0"," ","S","30","     0.0"," ","S","30","     0.0"," ","S","30"," -9999.0","M"," "," 0"," -9999.0","M"," "," 0"," -9999.0","M"," "," 0"
"USC00118740","07-04"," 40.0839"," -88.2403"," 219.8","CHAMPAIGN 3S, IL US","07","04","99","    75.3"," ","S","30","    85.4"," ","S","30","    65.1"," ","S","30","    20.3"," ","S","30","     5.2"," ","S","30","     6.0"," ","S","30","     5.4"," ","S","30","     4.7"," ","S","30","     0.0","X","S","30","     0.0"," ","S","30","     0.0"," ","S","30","     0.0"," ","S","30","     0.0"," ","S","30","     0.0"," ","S","30","     0.0","X","S","30","    10.3"," ","S","30","    35.2"," ","S","30","    30.2"," ","S","30","    25.2"," ","S","30","    20.2"," ","S","30","    18.2"," ","S","30","    15.2"," ","S","30","     5.7"," ","S","30","     4.2"," ","S","30","    10.3"," ","S","30","    35.2"," ","S","30","    30.2"," ","S","30","    25.2"," ","S","30","    20.2"," ","S","30","    18.2"," ","S","30","    15.2"," ","S","30","     5.7"," ","S","30","     4.2"," ","S","30","    26.2"," ","S","30","    24.2"," ","S","30","    35.0"," ","S","30","    21.7"," ","S","30","    15.5"," ","S","30","    10.3"," ","S","30","     4.8"," ","S","30","     0.8"," ","S","30","     0.1"," ","S","30","     0.0"," ","S","30","    0.04"," ","S","30","    0.18"," ","S","30","    0.64"," ","S","30","    0.64"," ","S","30","   21.20"," ","S","30","     0.0"," ","S","30","     0.0"," ","S","30","     0.0"," ","S","30","     0.0"," ","S","30","     0.0"," ","S","30","     0.0"," ","S","30","     0.0"," ","S","30","     0.0"," ","S","30"," -9999.0","M"," "," 0"," -9999.0","M"," "," 0"," -9999.0","M"," "," 0","     0.0"," ","S","30","    15.1"," ","S","30","     0.0"," ","S","30","     0.0"," ","S","30","     0.0"," ","S","30","     0.0"," ","S","30","     0.0"," ","S","30","     0.0"," ","S","30","     0.0"," ","S","30"," -9999.0","M"," "," 0"," -9999.0","M"," "," 0"," -9999.0","M"," "," 0"
"USC00118740","07-05"," 40.0839"," -88.2403"," 219.8","CHAMPAIGN 3S, IL US","07","05","99","    75.3"," ","S","30","    85.4"," ","S","30","    65.2"," ","S","30","    20.3"," ","S","30","     5.2"," ","S","30","     5.9"," ","S","30","     5.4"," ","S","30","     4.6"," ","S","30","     0.0","X","S","30","     0.0"," ","S","30","     0.0"," ","S","30","     0.0"," ","S","30","     0.0"," ","S","30","     0.0"," ","S","30","     0.0","X","S","30","    10.3"," ","S","30","    35.3"," ","S","30","    30.3"," ","S","30","    25.3"," ","S","30","    20.3"," ","S","30","    18.3"," ","S","30","    15.3"," ","S","30","     5.7"," ","S","30","     4.2"," ","S","30","    10.3"," ","S","30","    35.3"," ","S","30","    30.3"," ","S","30","    25.3"," ","S","30","    20.3"," ","S","30","    18.3"," ","S","30","    15.3"," ","S","30","     5.7"," ","S","30","     4.2"," ","S","30","    26.2"," ","S","30","    24.2"," ","S","30","    34.9"," ","S","30","    21.7"," ","S","30","    15.5"," ","S","30","    10.3"," ","S","30","     4.8"," ","S","30","     0.8"," ","S","30","     0.1"," ","S","30","     0.0"," ","S","30","    0.04"," ","S","30","    0.18"," ","S","30","    0.64"," ","S","30","    0.79"," ","S","30","   21.35"," ","S","30","     0.0"," ","S","30","     0.0"," ","S","30","     0.0"," ","S","30","     0.0"," ","S","30","     0.0"," ","S","30","     0.0"," ","S","30","     0.0"," ","S","30","     0.0"," ","S","30"," -9999.0","M"," "," 0"," -9999.0","M"," "," 0"," -9999.0","M"," "," 0","     0.0"," ","S","30","    15.1"," ","S","30","     0.0"," ","S","30","     0.0"," ","S","30","     0.0"," ","S","30","     0.0"," ","S","30","     0.0"," ","S","30","     0.0"," ","S","30","     0.0"," ","S","30"," -9999.0","M"," "," 0"," -9999.0","M"," "," 0"," -9999.0","M"," "," 0"
"USC00118740","07-06"," 40.0839"," -88.2403"," 219.8","CHAMPAIGN 3S, IL US","07","06","99","    75.3"," ","S","30","    85.5"," ","S","30","    65.2"," ","S","30","    20.2"," ","S","30","     5.1"," ","S","30","     5.9"," ","S","30","     5.3"," ","S","30","     4.6"," ","S","30","     0.0","X","S","30","     0.0"," ","S","30","     0.0"," ","S","30","     0.0"," ","S","30","     0.0"," ","S","30","     0.0"," ","S","30","     0.0"," ","S","30","    10.4"," ","S","30","    35.3"," ","S","30","    30.3"," ","S","30","    25.3"," ","S","30","    20.3"," ","S","30","    18.3"," ","S","30","    15.3"," ","S","30","     5.7"," ","S","30","     4.2"," ","S","30","    10.4"," ","S","30","    35.3"," ","S","30","    30.3"," ","S","30","    25.3"," ","S","30","    20.3"," ","S","30","    18.3"," ","S","30","    15.3"," ","S","30","     5.7"," ","S","30","     4.2"," ","S","30","    26.3"," ","S","30","    24.3"," ","S","30","    34.7"," ","S","30","    21.7"," ","S","30","    15.5"," ","S","30","    10.3"," ","S","30","     4.7"," ","S","30","     0.8"," ","S","30","     0.1"," ","S","30","     0.0"," ","S","30","    0.04"," ","S","30","    0.18"," ","S","30","    0.65"," ","S","30","    0.95"," ","S","30","   21.51"," ","S","30","     0.0"," ","S","30","     0.0"," ","S","30","     0.0"," ","S","30","     0.0"," ","S","30","     0.0"," ","S","30","     0.0"," ","S","30","     0.0"," ","S","30","     0.0"," ","S","30"," -9999.0","M"," "," 0"," -9999.0","M"," "," 0"," -9999.0","M"," "," 0","     0.0"," ","S","30","    15.1"," ","S","30","     0.0"," ","S","30","     0.0"," ","S","30","     0.0"," ","S","30","     0.0"," ","S","30","     0.0"," ","S","30","     0.0"," ","S","30","     0.0"," ","S","30"," -9999.0","M"," "," 0"," -9999.0","M"," "," 0"," -9999.0","M"," "," 0"
"USC00118740","07-07"," 40.0839"," -88.2403"," 219.8","CHAMPAIGN 3S, IL US","07","07","99","    75.4"," ","S","30","    85.5"," ","S","30","    65.2"," ","S","30","    20.2"," ","S","30","     5.1"," ","S","30","     5.9"," ","S","30","     5.3"," ","S","30","     4.6"," ","S","30","     0.0","X","S","30","     0.0"," ","S","30","     0.0"," ","S","30","     0.0"," ","S","30","     0.0"," ","S","30","     0.0"," ","S","30","     0.0"," ","S","30","    10.4"," ","S","30","    35.4"," ","S","30","    30.4"," ","S","30","    25.4"," ","S","30","    20.4"," ","S","30","    18.4"," ","S","30","    15.4"," ","S","30","     5.8"," ","S","30","     4.2"," ","S","30","    10.4"," ","S","30","    35.4"," ","S","30","    30.4"," ","S","30","    25.4"," ","S","30","    20.4"," ","S","30","    18.4"," ","S","30","    15.4"," ","S","30","     5.8"," ","S","30","     4.2"," ","S","30","    26.3"," ","S","30","    24.3"," ","S","30","    34.6"," ","S","30","    21.6"," ","S","30","    15.4"," ","S","30","    10.3"," ","S","30","     4.7"," ","S","30","     0.8"," ","S","30","     0.1"," ","S","30","     0.0"," ","S","30","    0.04"," ","S","30","    0.18"," ","S","30","    0.65"," ","S","30","    1.11"," ","S","30","   21.67"," ","S","30","     0.0"," ","S","30","     0.0"," ","S","30","     0.0"," ","S","30","     0.0"," ","S","30","     0.0"," ","S","30","     0.0"," ","S","30","     0.0"," ","S","30","     0.0"," ","S","30"," -9999.0","M"," "," 0"," -9999.0","M"," "," 0"," -9999.0","M"," "," 0","     0.0"," ","S","30","    15.1"," ","S","30","     0.0"," ","S","30","     0.0"," ","S","30","     0.0"," ","S","30","     0.0"," ","S","30","     0.0"," ","S","30","     0.0"," ","S","30","     0.0"," ","S","30"," -9999.0","M"," "," 0"," -9999.0","M"," "," 0"," -9999.0","M"," "," 0"
"USC00118740","07-08"," 40.0839"," -88.2403"," 219.8","CHAMPAIGN 3S, IL US","07","08","99","    75.4"," ","S","30","    85.5"," ","S","30","    65.3"," ","S","30","    20.2"," ","S","30","     5.1"," ","S","30","     5.9"," ","S","30","     5.3"," ","S","30","     4.6"," ","S","30","     0.0","X","S","30","     0.0"," ","S","30","     0.0"," ","S","30","     0.0"," ","S","30","     0.0"," ","S","30","     0.0"," ","S","30","     0.0"," ","S","30","    10.4"," ","S","30","    35.4"," ","S","30","    30.4"," ","S","30","    25.4"," ","S","30","    20.4"," ","S","30","    18.4"," ","S","30","    15.4"," ","S","30","     5.8"," ","S","30","     4.2"," ","S","30","    10.4"," ","S","30","    35.4"," ","S","30","    30.4"," ","S","30","    25.4"," ","S","30","    20.4"," ","S","30","    18.4"," ","S","30","    15.4"," ","S","30","     5.8"," ","S","30","     4.2"," ","S","30","    26.4"," ","S","30","    24.4"," ","S","30","    34.4"," ","S","30","    21.5"," ","S","30","    15.4"," ","S","30","    10.2"," ","S","30","     4.7"," ","S","30","     0.8"," ","S","30","     0.1"," ","S","30","     0.0"," ","S","30","    0.04"," ","S","30","    0.18"," ","S","30","    0.64"," ","S","30","    1.26"," ","S","30","   21.82"," ","S","30","     0.0"," ","S","30","     0.0"," ","S","30","     0.0"," ","S","30","     0.0"," ","S","30","     0.0"," ","S","30","     0.0"," ","S","30","     0.0"," ","S","30","     0.0"," ","S","30"," -9999.0","M"," "," 0"," -9999.0","M"," "," 0"," -9999.0","M"," "," 0","     0.0"," ","S","30","    15.1"," ","S","30","     0.0"," ","S","30","     0.0"," ","S","30","     0.0"," ","S","30","     0.0"," ","S","30","     0.0"," ","S","30","     0.0"," ","S","30","     0.0"," ","S","30"," -9999.0","M"," "," 0"," -9999.0","M"," "," 0"," -9999.0","M"," "," 0"
"USC00118740","07-09"," 40.0839"," -88.2403"," 219.8","CHAMPAIGN 3S, IL US","07","09","99","    75.4"," ","S","30","    85.5"," ","S","30","    65.3"," ","S","30","    20.2"," ","S","30","     5.1"," ","S","30","     5.9"," ","S","30","     5.3"," ","S","30","     4.5"," ","S","30","     0.0","X","S","30","     0.0"," ","S","30","     0.0"," ","S","30","     0.0"," ","S","30","     0.0"," ","S","30","     0.0"," ","S","30","     0.0"," ","S","30","    10.4"," ","S","30","    35.4"," ","S","30","    30.4"," ","S","30","    25.4"," ","S","30","    20.4"," ","S","30","    18.4"," ","S","30","    15.4"," ","S","30","     5.8"," ","S","30","     4.2"," ","S","30","    10.4"," ","S","30","    35.4"," ","S","30","    30.4"," ","S","30","    25.4"," ","S","30","    20.4"," ","S","30","    18.4"," ","S","30","    15.4"," ","S","30","     5.8"," ","S","30","     4.2"," ","S","30","    26.4"," ","S","30","    24.4"," ","S","30","    34.3"," ","S","30","    21.5"," ","S","30","    15.3"," ","S","30","    10.1"," ","S","30","     4.7"," ","S","30","     0.8"," ","S","30","     0.1"," ","S","30","     0.0"," ","S","30","    0.04"," ","S","30","    0.18"," ","S","30","    0.64"," ","S","30","    1.42"," ","S","30","   21.98"," ","S","30","     0.0"," ","S","30","     0.0"," ","S","30","     0.0"," ","S","30","     0.0"," ","S","30","     0.0"," ","S","30","     0.0"," ","S","30","     0.0"," ","S","30","     0.0"," ","S","30"," -9999.0","M"," "," 0"," -9999.0","M"," "," 0"," -9999.0","M"," "," 0","     0.0"," ","S","30","    15.1"," ","S","30","     0.0"," ","S","30","     0.0"," ","S","30","     0.0"," ","S","30","     0.0"," ","S","30","     0.0"," ","S","30","     0.0"," ","S","30","     0.0"," ","S","30"," -9999.0","M"," "," 0"," -9999.0","M"," "," 0"," -9999.0","M"," "," 0"
"USC00118740","07-10"," 40.0839"," -88.2403"," 219.8","CHAMPAIGN 3S, IL US","07","10","99","    75.4"," ","S","30","    85.5"," ","S","30","    65.3"," ","S","30","    20.2"," ","S","30","     5.1"," ","S","30","     5.9"," ","S","30","     5.3"," ","S","30","     4.5"," ","S","30","     0.0","X","S","30","     0.0"," ","S","30","     0.0"," ","S","30","     0.0"," ","S","30","     0.0"," ","S","30","     0.0"," ","S","30","     0.0"," ","S","30","    10.4"," ","S","30","    35.4"," ","S","30","    30.4"," ","S","30","    25.4"," ","S","30","    20.4"," ","S","30","    18.4"," ","S","30","    15.4"," ","S","30","     5.7"," ","S","30","     4.1"," ","S","30","    10.4"," ","S","30","    35.4"," ","S","30","    30.4"," ","S","30","    25.4"," ","S","30","    20.4"," ","S","30","    18.4"," ","S","30","    15.4"," ","S","30","     5.7"," ","S","30","     4.1"," ","S","30","    26.4"," ","S","30","    24.4"," ","S","30","    34.1"," ","S","30","    21.3"," ","S","30","    15.2"," ","S","30","    10.1"," ","S","30","     4.6"," ","S","30","     0.8"," ","S","30","     0.1"," ","S","30","     0.0"," ","S","30","    0.04"," ","S","30","    0.18"," ","S","30","    0.64"," ","S","30","    1.57"," ","S","30","   22.13"," ","S","30","     0.0"," ","S","30","     0.0"," ","S","30","     0.0"," ","S","30","     0.0"," ","S","30","     0.0"," ","S","30","     0.0"," ","S","30","     0.0"," ","S","30","     0.0"," ","S","30"," -9999.0","M"," "," 0"," -9999.0","M"," "," 0"," -9999.0","M"," "," 0","     0.0"," ","S","30","    15.1"," ","S","30","     0.0"," ","S","30","     0.0"," ","S","30","     0.0"," ","S","30","     0.0"," ","S","30","     0.0"," ","S","30","     0.0"," ","S","30","     0.0"," ","S","30"," -9999.0","M"," "," 0"," -9999.0","M"," "," 0"," -9999.0","M"," "," 0"
"USC00118740","07-11"," 40.0839"," -88.2403"," 219.8","CHAMPAIGN 3S, IL US","07","11","99","    75.4"," ","S","30","    85.5"," ","S","30","    65.3"," ","S","30","    20.1"," ","S","30","     5.1"," ","S","30","     5.9"," ","S","30","     5.3"," ","S","30","     4.5"," ","S","30","     0.0","X","S","30","     0.0"," ","S","30","     0.0"," ","S","30","     0.0"," ","S","30","     0.0"," ","S","30","     0.0"," ","S","30","     0.0"," ","S","30","    10.4"," ","S","30","    35.4"," ","S","30","    30.4"," ","S","30","    25.4"," ","S","30","    20.4"," ","S","30","    18.4"," ","S","30","    15.4"," ","S","30","     5.7"," ","S","30","     4.1"," ","S","30","    10.4"," ","S","30","    35.4"," ","S","30","    30.4"," ","S","30","    25.4"," ","S","30","    20.4"," ","S","30","    18.4"," ","S","30","    15.4"," ","S","30","     5.7"," ","S","30","     4.1"," ","S","30","    26.5"," ","S","30","    24.5"," ","S","30","    33.9"," ","S","30","    21.2"," ","S","30","    15.2"," ","S","30","    10.0"," ","S","30","     4.6"," ","S","30","     0.7"," ","S","30","     0.1"," ","S","30","     0.0"," ","S","30","    0.04"," ","S","30","    0.19"," ","S","30","    0.64"," ","S","30","    1.72"," ","S","30","   22.28"," ","S","30","     0.0"," ","S","30","     0.0"," ","S","30","     0.0"," ","S","30","     0.0"," ","S","30","     0.0"," ","S","30","     0.0"," ","S","30","     0.0"," ","S","30","     0.0"," ","S","30"," -9999.0","M"," "," 0"," -9999.0","M"," "," 0"," -9999.0","M"," "," 0","     0.0"," ","S","30","    15.1"," ","S","30","     0.0"," ","S","30","     0.0"," ","S","30","     0.0"," ","S","30","     0.0"," ","S","30","     0.0"," ","S","30","     0.0"," ","S","30","     0.0"," ","S","30"," -9999.0","M"," "," 0"," -9999.0","M"," "," 0"," -9999.0","M"," "," 0"
"USC00118740","07-12"," 40.0839"," -88.2403"," 219.8","CHAMPAIGN 3S, IL US","07","12","99","    75.4"," ","S","30","    85.4"," ","S","30","    65.3"," ","S","30","    20.1"," ","S","30","     5.1"," ","S","30","     5.9"," ","S","30","     5.2"," ","S","30","     4.5"," ","S","30","     0.0","X","S","30","     0.0"," ","S","30","     0.0"," ","S","30","     0.0"," ","S","30","     0.0"," ","S","30","     0.0"," ","S","30","     0.0"," ","S","30","    10.4"," ","S","30","    35.4"," ","S","30","    30.4"," ","S","30","    25.4"," ","S","30","    20.4"," ","S","30","    18.4"," ","S","30","    15.4"," ","S","30","     5.7"," ","S","30","     4.1"," ","S","30","    10.4"," ","S","30","    35.4"," ","S","30","    30.4"," ","S","30","    25.4"," ","S","30","    20.4"," ","S","30","    18.4"," ","S","30","    15.4"," ","S","30","     5.7"," ","S","30","     4.1"," ","S","30","    26.5"," ","S","30","    24.5"," ","S","30","    33.7"," ","S","30","    21.1"," ","S","30","    15.1"," ","S","30","     9.9"," ","S","30","     4.5"," ","S","30","     0.7"," ","S","30","     0.1"," ","S","30","     0.0"," ","S","30","    0.04"," ","S","30","    0.19"," ","S","30","    0.64"," ","S","30","    1.87"," ","S","30","   22.43"," ","S","30","     0.0"," ","S","30","     0.0"," ","S","30","     0.0"," ","S","30","     0.0"," ","S","30","     0.0"," ","S","30","     0.0"," ","S","30","     0.0"," ","S","30","     0.0"," ","S","30"," -9999.0","M"," "," 0"," -9999.0","M"," "," 0"," -9999.0","M"," "," 0","     0.0"," ","S","30","    15.1"," ","S","30","     0.0"," ","S","30","     0.0"," ","S","30","     0.0"," ","S","30","     0.0"," ","S","30","     0.0"," ","S","30","     0.0"," ","S","30","     0.0"," ","S","30"," -9999.0","M"," "," 0"," -9999.0","M"," "," 0"," -9999.0","M"," "," 0"
"USC00118740","07-13"," 40.0839"," -88.2403"," 219.8","CHAMPAIGN 3S, IL US","07","13","99","    75.4"," ","S","30","    85.4"," ","S","30","    65.3"," ","S","30","    20.1"," ","S","30","     5.1"," ","S","30","     5.9"," ","S","30","     5.2"," ","S","30","     4.5"," ","S","30","     0.0","X","S","30","     0.0"," ","S","30","     0.0"," ","S","30","     0.0"," ","S","30","     0.0"," ","S","30","     0.0"," ","S","30","     0.0"," ","S","30","    10.4"," ","S","30","    35.4"," ","S","30","    30.4"," ","S","30","    25.4"," ","S","30","    20.4"," ","S","30","    18.4"," ","S","30","    15.4"," ","S","30","     5.7"," ","S","30","     4.1"," ","S","30","    10.4"," ","S","30","    35.4"," ","S","30","    30.4"," ","S","30","    25.4"," ","S","30","    20.4"," ","S","30","    18.4"," ","S","30","    15.4"," ","S","30","     5.7"," ","S","30","     4.1"," ","S","30","    26.5"," ","S","30","    24.5"," ","S","30","    33.5"," ","S","30","    21.0"," ","S","30","    15.1"," ","S","30","     9.9"," ","S","30","     4.4"," ","S","30","     0.7"," ","S","30","     0.1"," ","S","30","     0.0"," ","S","30","    0.04"," ","S","30","    0.19"," ","S","30","    0.63"," ","S","30","    2.03"," ","S","30","   22.59"," ","S","30","     0.0"," ","S","30","     0.0"," ","S","30","     0.0"," ","S","30","     0.0"," ","S","30","     0.0"," ","S","30","     0.0"," ","S","30","     0.0"," ","S","30","     0.0"," ","S","30"," -9999.0","M"," "," 0"," -9999.0","M"," "," 0"," -9999.0","M"," "," 0","     0.0"," ","S","30","    15.1"," ","S","30","     0.0"," ","S","30","     0.0"," ","S","30","     0.0"," ","S","30","     0.0"," ","S","30","     0.0"," ","S","30","     0.0"," ","S","30","     0.0"," ","S","30"," -9999.0","M"," "," 0"," -9999.0","M"," "," 0"," -9999.0","M"," "," 0"
"USC00118740","07-14"," 40.0839"," -88.2403"," 219.8","CHAMPAIGN 3S, IL US","07","14","99","    75.4"," ","S","30","    85.4"," ","S","30","    65.3"," ","S","30","    20.0"," ","S","30","     5.1"," ","S","30","     5.9"," ","S","30","     5.2"," ","S","30","     4.4"," ","S","30","     0.0","X","S","30","     0.0"," ","S","30","     0.0"," ","S","30","     0.0"," ","S","30","     0.0"," ","S","30","     0.0"," ","S","30","     0.0"," ","S","30","    10.4"," ","S","30","    35.4"," ","S","30","    30.4"," ","S","30","    25.4"," ","S","30","    20.4"," ","S","30","    18.4"," ","S","30","    15.4"," ","S","30","     5.7"," ","S","30","     4.1"," ","S","30","    10.4"," ","S","30","    35.4"," ","S","30","    30.4"," ","S","30","    25.4"," ","S","30","    20.4"," ","S","30","    18.4"," ","S","30","    15.4"," ","S","30","     5.7"," ","S","30","     4.1"," ","S","30","    26.5"," ","S","30","    24.5"," ","S","30","    33.3"," ","S","30","    20.9"," ","S","30","    15.0"," ","S","30","     9.8"," ","S","30","     4.4"," ","S","30","     0.7"," ","S","30","     0.1"," ","S","30","     0.0"," ","S","30","    0.04"," ","S","30","    0.19"," ","S","30","    0.63"," ","S","30","    2.18"," ","S","30","   22.74"," ","S","30","     0.0"," ","S","30","     0.0"," ","S","30","     0.0"," ","S","30","     0.0"," ","S","30","     0.0"," ","S","30","     0.0"," ","S","30","     0.0"," ","S","30","     0.0"," ","S","30"," -9999.0","M"," "," 0"," -9999.0","M"," "," 0"," -9999.0","M"," "," 0","     0.0"," ","S","30","    15.1"," ","S","30","     0.0"," ","S","30","     0.0"," ","S","30","     0.0"," ","S","30","     0.0"," ","S","30","     0.0"," ","S","30","     0.0"," ","S","30","     0.0"," ","S","30"," -9999.0","M"," "," 0"," -9999.0","M"," "," 0"," -9999.0","M"," "," 0"
"USC00118740","07-15"," 40.0839"," -88.2403"," 219.8","CHAMPAIGN 3S, IL US","07","15","99","    75.4"," ","S","30","    85.4"," ","S","30","    65.3"," ","S","30","    20.0"," ","S","30","     5.1"," ","S","30","     5.9"," ","S","30","     5.2"," ","S","30","     4.4"," ","S","30","     0.0","X","S","30","     0.0"," ","S","30","     0.0"," ","S","30","     0.0"," ","S","30","     0.0"," ","S","30","     0.0"," ","S","30","     0.0"," ","S","30","    10.4"," ","S","30","    35.3"," ","S","30","    30.3"," ","S","30","    25.4"," ","S","30","    20.4"," ","S","30","    18.4"," ","S","30","    15.3"," ","S","30","     5.7"," ","S","30","     4.1"," ","S","30","    10.4"," ","S","30","    35.3"," ","S","30","    30.3"," ","S","30","    25.4"," ","S","30","    20.4"," ","S","30","    18.4"," ","S","30","    15.3"," ","S","30","     5.7"," ","S","30","     4.1"," ","S","30","    26.4"," ","S","30","    24.4"," ","S","30","    33.1"," ","S","30","    20.8"," ","S","30","    14.9"," ","S","30","     9.7"," ","S","30","     4.3"," ","S","30","     0.6"," ","S","30","     0.1"," ","S","30","     0.0"," ","S","30","    0.04"," ","S","30","    0.18"," ","S","30","    0.63"," ","S","30","    2.34"," ","S","30","   22.90"," ","S","30","     0.0"," ","S","30","     0.0"," ","S","30","     0.0"," ","S","30","     0.0"," ","S","30","     0.0"," ","S","30","     0.0"," ","S","30","     0.0"," ","S","30","     0.0"," ","S","30"," -9999.0","M"," "," 0"," -9999.0","M"," "," 0"," -9999.0","M"," "," 0","     0.0"," ","S","30","    15.1"," ","S","30","     0.0"," ","S","30","     0.0"," ","S","30","     0.0"," ","S","30","     0.0"," ","S","30","     0.0"," ","S","30","     0.0"," ","S","30","     0.0"," ","S","30"," -9999.0","M"," "," 0"," -9999.0","M"," "," 0"," -9999.0","M"," "," 0"
"USC00118740","07-16"," 40.0839"," -88.2403"," 219.8","CHAMPAIGN 3S, IL US","07","16","99","    75.3"," ","S","30","    85.3"," ","S","30","    65.3"," ","S","30","    20.0"," ","S","30","     5.1"," ","S","30","     5.8"," ","S","30","     5.2"," ","S","30","     4.4"," ","S","30","     0.0","X","S","30","     0.0"," ","S","30","     0.0"," ","S","30","     0.0"," ","S","30","     0.0"," ","S","30","     0.0"," ","S","30","     0.0"," ","S","30","    10.4"," ","S","30","    35.3"," ","S","30","    30.3"," ","S","30","    25.3"," ","S","30","    20.3"," ","S","30","    18.3"," ","S","30","    15.3"," ","S","30","     5.7"," ","S","30","     4.0"," ","S","30","    10.4"," ","S","30","    35.3"," ","S","30","    30.3"," ","S","30","    25.3"," ","S","30","    20.3"," ","S","30","    18.3"," ","S","30","    15.3"," ","S","30","     5.7"," ","S","30","     4.0"," ","S","30","    26.4"," ","S","30","    24.4"," ","S","30","    32.9"," ","S","30","    20.6"," ","S","30","    14.8"," ","S","30","     9.6"," ","S","30","     4.3"," ","S","30","     0.6"," ","S","30","     0.1"," ","S","30","     0.0"," ","S","30","    0.04"," ","S","30","    0.18"," ","S","30","    0.63"," ","S","30","    2.49"," ","S","30","   23.05"," ","S","30","     0.0"," ","S","30","     0.0"," ","S","30","     0.0"," ","S","30","     0.0"," ","S","30","     0.0"," ","S","30","     0.0"," ","S","30","     0.0"," ","S","30","     0.0"," ","S","30"," -9999.0","M"," "," 0"," -9999.0","M"," "," 0"," -9999.0","M"," "," 0","     0.0"," ","S","30","    15.1"," ","S","30","     0.0"," ","S","30","     0.0"," ","S","30","     0.0"," ","S","30","     0.0"," ","S","30","     0.0"," ","S","30","     0.0"," ","S","30","     0.0"," ","S","30"," -9999.0","M"," "," 0"," -9999.0","M"," "," 0"," -9999.0","M"," "," 0"
"USC00118740","07-17"," 40.0839"," -88.2403"," 219.8","CHAMPAIGN 3S, IL US","07","17","99","    75.3"," ","S","30","    85.3"," ","S","30","    65.3"," ","S","30","    20.0"," ","S","30","     5.1"," ","S","30","     5.8"," ","S","30","     5.2"," ","S","30","     4.4"," ","S","30","     0.0","X","S","30","     0.0"," ","S","30","     0.0"," ","S","30","     0.0"," ","S","30","     0.0"," ","S","30","     0.0"," ","S","30","     0.0"," ","S","30","    10.3"," ","S","30","    35.3"," ","S","30","    30.3"," ","S","30","    25.3"," ","S","30","    20.3"," ","S","30","    18.3"," ","S","30","    15.3"," ","S","30","     5.6"," ","S","30","     4.0"," ","S","30","    10.3"," ","S","30","    35.3"," ","S","30","    30.3"," ","S","30","    25.3"," ","S","30","    20.3"," ","S","30","    18.3"," ","S","30","    15.3"," ","S","30","     5.6"," ","S","30","     4.0"," ","S","30","    26.4"," ","S","30","    24.4"," ","S","30","    32.7"," ","S","30","    20.5"," ","S","30","    14.7"," ","S","30","     9.5"," ","S","30","     4.2"," ","S","30","     0.6"," ","S","30","     0.1"," ","S","30","     0.0"," ","S","30","    0.04"," ","S","30","    0.18"," ","S","30","    0.62"," ","S","30","    2.64"," ","S","30","   23.20"," ","S","30","     0.0"," ","S","30","     0.0"," ","S","30","     0.0"," ","S","30","     0.0"," ","S","30","     0.0"," ","S","30","     0.0"," ","S","30","     0.0"," ","S","30","     0.0"," ","S","30"," -9999.0","M"," "," 0"," -9999.0","M"," "," 0"," -9999.0","M"," "," 0","     0.0"," ","S","30","    15.1"," ","S","30","     0.0"," ","S","30","     0.0"," ","S","30","     0.0"," ","S","30","     0.0"," ","S","30","     0.0"," ","S","30","     0.0"," ","S","30","     0.0"," ","S","30"," -9999.0","M"," "," 0"," -9999.0","M"," "," 0"," -9999.0","M"," "," 0"
"USC00118740","07-18"," 40.0839"," -88.2403"," 219.8","CHAMPAIGN 3S, IL US","07","18","99","    75.3"," ","S","30","    85.3"," ","S","30","    65.3"," ","S","30","    19.9"," ","S","30","     5.0"," ","S","30","     5.8"," ","S","30","     5.2"," ","S","30","     4.4"," ","S","30","     0.0","X","S","30","     0.0"," ","S","30","     0.0"," ","S","30","     0.0"," ","S","30","     0.0"," ","S","30","     0.0"," ","S","30","     0.0"," ","S","30","    10.3"," ","S","30","    35.3"," ","S","30","    30.3"," ","S","30","    25.3"," ","S","30","    20.3"," ","S","30","    18.3"," ","S","30","    15.3"," ","S","30","     5.6"," ","S","30","     4.0"," ","S","30","    10.3"," ","S","30","    35.3"," ","S","30","    30.3"," ","S","30","    25.3"," ","S","30","    20.3"," ","S","30","    18.3"," ","S","30","    15.3"," ","S","30","     5.6"," ","S","30","     4.0"," ","S","30","    26.3"," ","S","30","    24.3"," ","S","30","    32.6"," ","S","30","    20.4"," ","S","30","    14.6"," ","S","30","     9.4"," ","S","30","     4.1"," ","S","30","     0.6"," ","S","30","     0.1"," ","S","30","     0.0"," ","S","30","    0.04"," ","S","30","    0.18"," ","S","30","    0.61"," ","S","30","    2.79"," ","S","30","   23.35"," ","S","30","     0.0"," ","S","30","     0.0"," ","S","30","     0.0"," ","S","30","     0.0"," ","S","30","     0.0"," ","S","30","     0.0"," ","S","30","     0.0"," ","S","30","     0.0"," ","S","30"," -9999.0","M"," "," 0"," -9999.0","M"," "," 0"," -9999.0","M"," "," 0","     0.0"," ","S","30","    15.1"," ","S","30","     0.0"," ","S","30","     0.0"," ","S","30","     0.0"," ","S","30","     0.0"," ","S","30","     0.0"," ","S","30","     0.0"," ","S","30","     0.0"," ","S","30"," -9999.0","M"," "," 0"," -9999.0","M"," "," 0"," -9999.0","M"," "," 0"
"USC00118740","07-19"," 40.0839"," -88.2403"," 219.8","CHAMPAIGN 3S, IL US","07","19","99","    75.2"," ","S","30","    85.2"," ","S","30","    65.3"," ","S","30","    19.9"," ","S","30","     5.0"," ","S","30","     5.8"," ","S","30","     5.2"," ","S","30","     4.4"," ","S","30","     0.0","X","S","30","     0.0"," ","S","30","     0.0"," ","S","30","     0.0"," ","S","30","     0.0"," ","S","30","     0.0"," ","S","30","     0.0"," ","S","30","    10.3"," ","S","30","    35.2"," ","S","30","    30.2"," ","S","30","    25.2"," ","S","30","    20.2"," ","S","30","    18.2"," ","S","30","    15.2"," ","S","30","     5.6"," ","S","30","     4.0"," ","S","30","    10.3"," ","S","30","    35.2"," ","S","30","    30.2"," ","S","30","    25.2"," ","S","30","    20.2"," ","S","30","    18.2"," ","S","30","    15.2"," ","S","30","     5.6"," ","S","30","     4.0"," ","S","30","    26.3"," ","S","30","    24.3"," ","S","30","    32.4"," ","S","30","    20.3"," ","S","30","    14.5"," ","S","30","     9.3"," ","S","30","     4.0"," ","S","30","     0.6"," ","S","30","     0.1"," ","S","30","     0.0"," ","S","30","    0.04"," ","S","30","    0.18"," ","S","30","    0.61"," ","S","30","    2.94"," ","S","30","   23.50"," ","S","30","     0.0"," ","S","30","     0.0"," ","S","30","     0.0"," ","S","30","     0.0"," ","S","30","     0.0"," ","S","30","     0.0"," ","S","30","     0.0"," ","S","30","     0.0"," ","S","30"," -9999.0","M"," "," 0"," -9999.0","M"," "," 0"," -9999.0","M"," "," 0","     0.0"," ","S","30","    15.1"," ","S","30","     0.0"," ","S","30","     0.0"," ","S","30","     0.0"," ","S","30","     0.0"," ","S","30","     0.0"," ","S","30","     0.0"," ","S","30","     0.0"," ","S","30"," -9999.0","M"," "," 0"," -9999.0","M"," "," 0"," -9999.0","M"," "," 0"
"USC00118740","07-20"," 40.0839"," -88.2403"," 219.8","CHAMPAIGN 3S, IL US","07","20","99","    75.2"," ","S","30","    85.2"," ","S","30","    65.3"," ","S","30","    19.9"," ","S","30","     5.0"," ","S","30","     5.8"," ","S","30","     5.2"," ","S","30","     4.4"," ","S","30","     0.0","X","S","30","     0.0"," ","S","30","     0.0"," ","S","30","     0.0"," ","S","30","     0.0"," ","S","30","     0.0"," ","S","30","     0.0"," ","S","30","    10.3"," ","S","30","    35.2"," ","S","30","    30.2"," ","S","30","    25.2"," ","S","30","    20.2"," ","S","30","    18.2"," ","S","30","    15.2"," ","S","30","     5.6"," ","S","30","     4.0"," ","S","30","    10.3"," ","S","30","    35.2"," ","S","30","    30.2"," ","S","30","    25.2"," ","S","30","    20.2"," ","S","30","    18.2"," ","S","30","    15.2"," ","S","30","     5.6"," ","S","30","     4.0"," ","S","30","    26.3"," ","S","30","    24.3"," ","S","30","    32.2"," ","S","30","    20.2"," ","S","30","    14.4"," ","S","30","     9.2"," ","S","30","     4.0"," ","S","30","     0.6"," ","S","30","     0.1"," ","S","30","     0.0"," ","S","30","    0.05"," ","S","30","    0.18"," ","S","30","    0.61"," ","S","30","    3.09"," ","S","30","   23.65"," ","S","30","     0.0"," ","S","30","     0.0"," ","S","30","     0.0"," ","S","30","     0.0"," ","S","30","     0.0"," ","S","30","     0.0"," ","S","30","     0.0"," ","S","30","     0.0"," ","S","30"," -9999.0","M"," "," 0"," -9999.0","M"," "," 0"," -9999.0","M"," "," 0","     0.0"," ","S","30","    15.1"," ","S","30","     0.0"," ","S","30","     0.0"," ","S","30","     0.0"," ","S","30","     0.0"," ","S","30","     0.0"," ","S","30","     0.0"," ","S","30","     0.0"," ","S","30"," -9999.0","M"," "," 0"," -9999.0","M"," "," 0"," -9999.0","M"," "," 0"
"USC00118740","07-21"," 40.0839"," -88.2403"," 219.8","CHAMPAIGN 3S, IL US","07","21","99","    75.2"," ","S","30","    85.1"," ","S","30","    65.3"," ","S","30","    19.9"," ","S","30","     5.0"," ","S","30","     5.8"," ","S","30","     5.2"," ","S","30","     4.4"," ","S","30","     0.0","X","S","30","     0.0"," ","S","30","     0.0"," ","S","30","     0.0"," ","S","30","     0.0"," ","S","30","     0.0"," ","S","30","     0.0"," ","S","30","    10.2"," ","S","30","    35.2"," ","S","30","    30.2"," ","S","30","    25.2"," ","S","30","    20.2"," ","S","30","    18.2"," ","S","30","    15.2"," ","S","30","     5.6"," ","S","30","     4.0"," ","S","30","    10.2"," ","S","30","    35.2"," ","S","30","    30.2"," ","S","30","    25.2"," ","S","30","    20.2"," ","S","30","    18.2"," ","S","30","    15.2"," ","S","30","     5.6"," ","S","30","     4.0"," ","S","30","    26.2"," ","S","30","    24.2"," ","S","30","    32.0"," ","S","30","    20.0"," ","S","30","    14.4"," ","S","30","     9.1"," ","S","30","     3.9"," ","S","30","     0.6"," ","S","30","     0.1"," ","S","30","     0.0"," ","S","30","    0.05"," ","S","30","    0.18"," ","S","30","    0.60"," ","S","30","    3.23"," ","S","30","   23.79"," ","S","30","     0.0"," ","S","30","     0.0"," ","S","30","     0.0"," ","S","30","     0.0"," ","S","30","     0.0"," ","S","30","     0.0"," ","S","30","     0.0"," ","S","30","     0.0"," ","S","30"," -9999.0","M"," "," 0"," -9999.0","M"," "," 0"," -9999.0","M"," "," 0","     0.0"," ","S","30","    15.1"," ","S","30","     0.0"," ","S","30","     0.0"," ","S","30","     0.0"," ","S","30","     0.0"," ","S","30","     0.0"," ","S","30","     0.0"," ","S","30","     0.0"," ","S","30"," -9999.0","M"," "," 0"," -9999.0","M"," "," 0"," -9999.0","M"," "," 0"
"USC00118740","07-22"," 40.0839"," -88.2403"," 219.8","CHAMPAIGN 3S, IL US","07","22","99","    75.2"," ","S","30","    85.1"," ","S","30","    65.2"," ","S","30","    19.8"," ","S","30","     5.0"," ","S","30","     5.8"," ","S","30","     5.2"," ","S","30","     4.4"," ","S","30","     0.0","X","S","30","     0.0"," ","S","30","     0.0"," ","S","30","     0.0"," ","S","30","     0.0"," ","S","30","     0.0"," ","S","30","     0.0"," ","S","30","    10.2"," ","S","30","    35.2"," ","S","30","    30.2"," ","S","30","    25.2"," ","S","30","    20.2"," ","S","30","    18.2"," ","S","30","    15.2"," ","S","30","     5.6"," ","S","30","     4.0"," ","S","30","    10.2"," ","S","30","    35.2"," ","S","30","    30.2"," ","S","30","    25.2"," ","S","30","    20.2"," ","S","30","    18.2"," ","S","30","    15.2"," ","S","30","     5.6"," ","S","30","     4.0"," ","S","30","    26.2"," ","S","30","    24.2"," ","S","30","    31.8"," ","S","30","    19.9"," ","S","30","    14.3"," ","S","30","     9.0"," ","S","30","     3.8"," ","S","30","     0.5"," ","S","30","     0.1"," ","S","30","     0.0"," ","S","30","    0.05"," ","S","30","    0.18"," ","S","30","    0.60"," ","S","30","    3.37"," ","S","30","   23.93"," ","S","30","     0.0"," ","S","30","     0.0"," ","S","30","     0.0"," ","S","30","     0.0"," ","S","30","     0.0"," ","S","30","     0.0"," ","S","30","     0.0"," ","S","30","     0.0"," ","S","30"," -9999.0","M"," "," 0"," -9999.0","M"," "," 0"," -9999.0","M"," "," 0","     0.0"," ","S","30","    15.1"," ","S","30","     0.0"," ","S","30","     0.0"," ","S","30","     0.0"," ","S","30","     0.0"," ","S","30","     0.0"," ","S","30","     0.0"," ","S","30","     0.0"," ","S","30"," -9999.0","M"," "," 0"," -9999.0","M"," "," 0"," -9999.0","M"," "," 0"
"USC00118740","07-23"," 40.0839"," -88.2403"," 219.8","CHAMPAIGN 3S, IL US","07","23","99","    75.1"," ","S","30","    85.0"," ","S","30","    65.2"," ","S","30","    19.8"," ","S","30","     5.0"," ","S","30","     5.8"," ","S","30","     5.2"," ","S","30","     4.4"," ","S","30","     0.0","X","S","30","     0.0"," ","S","30","     0.0"," ","S","30","     0.0"," ","S","30","     0.0"," ","S","30","     0.0"," ","S","30","     0.0"," ","S","30","    10.2"," ","S","30","    35.1"," ","S","30","    30.1"," ","S","30","    25.1"," ","S","30","    20.1"," ","S","30","    18.1"," ","S","30","    15.1"," ","S","30","     5.6"," ","S","30","     4.0"," ","S","30","    10.2"," ","S","30","    35.1"," ","S","30","    30.1"," ","S","30","    25.1"," ","S","30","    20.1"," ","S","30","    18.1"," ","S","30","    15.1"," ","S","30","     5.6"," ","S","30","     4.0"," ","S","30","    26.2"," ","S","30","    24.2"," ","S","30","    31.6"," ","S","30","    19.8"," ","S","30","    14.3"," ","S","30","     9.0"," ","S","30","     3.8"," ","S","30","     0.5"," ","S","30","     0.1"," ","S","30","     0.0"," ","S","30","    0.05"," ","S","30","    0.18"," ","S","30","    0.60"," ","S","30","    3.51"," ","S","30","   24.07"," ","S","30","     0.0"," ","S","30","     0.0"," ","S","30","     0.0"," ","S","30","     0.0"," ","S","30","     0.0"," ","S","30","     0.0"," ","S","30","     0.0"," ","S","30","     0.0"," ","S","30"," -9999.0","M"," "," 0"," -9999.0","M"," "," 0"," -9999.0","M"," "," 0","     0.0"," ","S","30","    15.1"," ","S","30","     0.0"," ","S","30","     0.0"," ","S","30","     0.0"," ","S","30","     0.0"," ","S","30","     0.0"," ","S","30","     0.0"," ","S","30","     0.0"," ","S","30"," -9999.0","M"," "," 0"," -9999.0","M"," "," 0"," -9999.0","M"," "," 0"
"USC00118740","07-24"," 40.0839"," -88.2403"," 219.8","CHAMPAIGN 3S, IL US","07","24","99","    75.1"," ","S","30","    85.0"," ","S","30","    65.2"," ","S","30","    19.8"," ","S","30","     5.0"," ","S","30","     5.7"," ","S","30","     5.2"," ","S","30","     4.4"," ","S","30","     0.0","X","S","30","     0.0"," ","S","30","     0.0"," ","S","30","     0.0"," ","S","30","     0.0"," ","S","30","     0.0"," ","S","30","     0.0"," ","S","30","    10.1"," ","S","30","    35.1"," ","S","30","    30.1"," ","S","30","    25.1"," ","S","30","    20.1"," ","S","30","    18.1"," ","S","30","    15.1"," ","S","30","     5.5"," ","S","30","     4.0"," ","S","30","    10.1"," ","S","30","    35.1"," ","S","30","    30.1"," ","S","30","    25.1"," ","S","30","    20.1"," ","S","30","    18.1"," ","S","30","    15.1"," ","S","30","     5.5"," ","S","30","     4.0"," ","S","30","    26.1"," ","S","30","    24.1"," ","S","30","    31.4"," ","S","30","    19.7"," ","S","30","    14.2"," ","S","30","     8.9"," ","S","30","     3.7"," ","S","30","     0.5"," ","S","30","     0.1"," ","S","30","     0.0"," ","S","30","    0.05"," ","S","30","    0.18"," ","S","30","    0.60"," ","S","30","    3.64"," ","S","30","   24.20"," ","S","30","     0.0"," ","S","30","     0.0"," ","S","30","     0.0"," ","S","30","     0.0"," ","S","30","     0.0"," ","S","30","     0.0"," ","S","30","     0.0"," ","S","30","     0.0"," ","S","30"," -9999.0","M"," "," 0"," -9999.0","M"," "," 0"," -9999.0","M"," "," 0","     0.0"," ","S","30","    15.1"," ","S","30","     0.0"," ","S","30","     0.0"," ","S","30","     0.0"," ","S","30","     0.0"," ","S","30","     0.0"," ","S","30","     0.0"," ","S","30","     0.0"," ","S","30"," -9999.0","M"," "," 0"," -9999.0","M"," "," 0"," -9999.0","M"," "," 0"
"USC00118740","07-25"," 40.0839"," -88.2403"," 219.8","CHAMPAIGN 3S, IL US","07","25","99","    75.0"," ","S","30","    84.9"," ","S","30","    65.2"," ","S","30","    19.8"," ","S","30","     5.0"," ","S","30","     5.8"," ","S","30","     5.2"," ","S","30","     4.4"," ","S","30","     0.0","X","S","30","     0.0"," ","S","30","     0.0"," ","S","30","     0.0"," ","S","30","     0.0"," ","S","30","     0.0"," ","S","30","     0.0"," ","S","30","    10.1"," ","S","30","    35.0"," ","S","30","    30.0"," ","S","30","    25.0"," ","S","30","    20.0"," ","S","30","    18.0"," ","S","30","    15.0"," ","S","30","     5.5"," ","S","30","     4.0"," ","S","30","    10.1"," ","S","30","    35.0"," ","S","30","    30.0"," ","S","30","    25.0"," ","S","30","    20.0"," ","S","30","    18.0"," ","S","30","    15.0"," ","S","30","     5.5"," ","S","30","     4.0"," ","S","30","    26.1"," ","S","30","    24.1"," ","S","30","    31.3"," ","S","30","    19.5"," ","S","30","    14.1"," ","S","30","     8.8"," ","S","30","     3.6"," ","S","30","     0.5"," ","S","30","     0.1"," ","S","30","     0.0"," ","S","30","    0.05"," ","S","30","    0.18"," ","S","30","    0.59"," ","S","30","    3.77"," ","S","30","   24.33"," ","S","30","     0.0"," ","S","30","     0.0"," ","S","30","     0.0"," ","S","30","     0.0"," ","S","30","     0.0"," ","S","30","     0.0"," ","S","30","     0.0"," ","S","30","     0.0"," ","S","30"," -9999.0","M"," "," 0"," -9999.0","M"," "," 0"," -9999.0","M"," "," 0","     0.0"," ","S","30","    15.1"," ","S","30","     0.0"," ","S","30","     0.0"," ","S","30","     0.0"," ","S","30","     0.0"," ","S","30","     0.0"," ","S","30","     0.0"," ","S","30","     0.0"," ","S","30"," -9999.0","M"," "," 0"," -9999.0","M"," "," 0"," -9999.0","M"," "," 0"
"USC00118740","07-26"," 40.0839"," -88.2403"," 219.8","CHAMPAIGN 3S, IL US","07","26","99","    75.0"," ","S","30","    84.9"," ","S","30","    65.1"," ","S","30","    19.8"," ","S","30","     5.0"," ","S","30","     5.8"," ","S","30","     5.2"," ","S","30","     4.4"," ","S","30","     0.0","X","S","30","     0.0"," ","S","30","     0.0"," ","S","30","     0.0"," ","S","30","     0.0"," ","S","30","     0.0"," ","S","30","     0.0"," ","S","30","    10.0"," ","S","30","    35.0"," ","S","30","    30.0"," ","S","30","    25.0"," ","S","30","    20.0"," ","S","30","    18.0"," ","S","30","    15.0"," ","S","30","     5.5"," ","S","30","     3.9"," ","S","30","    10.0"," ","S","30","    35.0"," ","S","30","    30.0"," ","S","30","    25.0"," ","S","30","    20.0"," ","S","30","    18.0"," ","S","30","    15.0"," ","S","30","     5.5"," ","S","30","     3.9"," ","S","30","    26.1"," ","S","30","    24.1"," ","S","30","    31.2"," ","S","30","    19.4"," ","S","30","    14.1"," ","S","30","     8.7"," ","S","30","     3.5"," ","S","30","     0.5"," ","S","30","     0.1"," ","S","30","     0.0"," ","S","30","    0.05"," ","S","30","    0.18"," ","S","30","    0.58"," ","S","30","    3.90"," ","S","30","   24.46"," ","S","30","     0.0"," ","S","30","     0.0"," ","S","30","     0.0"," ","S","30","     0.0"," ","S","30","     0.0"," ","S","30","     0.0"," ","S","30","     0.0"," ","S","30","     0.0"," ","S","30"," -9999.0","M"," "," 0"," -9999.0","M"," "," 0"," -9999.0","M"," "," 0","     0.0"," ","S","30","    15.1"," ","S","30","     0.0"," ","S","30","     0.0"," ","S","30","     0.0"," ","S","30","     0.0"," ","S","30","     0.0"," ","S","30","     0.0"," ","S","30","     0.0"," ","S","30"," -9999.0","M"," "," 0"," -9999.0","M"," "," 0"," -9999.0","M"," "," 0"
"USC00118740","07-27"," 40.0839"," -88.2403"," 219.8","CHAMPAIGN 3S, IL US","07","27","99","    75.0"," ","S","30","    84.8"," ","S","30","    65.1"," ","S","30","    19.7"," ","S","30","     5.1"," ","S","30","     5.8"," ","S","30","     5.3"," ","S","30","     4.4"," ","S","30","     0.0","X","S","30","     0.0"," ","S","30","     0.0"," ","S","30","     0.0"," ","S","30","     0.0"," ","S","30","     0.0"," ","S","30","     0.0"," ","S","30","    10.0"," ","S","30","    35.0"," ","S","30","    30.0"," ","S","30","    25.0"," ","S","30","    20.0"," ","S","30","    18.0"," ","S","30","    15.0"," ","S","30","     5.4"," ","S","30","     3.9"," ","S","30","    10.0"," ","S","30","    35.0"," ","S","30","    30.0"," ","S","30","    25.0"," ","S","30","    20.0"," ","S","30","    18.0"," ","S","30","    15.0"," ","S","30","     5.4"," ","S","30","     3.9"," ","S","30","    26.0"," ","S","30","    24.0"," ","S","30","    31.1"," ","S","30","    19.4"," ","S","30","    14.0"," ","S","30","     8.6"," ","S","30","     3.5"," ","S","30","     0.5"," ","S","30","     0.1"," ","S","30","     0.0"," ","S","30","    0.05"," ","S","30","    0.18"," ","S","30","    0.58"," ","S","30","    4.02"," ","S","30","   24.58"," ","S","30","     0.0"," ","S","30","     0.0"," ","S","30","     0.0"," ","S","30","     0.0"," ","S","30","     0.0"," ","S","30","     0.0"," ","S","30","     0.0"," ","S","30","     0.0"," ","S","30"," -9999.0","M"," "," 0"," -9999.0","M"," "," 0"," -9999.0","M"," "," 0","     0.0"," ","S","30","    15.1"," ","S","30","     0.0"," ","S","30","     0.0"," ","S","30","     0.0"," ","S","30","     0.0"," ","S","30","     0.0"," ","S","30","     0.0"," ","S","30","     0.0"," ","S","30"," -9999.0","M"," "," 0"," -9999.0","M"," "," 0"," -9999.0","M"," "," 0"
"USC00118740","07-28"," 40.0839"," -88.2403"," 219.8","CHAMPAIGN 3S, IL US","07","28","99","    74.9"," ","S","30","    84.8"," ","S","30","    65.1"," ","S","30","    19.7"," ","S","30","     5.1"," ","S","30","     5.8"," ","S","30","     5.3"," ","S","30","     4.4"," ","S","30","     0.0","X","S","30","     0.0"," ","S","30","     0.0"," ","S","30","     0.0"," ","S","30","     0.0"," ","S","30","     0.0"," ","S","30","     0.0"," ","S","30","    10.0"," ","S","30","    34.9"," ","S","30","    29.9"," ","S","30","    24.9"," ","S","30","    19.9"," ","S","30","    17.9"," ","S","30","    14.9"," ","S","30","     5.4"," ","S","30","     3.9"," ","S","30","    10.0"," ","S","30","    34.9"," ","S","30","    29.9"," ","S","30","    24.9"," ","S","30","    19.9"," ","S","30","    17.9"," ","S","30","    14.9"," ","S","30","     5.4"," ","S","30","     3.9"," ","S","30","    26.0"," ","S","30","    24.0"," ","S","30","    31.0"," ","S","30","    19.3"," ","S","30","    13.9"," ","S","30","     8.5"," ","S","30","     3.4"," ","S","30","     0.5"," ","S","30","     0.1"," ","S","30","     0.0"," ","S","30","    0.05"," ","S","30","    0.18"," ","S","30","    0.57"," ","S","30","    4.13"," ","S","30","   24.69"," ","S","30","     0.0"," ","S","30","     0.0"," ","S","30","     0.0"," ","S","30","     0.0"," ","S","30","     0.0"," ","S","30","     0.0"," ","S","30","     0.0"," ","S","30","     0.0"," ","S","30"," -9999.0","M"," "," 0"," -9999.0","M"," "," 0"," -9999.0","M"," "," 0","     0.0"," ","S","30","    15.1"," ","S","30","     0.0"," ","S","30","     0.0"," ","S","30","     0.0"," ","S","30","     0.0"," ","S","30","     0.0"," ","S","30","     0.0"," ","S","30","     0.0"," ","S","30"," -9999.0","M"," "," 0"," -9999.0","M"," "," 0"," -9999.0","M"," "," 0"
"USC00118740","07-29"," 40.0839"," -88.2403"," 219.8","CHAMPAIGN 3S, IL US","07","29","99","    74.9"," ","S","30","    84.8"," ","S","30","    65.1"," ","S","30","    19.7"," ","S","30","     5.1"," ","S","30","     5.8"," ","S","30","     5.3"," ","S","30","     4.5"," ","S","30","     0.0","X","S","30","     0.0"," ","S","30","     0.0"," ","S","30","     0.0"," ","S","30","     0.0"," ","S","30","     0.0"," ","S","30","     0.0"," ","S","30","     9.9"," ","S","30","    34.9"," ","S","30","    29.9"," ","S","30","    24.9"," ","S","30","    19.9"," ","S","30","    17.9"," ","S","30","    14.9"," ","S","30","     5.3"," ","S","30","     3.9"," ","S","30","     9.9"," ","S","30","    34.9"," ","S","30","    29.9"," ","S","30","    24.9"," ","S","30","    19.9"," ","S","30","    17.9"," ","S","30","    14.9"," ","S","30","     5.3"," ","S","30","     3.9"," ","S","30","    26.0"," ","S","30","    24.0"," ","S","30","    30.8"," ","S","30","    19.2"," ","S","30","    13.9"," ","S","30","     8.4"," ","S","30","     3.3"," ","S","30","     0.5"," ","S","30","     0.1"," ","S","30","     0.0"," ","S","30","    0.05"," ","S","30","    0.18"," ","S","30","    0.56"," ","S","30","    4.25"," ","S","30","   24.81"," ","S","30","     0.0"," ","S","30","     0.0"," ","S","30","     0.0"," ","S","30","     0.0"," ","S","30","     0.0"," ","S","30","     0.0"," ","S","30","     0.0"," ","S","30","     0.0"," ","S","30"," -9999.0","M"," "," 0"," -9999.0","M"," "," 0"," -9999.0","M"," "," 0","     0.0"," ","S","30","    15.1"," ","S","30","     0.0"," ","S","30","     0.0"," ","S","30","     0.0"," ","S","30","     0.0"," ","S","30","     0.0"," ","S","30","     0.0"," ","S","30","     0.0"," ","S","30"," -9999.0","M"," "," 0"," -9999.0","M"," "," 0"," -9999.0","M"," "," 0"
"USC00118740","07-30"," 40.0839"," -88.2403"," 219.8","CHAMPAIGN 3S, IL US","07","30","99","    74.9"," ","S","30","    84.7"," ","S","30","    65.0"," ","S","30","    19.7"," ","S","30","     5.1"," ","S","30","     5.8"," ","S","30","     5.3"," ","S","30","     4.5"," ","S","30","     0.0","X","S","30","     0.0"," ","S","30","     0.0"," ","S","30","     0.0"," ","S","30","     0.0"," ","S","30","     0.0"," ","S","30","     0.0"," ","S","30","     9.9"," ","S","30","    34.9"," ","S","30","    29.9"," ","S","30","    24.9"," ","S","30","    19.9"," ","S","30","    17.9"," ","S","30","    14.9"," ","S","30","     5.3"," ","S","30","     3.8"," ","S","30","     9.9"," ","S","30","    34.9"," ","S","30","    29.9"," ","S","30","    24.9"," ","S","30","    19.9"," ","S","30","    17.9"," ","S","30","    14.9"," ","S","30","     5.3"," ","S","30","     3.8"," ","S","30","    26.0"," ","S","30","    24.0"," ","S","30","    30.7"," ","S","30","    19.1"," ","S","30","    13.8"," ","S","30","     8.3"," ","S","30","     3.2"," ","S","30","     0.5"," ","S","30","     0.1"," ","S","30","     0.0"," ","S","30","    0.05"," ","S","30","    0.18"," ","S","30","    0.56"," ","S","30","    4.37"," ","S","30","   24.93"," ","S","30","     0.0"," ","S","30","     0.0"," ","S","30","     0.0"," ","S","30","     0.0"," ","S","30","     0.0"," ","S","30","     0.0"," ","S","30","     0.0"," ","S","30","     0.0"," ","S","30"," -9999.0","M"," "," 0"," -9999.0","M"," "," 0"," -9999.0","M"," "," 0","     0.0"," ","S","30","    15.1"," ","S","30","     0.0"," ","S","30","     0.0"," ","S","30","     0.0"," ","S","30","     0.0"," ","S","30","     0.0"," ","S","30","     0.0"," ","S","30","     0.0"," ","S","30"," -9999.0","M"," "," 0"," -9999.0","M"," "," 0"," -9999.0","M"," "," 0"
"USC00118740","07-31"," 40.0839"," -88.2403"," 219.8","CHAMPAIGN 3S, IL US","07","31","99","    74.8"," ","S","30","    84.7"," ","S","30","    65.0"," ","S","30","    19.7"," ","S","30","     5.1"," ","S","30","     5.8"," ","S","30","     5.3"," ","S","30","     4.5"," ","S","30","     0.0","X","S","30","     0.0"," ","S","30","     0.0"," ","S","30","     0.0"," ","S","30","     0.0"," ","S","30","     0.0"," ","S","30","     0.0"," ","S","30","     9.9"," ","S","30","    34.8"," ","S","30","    29.8"," ","S","30","    24.8"," ","S","30","    19.8"," ","S","30","    17.8"," ","S","30","    14.8"," ","S","30","     5.3"," ","S","30","     3.8"," ","S","30","     9.9"," ","S","30","    34.8"," ","S","30","    29.8"," ","S","30","    24.8"," ","S","30","    19.8"," ","S","30","    17.8"," ","S","30","    14.8"," ","S","30","     5.3"," ","S","30","     3.8"," ","S","30","    26.0"," ","S","30","    24.0"," ","S","30","    30.5"," ","S","30","    19.0"," ","S","30","    13.7"," ","S","30","     8.2"," ","S","30","     3.2"," ","S","30","     0.5"," ","S","30","     0.1"," ","S","30","     0.0"," ","S","30","    0.05"," ","S","30","    0.18"," ","S","30","    0.55"," ","S","30","    4.49"," ","S","30","   25.05"," ","S","30","     0.0"," ","S","30","     0.0"," ","S","30","     0.0"," ","S","30","     0.0"," ","S","30","     0.0"," ","S","30","     0.0"," ","S","30","     0.0"," ","S","30","     0.0"," ","S","30"," -9999.0","M"," "," 0"," -9999.0","M"," "," 0"," -9999.0","M"," "," 0","     0.0"," ","S","30","    15.1"," ","S","30","     0.0"," ","S","30","     0.0"," ","S","30","     0.0"," ","S","30","     0.0"," ","S","30","     0.0"," ","S","30","     0.0"," ","S","30","     0.0"," ","S","30"," -9999.0","M"," "," 0"," -9999.0","M"," "," 0"," -9999.0","M"," "," 0"
"USC00118740","08-01"," 40.0839"," -88.2403"," 219.8","CHAMPAIGN 3S, IL US","08","01","99","    74.8"," ","S","30","    84.6"," ","S","30","    65.0"," ","S","30","    19.7"," ","S","30","     5.1"," ","S","30","     5.8"," ","S","30","     5.4"," ","S","30","     4.5"," ","S","30","     0.0","X","S","30","     0.0"," ","S","30","     0.0"," ","S","30","     0.0"," ","S","30","     0.0"," ","S","30","     0.0"," ","S","30","     0.0","X","S","30","     9.8"," ","S","30","    34.8"," ","S","30","    29.8"," ","S","30","    24.8"," ","S","30","    19.8"," ","S","30","    17.8"," ","S","30","    14.8"," ","S","30","     5.3"," ","S","30","     3.8"," ","S","30","     9.8"," ","S","30","    34.8"," ","S","30","    29.8"," ","S","30","    24.8"," ","S","30","    19.8"," ","S","30","    17.8"," ","S","30","    14.8"," ","S","30","     5.3"," ","S","30","     3.8"," ","S","30","    26.0"," ","S","30","    24.0"," ","S","30","    30.4"," ","S","30","    18.9"," ","S","30","    13.6"," ","S","30","     8.1"," ","S","30","     3.1"," ","S","30","     0.5"," ","S","30","     0.1"," ","S","30","     0.0"," ","S","30","    0.05"," ","S","30","    0.18"," ","S","30","    0.54"," ","S","30","    0.11"," ","S","30","   25.16"," ","S","30","     0.0"," ","S","30","     0.0"," ","S","30","     0.0"," ","S","30","     0.0"," ","S","30","     0.0"," ","S","30","     0.0"," ","S","30","     0.0"," ","S","30","     0.0"," ","S","30"," -9999.0","M"," "," 0"," -9999.0","M"," "," 0"," -9999.0","M"," "," 0","     0.0"," ","S","30","    15.1"," ","S","30","     0.0"," ","S","30","     0.0"," ","S","30","     0.0"," ","S","30","     0.0"," ","S","30","     0.0"," ","S","30","     0.0"," ","S","30","     0.0"," ","S","30"," -9999.0","M"," "," 0"," -9999.0","M"," "," 0"," -9999.0","M"," "," 0"
"USC00118740","08-02"," 40.0839"," -88.2403"," 219.8","CHAMPAIGN 3S, IL US","08","02","99","    74.8"," ","S","30","    84.6"," ","S","30","    64.9"," ","S","30","    19.7"," ","S","30","     5.1"," ","S","30","     5.8"," ","S","30","     5.4"," ","S","30","     4.6"," ","S","30","     0.0","X","S","30","     0.0"," ","S","30","     0.0"," ","S","30","     0.0"," ","S","30","     0.0"," ","S","30","     0.0"," ","S","30","     0.0","X","S","30","     9.8"," ","S","30","    34.8"," ","S","30","    29.8"," ","S","30","    24.8"," ","S","30","    19.8"," ","S","30","    17.8"," ","S","30","    14.8"," ","S","30","     5.2"," ","S","30","     3.7"," ","S","30","     9.8"," ","S","30","    34.8"," ","S","30","    29.8"," ","S","30","    24.8"," ","S","30","    19.8"," ","S","30","    17.8"," ","S","30","    14.8"," ","S","30","     5.2"," ","S","30","     3.7"," ","S","30","    25.9"," ","S","30","    23.9"," ","S","30","    30.4"," ","S","30","    18.8"," ","S","30","    13.6"," ","S","30","     8.0"," ","S","30","     3.0"," ","S","30","     0.6"," ","S","30","     0.1"," ","S","30","     0.0"," ","S","30","    0.05"," ","S","30","    0.18"," ","S","30","    0.53"," ","S","30","    0.21"," ","S","30","   25.26"," ","S","30","     0.0"," ","S","30","     0.0"," ","S","30","     0.0"," ","S","30","     0.0"," ","S","30","     0.0"," ","S","30","     0.0"," ","S","30","     0.0"," ","S","30","     0.0"," ","S","30"," -9999.0","M"," "," 0"," -9999.0","M"," "," 0"," -9999.0","M"," "," 0","     0.0"," ","S","30","    15.1"," ","S","30","     0.0"," ","S","30","     0.0"," ","S","30","     0.0"," ","S","30","     0.0"," ","S","30","     0.0"," ","S","30","     0.0"," ","S","30","     0.0"," ","S","30"," -9999.0","M"," "," 0"," -9999.0","M"," "," 0"," -9999.0","M"," "," 0"
"USC00118740","08-03"," 40.0839"," -88.2403"," 219.8","CHAMPAIGN 3S, IL US","08","03","99","    74.7"," ","S","30","    84.6"," ","S","30","    64.9"," ","S","30","    19.7"," ","S","30","     5.1"," ","S","30","     5.8"," ","S","30","     5.4"," ","S","30","     4.6"," ","S","30","     0.0","X","S","30","     0.0"," ","S","30","     0.0"," ","S","30","     0.0"," ","S","30","     0.0"," ","S","30","     0.0"," ","S","30","     0.0","X","S","30","     9.8"," ","S","30","    34.7"," ","S","30","    29.7"," ","S","30","    24.7"," ","S","30","    19.7"," ","S","30","    17.7"," ","S","30","    14.7"," ","S","30","     5.2"," ","S","30","     3.7"," ","S","30","     9.8"," ","S","30","    34.7"," ","S","30","    29.7"," ","S","30","    24.7"," ","S","30","    19.7"," ","S","30","    17.7"," ","S","30","    14.7"," ","S","30","     5.2"," ","S","30","     3.7"," ","S","30","    25.9"," ","S","30","    23.9"," ","S","30","    30.3"," ","S","30","    18.7"," ","S","30","    13.5"," ","S","30","     7.9"," ","S","30","     3.0"," ","S","30","     0.6"," ","S","30","     0.1"," ","S","30","     0.0"," ","S","30","    0.05"," ","S","30","    0.18"," ","S","30","    0.53"," ","S","30","    0.32"," ","S","30","   25.37"," ","S","30","     0.0"," ","S","30","     0.0"," ","S","30","     0.0"," ","S","30","     0.0"," ","S","30","     0.0"," ","S","30","     0.0"," ","S","30","     0.0"," ","S","30","     0.0"," ","S","30"," -9999.0","M"," "," 0"," -9999.0","M"," "," 0"," -9999.0","M"," "," 0","     0.0"," ","S","30","    15.1"," ","S","30","     0.0"," ","S","30","     0.0"," ","S","30","     0.0"," ","S","30","     0.0"," ","S","30","     0.0"," ","S","30","     0.0"," ","S","30","     0.0"," ","S","30"," -9999.0","M"," "," 0"," -9999.0","M"," "," 0"," -9999.0","M"," "," 0"
"USC00118740","08-04"," 40.0839"," -88.2403"," 219.8","CHAMPAIGN 3S, IL US","08","04","99","    74.7"," ","S","30","    84.5"," ","S","30","    64.8"," ","S","30","    19.7"," ","S","30","     5.1"," ","S","30","     5.8"," ","S","30","     5.4"," ","S","30","     4.6"," ","S","30","     0.0","X","S","30","     0.0"," ","S","30","     0.0"," ","S","30","     0.0"," ","S","30","     0.0"," ","S","30","     0.0"," ","S","30","     0.0","X","S","30","     9.7"," ","S","30","    34.7"," ","S","30","    29.7"," ","S","30","    24.7"," ","S","30","    19.7"," ","S","30","    17.7"," ","S","30","    14.7"," ","S","30","     5.2"," ","S","30","     3.7"," ","S","30","     9.7"," ","S","30","    34.7"," ","S","30","    29.7"," ","S","30","    24.7"," ","S","30","    19.7"," ","S","30","    17.7"," ","S","30","    14.7"," ","S","30","     5.2"," ","S","30","     3.7"," ","S","30","    25.9"," ","S","30","    23.9"," ","S","30","    30.2"," ","S","30","    18.6"," ","S","30","    13.4"," ","S","30","     7.9"," ","S","30","     2.9"," ","S","30","     0.6"," ","S","30","     0.1"," ","S","30","     0.0"," ","S","30","    0.05"," ","S","30","    0.17"," ","S","30","    0.52"," ","S","30","    0.43"," ","S","30","   25.48"," ","S","30","     0.0"," ","S","30","     0.0"," ","S","30","     0.0"," ","S","30","     0.0"," ","S","30","     0.0"," ","S","30","     0.0"," ","S","30","     0.0"," ","S","30","     0.0"," ","S","30"," -9999.0","M"," "," 0"," -9999.0","M"," "," 0"," -9999.0","M"," "," 0","     0.0"," ","S","30","    15.1"," ","S","30","     0.0"," ","S","30","     0.0"," ","S","30","     0.0"," ","S","30","     0.0"," ","S","30","     0.0"," ","S","30","     0.0"," ","S","30","     0.0"," ","S","30"," -9999.0","M"," "," 0"," -9999.0","M"," "," 0"," -9999.0","M"," "," 0"
"USC00118740","08-05"," 40.0839"," -88.2403"," 219.8","CHAMPAIGN 3S, IL US","08","05","99","    74.6"," ","S","30","    84.5"," ","S","30","    64.8"," ","S","30","    19.7"," ","S","30","     5.1"," ","S","30","     5.8"," ","S","30","     5.4"," ","S","30","     4.6"," ","S","30","     0.0","X","S","30","     0.0"," ","S","30","     0.0"," ","S","30","     0.0"," ","S","30","     0.0"," ","S","30","     0.0"," ","S","30","     0.0","X","S","30","     9.7"," ","S","30","    34.6"," ","S","30","    29.6"," ","S","30","    24.6"," ","S","30","    19.6"," ","S","30","    17.6"," ","S","30","    14.6"," ","S","30","     5.1"," ","S","30","     3.6"," ","S","30","     9.7"," ","S","30","    34.6"," ","S","30","    29.6"," ","S","30","    24.6"," ","S","30","    19.6"," ","S","30","    17.6"," ","S","30","    14.6"," ","S","30","     5.1"," ","S","30","     3.6"," ","S","30","    25.8"," ","S","30","    23.8"," ","S","30","    30.1"," ","S","30","    18.5"," ","S","30","    13.3"," ","S","30","     7.8"," ","S","30","     2.9"," ","S","30","     0.6"," ","S","30","     0.1"," ","S","30","     0.0"," ","S","30","    0.05"," ","S","30","    0.17"," ","S","30","    0.52"," ","S","30","    0.55"," ","S","30","   25.60"," ","S","30","     0.0"," ","S","30","     0.0"," ","S","30","     0.0"," ","S","30","     0.0"," ","S","30","     0.0"," ","S","30","     0.0"," ","S","30","     0.0"," ","S","30","     0.0"," ","S","30"," -9999.0","M"," "," 0"," -9999.0","M"," "," 0"," -9999.0","M"," "," 0","     0.0"," ","S","30","    15.1"," ","S","30","     0.0"," ","S","30","     0.0"," ","S","30","     0.0"," ","S","30","     0.0"," ","S","30","     0.0"," ","S","30","     0.0"," ","S","30","     0.0"," ","S","30"," -9999.0","M"," "," 0"," -9999.0","M"," "," 0"," -9999.0","M"," "," 0"
"USC00118740","08-06"," 40.0839"," -88.2403"," 219.8","CHAMPAIGN 3S, IL US","08","06","99","    74.6"," ","S","30","    84.5"," ","S","30","    64.7"," ","S","30","    19.7"," ","S","30","     5.0"," ","S","30","     5.7"," ","S","30","     5.4"," ","S","30","     4.7"," ","S","30","     0.0","X","S","30","     0.0"," ","S","30","     0.0"," ","S","30","     0.0"," ","S","30","     0.0"," ","S","30","     0.0"," ","S","30","     0.0","X","S","30","     9.6"," ","S","30","    34.6"," ","S","30","    29.6"," ","S","30","    24.6"," ","S","30","    19.6"," ","S","30","    17.6"," ","S","30","    14.6"," ","S","30","     5.1"," ","S","30","     3.6"," ","S","30","     9.6"," ","S","30","    34.6"," ","S","30","    29.6"," ","S","30","    24.6"," ","S","30","    19.6"," ","S","30","    17.6"," ","S","30","    14.6"," ","S","30","     5.1"," ","S","30","     3.6"," ","S","30","    25.8"," ","S","30","    23.8"," ","S","30","    30.0"," ","S","30","    18.5"," ","S","30","    13.2"," ","S","30","     7.8"," ","S","30","     2.9"," ","S","30","     0.6"," ","S","30","     0.1"," ","S","30","     0.0"," ","S","30","    0.05"," ","S","30","    0.17"," ","S","30","    0.52"," ","S","30","    0.66"," ","S","30","   25.71"," ","S","30","     0.0"," ","S","30","     0.0"," ","S","30","     0.0"," ","S","30","     0.0"," ","S","30","     0.0"," ","S","30","     0.0"," ","S","30","     0.0"," ","S","30","     0.0"," ","S","30"," -9999.0","M"," "," 0"," -9999.0","M"," "," 0"," -9999.0","M"," "," 0","     0.0"," ","S","30","    15.1"," ","S","30","     0.0"," ","S","30","     0.0"," ","S","30","     0.0"," ","S","30","     0.0"," ","S","30","     0.0"," ","S","30","     0.0"," ","S","30","     0.0"," ","S","30"," -9999.0","M"," "," 0"," -9999.0","M"," "," 0"," -9999.0","M"," "," 0"
"USC00118740","08-07"," 40.0839"," -88.2403"," 219.8","CHAMPAIGN 3S, IL US","08","07","99","    74.6"," ","S","30","    84.4"," ","S","30","    64.7"," ","S","30","    19.7"," ","S","30","     5.0"," ","S","30","     5.7"," ","S","30","     5.4"," ","S","30","     4.7"," ","S","30","     0.1"," ","S","30","     0.0"," ","S","30","     0.0"," ","S","30","     0.0"," ","S","30","     0.0"," ","S","30","     0.0"," ","S","30","     0.0","X","S","30","     9.6"," ","S","30","    34.6"," ","S","30","    29.6"," ","S","30","    24.6"," ","S","30","    19.6"," ","S","30","    17.6"," ","S","30","    14.6"," ","S","30","     5.1"," ","S","30","     3.6"," ","S","30","     9.6"," ","S","30","    34.6"," ","S","30","    29.6"," ","S","30","    24.6"," ","S","30","    19.6"," ","S","30","    17.6"," ","S","30","    14.6"," ","S","30","     5.1"," ","S","30","     3.6"," ","S","30","    25.8"," ","S","30","    23.8"," ","S","30","    29.9"," ","S","30","    18.4"," ","S","30","    13.1"," ","S","30","     7.7"," ","S","30","     2.9"," ","S","30","     0.6"," ","S","30","     0.1"," ","S","30","     0.0"," ","S","30","    0.05"," ","S","30","    0.17"," ","S","30","    0.52"," ","S","30","    0.76"," ","S","30","   25.81"," ","S","30","     0.0"," ","S","30","     0.0"," ","S","30","     0.0"," ","S","30","     0.0"," ","S","30","     0.0"," ","S","30","     0.0"," ","S","30","     0.0"," ","S","30","     0.0"," ","S","30"," -9999.0","M"," "," 0"," -9999.0","M"," "," 0"," -9999.0","M"," "," 0","     0.0"," ","S","30","    15.1"," ","S","30","     0.0"," ","S","30","     0.0"," ","S","30","     0.0"," ","S","30","     0.0"," ","S","30","     0.0"," ","S","30","     0.0"," ","S","30","     0.0"," ","S","30"," -9999.0","M"," "," 0"," -9999.0","M"," "," 0"," -9999.0","M"," "," 0"
"USC00118740","08-08"," 40.0839"," -88.2403"," 219.8","CHAMPAIGN 3S, IL US","08","08","99","    74.5"," ","S","30","    84.4"," ","S","30","    64.6"," ","S","30","    19.8"," ","S","30","     5.0"," ","S","30","     5.7"," ","S","30","     5.4"," ","S","30","     4.7"," ","S","30","     0.1"," ","S","30","     0.0"," ","S","30","     0.0"," ","S","30","     0.0"," ","S","30","     0.0"," ","S","30","     0.0"," ","S","30","     0.0","X","S","30","     9.6"," ","S","30","    34.5"," ","S","30","    29.5"," ","S","30","    24.5"," ","S","30","    19.5"," ","S","30","    17.5"," ","S","30","    14.5"," ","S","30","     5.1"," ","S","30","     3.6"," ","S","30","     9.6"," ","S","30","    34.5"," ","S","30","    29.5"," ","S","30","    24.5"," ","S","30","    19.5"," ","S","30","    17.5"," ","S","30","    14.5"," ","S","30","     5.1"," ","S","30","     3.6"," ","S","30","    25.7"," ","S","30","    23.7"," ","S","30","    29.8"," ","S","30","    18.3"," ","S","30","    13.1"," ","S","30","     7.7"," ","S","30","     2.9"," ","S","30","     0.7"," ","S","30","     0.1"," ","S","30","     0.0"," ","S","30","    0.05"," ","S","30","    0.17"," ","S","30","    0.51"," ","S","30","    0.87"," ","S","30","   25.92"," ","S","30","     0.0"," ","S","30","     0.0"," ","S","30","     0.0"," ","S","30","     0.0"," ","S","30","     0.0"," ","S","30","     0.0"," ","S","30","     0.0"," ","S","30","     0.0"," ","S","30"," -9999.0","M"," "," 0"," -9999.0","M"," "," 0"," -9999.0","M"," "," 0","     0.0"," ","S","30","    15.1"," ","S","30","     0.0"," ","S","30","     0.0"," ","S","30","     0.0"," ","S","30","     0.0"," ","S","30","     0.0"," ","S","30","     0.0"," ","S","30","     0.0"," ","S","30"," -9999.0","M"," "," 0"," -9999.0","M"," "," 0"," -9999.0","M"," "," 0"
"USC00118740","08-09"," 40.0839"," -88.2403"," 219.8","CHAMPAIGN 3S, IL US","08","09","99","    74.5"," ","S","30","    84.4"," ","S","30","    64.6"," ","S","30","    19.8"," ","S","30","     5.0"," ","S","30","     5.7"," ","S","30","     5.4"," ","S","30","     4.7"," ","S","30","     0.1"," ","S","30","     0.0"," ","S","30","     0.0"," ","S","30","     0.0"," ","S","30","     0.0"," ","S","30","     0.0"," ","S","30","     0.0","X","S","30","     9.5"," ","S","30","    34.5"," ","S","30","    29.5"," ","S","30","    24.5"," ","S","30","    19.5"," ","S","30","    17.5"," ","S","30","    14.5"," ","S","30","     5.0"," ","S","30","     3.6"," ","S","30","     9.5"," ","S","30","    34.5"," ","S","30","    29.5"," ","S","30","    24.5"," ","S","30","    19.5"," ","S","30","    17.5"," ","S","30","    14.5"," ","S","30","     5.0"," ","S","30","     3.6"," ","S","30","    25.7"," ","S","30","    23.7"," ","S","30","    29.8"," ","S","30","    18.3"," ","S","30","    13.0"," ","S","30","     7.6"," ","S","30","     2.9"," ","S","30","     0.7"," ","S","30","     0.1"," ","S","30","     0.0"," ","S","30","    0.05"," ","S","30","    0.17"," ","S","30","    0.51"," ","S","30","    0.98"," ","S","30","   26.03"," ","S","30","     0.0"," ","S","30","     0.0"," ","S","30","     0.0"," ","S","30","     0.0"," ","S","30","     0.0"," ","S","30","     0.0"," ","S","30","     0.0"," ","S","30","     0.0"," ","S","30"," -9999.0","M"," "," 0"," -9999.0","M"," "," 0"," -9999.0","M"," "," 0","     0.0"," ","S","30","    15.1"," ","S","30","     0.0"," ","S","30","     0.0"," ","S","30","     0.0"," ","S","30","     0.0"," ","S","30","     0.0"," ","S","30","     0.0"," ","S","30","     0.0"," ","S","30"," -9999.0","M"," "," 0"," -9999.0","M"," "," 0"," -9999.0","M"," "," 0"
"USC00118740","08-10"," 40.0839"," -88.2403"," 219.8","CHAMPAIGN 3S, IL US","08","10","99","    74.4"," ","S","30","    84.3"," ","S","30","    64.5"," ","S","30","    19.8"," ","S","30","     5.0"," ","S","30","     5.7"," ","S","30","     5.4"," ","S","30","     4.8"," ","S","30","     0.1"," ","S","30","     0.0"," ","S","30","     0.0"," ","S","30","     0.0"," ","S","30","     0.0"," ","S","30","     0.0"," ","S","30","     0.0","X","S","30","     9.5"," ","S","30","    34.4"," ","S","30","    29.4"," ","S","30","    24.4"," ","S","30","    19.4"," ","S","30","    17.4"," ","S","30","    14.4"," ","S","30","     5.0"," ","S","30","     3.5"," ","S","30","     9.5"," ","S","30","    34.4"," ","S","30","    29.4"," ","S","30","    24.4"," ","S","30","    19.4"," ","S","30","    17.4"," ","S","30","    14.4"," ","S","30","     5.0"," ","S","30","     3.5"," ","S","30","    25.7"," ","S","30","    23.7"," ","S","30","    29.7"," ","S","30","    18.3"," ","S","30","    12.9"," ","S","30","     7.6"," ","S","30","     2.9"," ","S","30","     0.7"," ","S","30","     0.1"," ","S","30","     0.0"," ","S","30","    0.05"," ","S","30","    0.17"," ","S","30","    0.51"," ","S","30","    1.09"," ","S","30","   26.14"," ","S","30","     0.0"," ","S","30","     0.0"," ","S","30","     0.0"," ","S","30","     0.0"," ","S","30","     0.0"," ","S","30","     0.0"," ","S","30","     0.0"," ","S","30","     0.0"," ","S","30"," -9999.0","M"," "," 0"," -9999.0","M"," "," 0"," -9999.0","M"," "," 0","     0.0"," ","S","30","    15.1"," ","S","30","     0.0"," ","S","30","     0.0"," ","S","30","     0.0"," ","S","30","     0.0"," ","S","30","     0.0"," ","S","30","     0.0"," ","S","30","     0.0"," ","S","30"," -9999.0","M"," "," 0"," -9999.0","M"," "," 0"," -9999.0","M"," "," 0"
"USC00118740","08-11"," 40.0839"," -88.2403"," 219.8","CHAMPAIGN 3S, IL US","08","11","99","    74.4"," ","S","30","    84.3"," ","S","30","    64.4"," ","S","30","    19.9"," ","S","30","     5.0"," ","S","30","     5.7"," ","S","30","     5.4"," ","S","30","     4.8"," ","S","30","     0.1"," ","S","30","     0.0"," ","S","30","     0.0"," ","S","30","     0.0"," ","S","30","     0.0"," ","S","30","     0.0"," ","S","30","     0.0","X","S","30","     9.4"," ","S","30","    34.4"," ","S","30","    29.4"," ","S","30","    24.4"," ","S","30","    19.4"," ","S","30","    17.4"," ","S","30","    14.4"," ","S","30","     4.9"," ","S","30","     3.5"," ","S","30","     9.4"," ","S","30","    34.4"," ","S","30","    29.4"," ","S","30","    24.4"," ","S","30","    19.4"," ","S","30","    17.4"," ","S","30","    14.4"," ","S","30","     4.9"," ","S","30","     3.5"," ","S","30","    25.6"," ","S","30","    23.6"," ","S","30","    29.6"," ","S","30","    18.3"," ","S","30","    12.9"," ","S","30","     7.6"," ","S","30","     3.0"," ","S","30","     0.7"," ","S","30","     0.1"," ","S","30","     0.0"," ","S","30","    0.05"," ","S","30","    0.17"," ","S","30","    0.51"," ","S","30","    1.20"," ","S","30","   26.25"," ","S","30","     0.0"," ","S","30","     0.0"," ","S","30","     0.0"," ","S","30","     0.0"," ","S","30","     0.0"," ","S","30","     0.0"," ","S","30","     0.0"," ","S","30","     0.0"," ","S","30"," -9999.0","M"," "," 0"," -9999.0","M"," "," 0"," -9999.0","M"," "," 0","     0.0"," ","S","30","    15.1"," ","S","30","     0.0"," ","S","30","     0.0"," ","S","30","     0.0"," ","S","30","     0.0"," ","S","30","     0.0"," ","S","30","     0.0"," ","S","30","     0.0"," ","S","30"," -9999.0","M"," "," 0"," -9999.0","M"," "," 0"," -9999.0","M"," "," 0"
"USC00118740","08-12"," 40.0839"," -88.2403"," 219.8","CHAMPAIGN 3S, IL US","08","12","99","    74.3"," ","S","30","    84.3"," ","S","30","    64.3"," ","S","30","    19.9"," ","S","30","     5.0"," ","S","30","     5.7"," ","S","30","     5.4"," ","S","30","     4.8"," ","S","30","     0.1"," ","S","30","     0.0"," ","S","30","     0.0"," ","S","30","     0.0"," ","S","30","     0.0"," ","S","30","     0.0"," ","S","30","     0.0","X","S","30","     9.4"," ","S","30","    34.3"," ","S","30","    29.3"," ","S","30","    24.3"," ","S","30","    19.3"," ","S","30","    17.3"," ","S","30","    14.3"," ","S","30","     4.9"," ","S","30","     3.4"," ","S","30","     9.4"," ","S","30","    34.3"," ","S","30","    29.3"," ","S","30","    24.3"," ","S","30","    19.3"," ","S","30","    17.3"," ","S","30","    14.3"," ","S","30","     4.9"," ","S","30","     3.4"," ","S","30","    25.6"," ","S","30","    23.6"," ","S","30","    29.6"," ","S","30","    18.3"," ","S","30","    12.9"," ","S","30","     7.6"," ","S","30","     3.0"," ","S","30","     0.8"," ","S","30","     0.1"," ","S","30","     0.0"," ","S","30","    0.05"," ","S","30","    0.17"," ","S","30","    0.51"," ","S","30","    1.31"," ","S","30","   26.36"," ","S","30","     0.0"," ","S","30","     0.0"," ","S","30","     0.0"," ","S","30","     0.0"," ","S","30","     0.0"," ","S","30","     0.0"," ","S","30","     0.0"," ","S","30","     0.0"," ","S","30"," -9999.0","M"," "," 0"," -9999.0","M"," "," 0"," -9999.0","M"," "," 0","     0.0"," ","S","30","    15.1"," ","S","30","     0.0"," ","S","30","     0.0"," ","S","30","     0.0"," ","S","30","     0.0"," ","S","30","     0.0"," ","S","30","     0.0"," ","S","30","     0.0"," ","S","30"," -9999.0","M"," "," 0"," -9999.0","M"," "," 0"," -9999.0","M"," "," 0"
"USC00118740","08-13"," 40.0839"," -88.2403"," 219.8","CHAMPAIGN 3S, IL US","08","13","99","    74.3"," ","S","30","    84.2"," ","S","30","    64.3"," ","S","30","    20.0"," ","S","30","     5.0"," ","S","30","     5.7"," ","S","30","     5.4"," ","S","30","     4.9"," ","S","30","     0.1"," ","S","30","     0.0"," ","S","30","     0.0"," ","S","30","     0.0"," ","S","30","     0.0"," ","S","30","     0.0"," ","S","30","     0.0","X","S","30","     9.3"," ","S","30","    34.2"," ","S","30","    29.2"," ","S","30","    24.2"," ","S","30","    19.2"," ","S","30","    17.2"," ","S","30","    14.3"," ","S","30","     4.8"," ","S","30","     3.3"," ","S","30","     9.3"," ","S","30","    34.2"," ","S","30","    29.2"," ","S","30","    24.2"," ","S","30","    19.2"," ","S","30","    17.2"," ","S","30","    14.3"," ","S","30","     4.8"," ","S","30","     3.3"," ","S","30","    25.5"," ","S","30","    23.5"," ","S","30","    29.5"," ","S","30","    18.3"," ","S","30","    13.0"," ","S","30","     7.7"," ","S","30","     3.1"," ","S","30","     0.8"," ","S","30","     0.1"," ","S","30","     0.0"," ","S","30","    0.05"," ","S","30","    0.17"," ","S","30","    0.52"," ","S","30","    1.41"," ","S","30","   26.46"," ","S","30","     0.0"," ","S","30","     0.0"," ","S","30","     0.0"," ","S","30","     0.0"," ","S","30","     0.0"," ","S","30","     0.0"," ","S","30","     0.0"," ","S","30","     0.0"," ","S","30"," -9999.0","M"," "," 0"," -9999.0","M"," "," 0"," -9999.0","M"," "," 0","     0.0"," ","S","30","    15.1"," ","S","30","     0.0"," ","S","30","     0.0"," ","S","30","     0.0"," ","S","30","     0.0"," ","S","30","     0.0"," ","S","30","     0.0"," ","S","30","     0.0"," ","S","30"," -9999.0","M"," "," 0"," -9999.0","M"," "," 0"," -9999.0","M"," "," 0"
"USC00118740","08-14"," 40.0839"," -88.2403"," 219.8","CHAMPAIGN 3S, IL US","08","14","99","    74.2"," ","S","30","    84.2"," ","S","30","    64.2"," ","S","30","    20.1"," ","S","30","     5.0"," ","S","30","     5.7"," ","S","30","     5.4"," ","S","30","     4.9"," ","S","30","     0.1"," ","S","30","     0.0"," ","S","30","     0.0"," ","S","30","     0.0"," ","S","30","     0.0"," ","S","30","     0.0"," ","S","30","     0.0","X","S","30","     9.2"," ","S","30","    34.2"," ","S","30","    29.2"," ","S","30","    24.2"," ","S","30","    19.2"," ","S","30","    17.2"," ","S","30","    14.2"," ","S","30","     4.7"," ","S","30","     3.3"," ","S","30","     9.2"," ","S","30","    34.2"," ","S","30","    29.2"," ","S","30","    24.2"," ","S","30","    19.2"," ","S","30","    17.2"," ","S","30","    14.2"," ","S","30","     4.7"," ","S","30","     3.3"," ","S","30","    25.5"," ","S","30","    23.5"," ","S","30","    29.5"," ","S","30","    18.4"," ","S","30","    13.0"," ","S","30","     7.7"," ","S","30","     3.1"," ","S","30","     0.8"," ","S","30","     0.1"," ","S","30","     0.0"," ","S","30","    0.05"," ","S","30","    0.17"," ","S","30","    0.52"," ","S","30","    1.52"," ","S","30","   26.57"," ","S","30","     0.0"," ","S","30","     0.0"," ","S","30","     0.0"," ","S","30","     0.0"," ","S","30","     0.0"," ","S","30","     0.0"," ","S","30","     0.0"," ","S","30","     0.0"," ","S","30"," -9999.0","M"," "," 0"," -9999.0","M"," "," 0"," -9999.0","M"," "," 0","     0.0"," ","S","30","    15.1"," ","S","30","     0.0"," ","S","30","     0.0"," ","S","30","     0.0"," ","S","30","     0.0"," ","S","30","     0.0"," ","S","30","     0.0"," ","S","30","     0.0"," ","S","30"," -9999.0","M"," "," 0"," -9999.0","M"," "," 0"," -9999.0","M"," "," 0"
"USC00118740","08-15"," 40.0839"," -88.2403"," 219.8","CHAMPAIGN 3S, IL US","08","15","99","    74.1"," ","S","30","    84.2"," ","S","30","    64.1"," ","S","30","    20.1"," ","S","30","     5.0"," ","S","30","     5.7"," ","S","30","     5.4"," ","S","30","     4.9"," ","S","30","     0.1"," ","S","30","     0.0"," ","S","30","     0.0"," ","S","30","     0.0"," ","S","30","     0.0"," ","S","30","     0.0"," ","S","30","     0.0","X","S","30","     9.2"," ","S","30","    34.1"," ","S","30","    29.1"," ","S","30","    24.1"," ","S","30","    19.1"," ","S","30","    17.1"," ","S","30","    14.1"," ","S","30","     4.7"," ","S","30","     3.2"," ","S","30","     9.2"," ","S","30","    34.1"," ","S","30","    29.1"," ","S","30","    24.1"," ","S","30","    19.1"," ","S","30","    17.1"," ","S","30","    14.1"," ","S","30","     4.7"," ","S","30","     3.2"," ","S","30","    25.4"," ","S","30","    23.4"," ","S","30","    29.4"," ","S","30","    18.5"," ","S","30","    13.0"," ","S","30","     7.7"," ","S","30","     3.1"," ","S","30","     0.8"," ","S","30","     0.1"," ","S","30","     0.0"," ","S","30","    0.05"," ","S","30","    0.18"," ","S","30","    0.52"," ","S","30","    1.63"," ","S","30","   26.68"," ","S","30","     0.0"," ","S","30","     0.0"," ","S","30","     0.0"," ","S","30","     0.0"," ","S","30","     0.0"," ","S","30","     0.0"," ","S","30","     0.0"," ","S","30","     0.0"," ","S","30"," -9999.0","M"," "," 0"," -9999.0","M"," "," 0"," -9999.0","M"," "," 0","     0.0"," ","S","30","    15.1"," ","S","30","     0.0"," ","S","30","     0.0"," ","S","30","     0.0"," ","S","30","     0.0"," ","S","30","     0.0"," ","S","30","     0.0"," ","S","30","     0.0"," ","S","30"," -9999.0","M"," "," 0"," -9999.0","M"," "," 0"," -9999.0","M"," "," 0"
"USC00118740","08-16"," 40.0839"," -88.2403"," 219.8","CHAMPAIGN 3S, IL US","08","16","99","    74.0"," ","S","30","    84.1"," ","S","30","    63.9"," ","S","30","    20.2"," ","S","30","     5.0"," ","S","30","     5.8"," ","S","30","     5.4"," ","S","30","     5.0"," ","S","30","     0.1"," ","S","30","     0.0"," ","S","30","     0.0"," ","S","30","     0.0"," ","S","30","     0.0"," ","S","30","     0.0"," ","S","30","     0.0","X","S","30","     9.1"," ","S","30","    34.0"," ","S","30","    29.0"," ","S","30","    24.0"," ","S","30","    19.0"," ","S","30","    17.0"," ","S","30","    14.0"," ","S","30","     4.6"," ","S","30","     3.2"," ","S","30","     9.1"," ","S","30","    34.0"," ","S","30","    29.0"," ","S","30","    24.0"," ","S","30","    19.0"," ","S","30","    17.0"," ","S","30","    14.0"," ","S","30","     4.6"," ","S","30","     3.2"," ","S","30","    25.3"," ","S","30","    23.3"," ","S","30","    29.3"," ","S","30","    18.5"," ","S","30","    13.0"," ","S","30","     7.8"," ","S","30","     3.2"," ","S","30","     0.9"," ","S","30","     0.1"," ","S","30","     0.0"," ","S","30","    0.05"," ","S","30","    0.18"," ","S","30","    0.53"," ","S","30","    1.74"," ","S","30","   26.79"," ","S","30","     0.0"," ","S","30","     0.0"," ","S","30","     0.0"," ","S","30","     0.0"," ","S","30","     0.0"," ","S","30","     0.0"," ","S","30","     0.0"," ","S","30","     0.0"," ","S","30"," -9999.0","M"," "," 0"," -9999.0","M"," "," 0"," -9999.0","M"," "," 0","     0.0"," ","S","30","    15.1"," ","S","30","     0.0"," ","S","30","     0.0"," ","S","30","     0.0"," ","S","30","     0.0"," ","S","30","     0.0"," ","S","30","     0.0"," ","S","30","     0.0"," ","S","30"," -9999.0","M"," "," 0"," -9999.0","M"," "," 0"," -9999.0","M"," "," 0"
"USC00118740","08-17"," 40.0839"," -88.2403"," 219.8","CHAMPAIGN 3S, IL US","08","17","99","    74.0"," ","S","30","    84.1"," ","S","30","    63.8"," ","S","30","    20.3"," ","S","30","     5.0"," ","S","30","     5.8"," ","S","30","     5.4"," ","S","30","     5.0"," ","S","30","     0.1"," ","S","30","     0.0"," ","S","30","     0.0"," ","S","30","     0.0"," ","S","30","     0.0"," ","S","30","     0.0"," ","S","30","     0.0","X","S","30","     9.0"," ","S","30","    34.0"," ","S","30","    29.0"," ","S","30","    24.0"," ","S","30","    19.0"," ","S","30","    17.0"," ","S","30","    14.0"," ","S","30","     4.6"," ","S","30","     3.1"," ","S","30","     9.0"," ","S","30","    34.0"," ","S","30","    29.0"," ","S","30","    24.0"," ","S","30","    19.0"," ","S","30","    17.0"," ","S","30","    14.0"," ","S","30","     4.6"," ","S","30","     3.1"," ","S","30","    25.3"," ","S","30","    23.3"," ","S","30","    29.3"," ","S","30","    18.6"," ","S","30","    13.1"," ","S","30","     7.8"," ","S","30","     3.2"," ","S","30","     0.9"," ","S","30","     0.1"," ","S","30","     0.0"," ","S","30","    0.05"," ","S","30","    0.18"," ","S","30","    0.53"," ","S","30","    1.85"," ","S","30","   26.90"," ","S","30","     0.0"," ","S","30","     0.0"," ","S","30","     0.0"," ","S","30","     0.0"," ","S","30","     0.0"," ","S","30","     0.0"," ","S","30","     0.0"," ","S","30","     0.0"," ","S","30"," -9999.0","M"," "," 0"," -9999.0","M"," "," 0"," -9999.0","M"," "," 0","     0.0"," ","S","30","    15.1"," ","S","30","     0.0"," ","S","30","     0.0"," ","S","30","     0.0"," ","S","30","     0.0"," ","S","30","     0.0"," ","S","30","     0.0"," ","S","30","     0.0"," ","S","30"," -9999.0","M"," "," 0"," -9999.0","M"," "," 0"," -9999.0","M"," "," 0"
"USC00118740","08-18"," 40.0839"," -88.2403"," 219.8","CHAMPAIGN 3S, IL US","08","18","99","    73.9"," ","S","30","    84.0"," ","S","30","    63.7"," ","S","30","    20.4"," ","S","30","     5.0"," ","S","30","     5.8"," ","S","30","     5.4"," ","S","30","     5.0"," ","S","30","     0.1"," ","S","30","     0.0"," ","S","30","     0.0"," ","S","30","     0.0"," ","S","30","     0.0"," ","S","30","     0.0"," ","S","30","     0.0","X","S","30","     8.9"," ","S","30","    33.9"," ","S","30","    28.9"," ","S","30","    23.9"," ","S","30","    18.9"," ","S","30","    16.9"," ","S","30","    13.9"," ","S","30","     4.5"," ","S","30","     3.1"," ","S","30","     8.9"," ","S","30","    33.9"," ","S","30","    28.9"," ","S","30","    23.9"," ","S","30","    18.9"," ","S","30","    16.9"," ","S","30","    13.9"," ","S","30","     4.5"," ","S","30","     3.1"," ","S","30","    25.2"," ","S","30","    23.2"," ","S","30","    29.2"," ","S","30","    18.6"," ","S","30","    13.0"," ","S","30","     7.8"," ","S","30","     3.3"," ","S","30","     0.9"," ","S","30","     0.1"," ","S","30","     0.0"," ","S","30","    0.06"," ","S","30","    0.18"," ","S","30","    0.53"," ","S","30","    1.97"," ","S","30","   27.02"," ","S","30","     0.0"," ","S","30","     0.0"," ","S","30","     0.0"," ","S","30","     0.0"," ","S","30","     0.0"," ","S","30","     0.0"," ","S","30","     0.0"," ","S","30","     0.0"," ","S","30"," -9999.0","M"," "," 0"," -9999.0","M"," "," 0"," -9999.0","M"," "," 0","     0.0"," ","S","30","    15.1"," ","S","30","     0.0"," ","S","30","     0.0"," ","S","30","     0.0"," ","S","30","     0.0"," ","S","30","     0.0"," ","S","30","     0.0"," ","S","30","     0.0"," ","S","30"," -9999.0","M"," "," 0"," -9999.0","M"," "," 0"," -9999.0","M"," "," 0"
"USC00118740","08-19"," 40.0839"," -88.2403"," 219.8","CHAMPAIGN 3S, IL US","08","19","99","    73.8"," ","S","30","    84.0"," ","S","30","    63.6"," ","S","30","    20.4"," ","S","30","     5.0"," ","S","30","     5.9"," ","S","30","     5.4"," ","S","30","     5.1"," ","S","30","     0.1"," ","S","30","     0.0"," ","S","30","     0.0"," ","S","30","     0.0"," ","S","30","     0.0"," ","S","30","     0.0"," ","S","30","     0.0","X","S","30","     8.8"," ","S","30","    33.8"," ","S","30","    28.8"," ","S","30","    23.8"," ","S","30","    18.8"," ","S","30","    16.8"," ","S","30","    13.8"," ","S","30","     4.4"," ","S","30","     3.0"," ","S","30","     8.8"," ","S","30","    33.8"," ","S","30","    28.8"," ","S","30","    23.8"," ","S","30","    18.8"," ","S","30","    16.8"," ","S","30","    13.8"," ","S","30","     4.4"," ","S","30","     3.0"," ","S","30","    25.1"," ","S","30","    23.1"," ","S","30","    29.1"," ","S","30","    18.6"," ","S","30","    13.0"," ","S","30","     7.9"," ","S","30","     3.3"," ","S","30","     0.9"," ","S","30","     0.1"," ","S","30","     0.0"," ","S","30","    0.06"," ","S","30","    0.18"," ","S","30","    0.53"," ","S","30","    2.09"," ","S","30","   27.14"," ","S","30","     0.0"," ","S","30","     0.0"," ","S","30","     0.0"," ","S","30","     0.0"," ","S","30","     0.0"," ","S","30","     0.0"," ","S","30","     0.0"," ","S","30","     0.0"," ","S","30"," -9999.0","M"," "," 0"," -9999.0","M"," "," 0"," -9999.0","M"," "," 0","     0.0"," ","S","30","    15.1"," ","S","30","     0.0"," ","S","30","     0.0"," ","S","30","     0.0"," ","S","30","     0.0"," ","S","30","     0.0"," ","S","30","     0.0"," ","S","30","     0.0"," ","S","30"," -9999.0","M"," "," 0"," -9999.0","M"," "," 0"," -9999.0","M"," "," 0"
"USC00118740","08-20"," 40.0839"," -88.2403"," 219.8","CHAMPAIGN 3S, IL US","08","20","99","    73.7"," ","S","30","    83.9"," ","S","30","    63.4"," ","S","30","    20.5"," ","S","30","     5.1"," ","S","30","     5.9"," ","S","30","     5.4"," ","S","30","     5.1"," ","S","30","     0.1"," ","S","30","     0.0"," ","S","30","     0.0"," ","S","30","     0.0"," ","S","30","     0.0"," ","S","30","     0.0"," ","S","30","     0.0","X","S","30","     8.7"," ","S","30","    33.7"," ","S","30","    28.7"," ","S","30","    23.7"," ","S","30","    18.7"," ","S","30","    16.7"," ","S","30","    13.7"," ","S","30","     4.3"," ","S","30","     2.9"," ","S","30","     8.7"," ","S","30","    33.7"," ","S","30","    28.7"," ","S","30","    23.7"," ","S","30","    18.7"," ","S","30","    16.7"," ","S","30","    13.7"," ","S","30","     4.3"," ","S","30","     2.9"," ","S","30","    25.0"," ","S","30","    23.0"," ","S","30","    29.0"," ","S","30","    18.6"," ","S","30","    13.0"," ","S","30","     7.8"," ","S","30","     3.3"," ","S","30","     0.9"," ","S","30","     0.1"," ","S","30","     0.0"," ","S","30","    0.06"," ","S","30","    0.18"," ","S","30","    0.53"," ","S","30","    2.21"," ","S","30","   27.26"," ","S","30","     0.0"," ","S","30","     0.0"," ","S","30","     0.0"," ","S","30","     0.0"," ","S","30","     0.0"," ","S","30","     0.0"," ","S","30","     0.0"," ","S","30","     0.0"," ","S","30"," -9999.0","M"," "," 0"," -9999.0","M"," "," 0"," -9999.0","M"," "," 0","     0.0"," ","S","30","    15.1"," ","S","30","     0.0"," ","S","30","     0.0"," ","S","30","     0.0"," ","S","30","     0.0"," ","S","30","     0.0"," ","S","30","     0.0"," ","S","30","     0.0"," ","S","30"," -9999.0","M"," "," 0"," -9999.0","M"," "," 0"," -9999.0","M"," "," 0"
"USC00118740","08-21"," 40.0839"," -88.2403"," 219.8","CHAMPAIGN 3S, IL US","08","21","99","    73.6"," ","S","30","    83.9"," ","S","30","    63.2"," ","S","30","    20.6"," ","S","30","     5.1"," ","S","30","     6.0"," ","S","30","     5.4"," ","S","30","     5.2"," ","S","30","     0.1"," ","S","30","     0.0"," ","S","30","     0.0"," ","S","30","     0.0"," ","S","30","     0.0"," ","S","30","     0.0"," ","S","30","     0.0","X","S","30","     8.6"," ","S","30","    33.6"," ","S","30","    28.6"," ","S","30","    23.6"," ","S","30","    18.6"," ","S","30","    16.6"," ","S","30","    13.6"," ","S","30","     4.2"," ","S","30","     2.8"," ","S","30","     8.6"," ","S","30","    33.6"," ","S","30","    28.6"," ","S","30","    23.6"," ","S","30","    18.6"," ","S","30","    16.6"," ","S","30","    13.6"," ","S","30","     4.2"," ","S","30","     2.8"," ","S","30","    24.9"," ","S","30","    22.9"," ","S","30","    28.9"," ","S","30","    18.6"," ","S","30","    12.9"," ","S","30","     7.8"," ","S","30","     3.4"," ","S","30","     1.0"," ","S","30","     0.1"," ","S","30","     0.0"," ","S","30","    0.06"," ","S","30","    0.18"," ","S","30","    0.53"," ","S","30","    2.32"," ","S","30","   27.37"," ","S","30","     0.0"," ","S","30","     0.0"," ","S","30","     0.0"," ","S","30","     0.0"," ","S","30","     0.0"," ","S","30","     0.0"," ","S","30","     0.0"," ","S","30","     0.0"," ","S","30"," -9999.0","M"," "," 0"," -9999.0","M"," "," 0"," -9999.0","M"," "," 0","     0.0"," ","S","30","    15.1"," ","S","30","     0.0"," ","S","30","     0.0"," ","S","30","     0.0"," ","S","30","     0.0"," ","S","30","     0.0"," ","S","30","     0.0"," ","S","30","     0.0"," ","S","30"," -9999.0","M"," "," 0"," -9999.0","M"," "," 0"," -9999.0","M"," "," 0"
"USC00118740","08-22"," 40.0839"," -88.2403"," 219.8","CHAMPAIGN 3S, IL US","08","22","99","    73.4"," ","S","30","    83.8"," ","S","30","    63.1"," ","S","30","    20.7"," ","S","30","     5.1"," ","S","30","     6.0"," ","S","30","     5.4"," ","S","30","     5.2"," ","S","30","     0.1"," ","S","30","     0.0"," ","S","30","     0.0"," ","S","30","     0.0"," ","S","30","     0.0"," ","S","30","     0.0"," ","S","30","     0.0","X","S","30","     8.5"," ","S","30","    33.4"," ","S","30","    28.4"," ","S","30","    23.4"," ","S","30","    18.4"," ","S","30","    16.4"," ","S","30","    13.4"," ","S","30","     4.2"," ","S","30","     2.8"," ","S","30","     8.5"," ","S","30","    33.4"," ","S","30","    28.4"," ","S","30","    23.4"," ","S","30","    18.4"," ","S","30","    16.4"," ","S","30","    13.4"," ","S","30","     4.2"," ","S","30","     2.8"," ","S","30","    24.8"," ","S","30","    22.8"," ","S","30","    28.8"," ","S","30","    18.7"," ","S","30","    12.9"," ","S","30","     7.8"," ","S","30","     3.4"," ","S","30","     1.0"," ","S","30","     0.1"," ","S","30","     0.0"," ","S","30","    0.06"," ","S","30","    0.18"," ","S","30","    0.53"," ","S","30","    2.44"," ","S","30","   27.49"," ","S","30","     0.0"," ","S","30","     0.0"," ","S","30","     0.0"," ","S","30","     0.0"," ","S","30","     0.0"," ","S","30","     0.0"," ","S","30","     0.0"," ","S","30","     0.0"," ","S","30"," -9999.0","M"," "," 0"," -9999.0","M"," "," 0"," -9999.0","M"," "," 0","     0.0"," ","S","30","    15.1"," ","S","30","     0.0"," ","S","30","     0.0"," ","S","30","     0.0"," ","S","30","     0.0"," ","S","30","     0.0"," ","S","30","     0.0"," ","S","30","     0.0"," ","S","30"," -9999.0","M"," "," 0"," -9999.0","M"," "," 0"," -9999.0","M"," "," 0"
"USC00118740","08-23"," 40.0839"," -88.2403"," 219.8","CHAMPAIGN 3S, IL US","08","23","99","    73.3"," ","S","30","    83.7"," ","S","30","    62.9"," ","S","30","    20.8"," ","S","30","     5.1"," ","S","30","     6.1"," ","S","30","     5.4"," ","S","30","     5.3"," ","S","30","     0.1"," ","S","30","     0.0"," ","S","30","     0.0"," ","S","30","     0.0"," ","S","30","     0.0"," ","S","30","     0.0"," ","S","30","     0.0","X","S","30","     8.4"," ","S","30","    33.3"," ","S","30","    28.3"," ","S","30","    23.3"," ","S","30","    18.3"," ","S","30","    16.3"," ","S","30","    13.3"," ","S","30","     4.1"," ","S","30","     2.7"," ","S","30","     8.4"," ","S","30","    33.3"," ","S","30","    28.3"," ","S","30","    23.3"," ","S","30","    18.3"," ","S","30","    16.3"," ","S","30","    13.3"," ","S","30","     4.1"," ","S","30","     2.7"," ","S","30","    24.7"," ","S","30","    22.7"," ","S","30","    28.7"," ","S","30","    18.7"," ","S","30","    12.9"," ","S","30","     7.8"," ","S","30","     3.5"," ","S","30","     1.0"," ","S","30","     0.1"," ","S","30","     0.0"," ","S","30","    0.06"," ","S","30","    0.19"," ","S","30","    0.53"," ","S","30","    2.56"," ","S","30","   27.61"," ","S","30","     0.0"," ","S","30","     0.0"," ","S","30","     0.0"," ","S","30","     0.0"," ","S","30","     0.0"," ","S","30","     0.0"," ","S","30","     0.0"," ","S","30","     0.0"," ","S","30"," -9999.0","M"," "," 0"," -9999.0","M"," "," 0"," -9999.0","M"," "," 0","     0.0"," ","S","30","    15.1"," ","S","30","     0.0"," ","S","30","     0.0"," ","S","30","     0.0"," ","S","30","     0.0"," ","S","30","     0.0"," ","S","30","     0.0"," ","S","30","     0.0"," ","S","30"," -9999.0","M"," "," 0"," -9999.0","M"," "," 0"," -9999.0","M"," "," 0"
"USC00118740","08-24"," 40.0839"," -88.2403"," 219.8","CHAMPAIGN 3S, IL US","08","24","99","    73.2"," ","S","30","    83.7"," ","S","30","    62.7"," ","S","30","    21.0"," ","S","30","     5.2"," ","S","30","     6.1"," ","S","30","     5.5"," ","S","30","     5.3"," ","S","30","     0.1"," ","S","30","     0.0"," ","S","30","     0.0"," ","S","30","     0.0"," ","S","30","     0.0"," ","S","30","     0.0"," ","S","30","     0.0","X","S","30","     8.3"," ","S","30","    33.2"," ","S","30","    28.2"," ","S","30","    23.2"," ","S","30","    18.2"," ","S","30","    16.2"," ","S","30","    13.2"," ","S","30","     4.0"," ","S","30","     2.6"," ","S","30","     8.3"," ","S","30","    33.2"," ","S","30","    28.2"," ","S","30","    23.2"," ","S","30","    18.2"," ","S","30","    16.2"," ","S","30","    13.2"," ","S","30","     4.0"," ","S","30","     2.6"," ","S","30","    24.5"," ","S","30","    22.5"," ","S","30","    28.6"," ","S","30","    18.7"," ","S","30","    12.8"," ","S","30","     7.8"," ","S","30","     3.5"," ","S","30","     1.0"," ","S","30","     0.1"," ","S","30","     0.0"," ","S","30","    0.06"," ","S","30","    0.19"," ","S","30","    0.54"," ","S","30","    2.68"," ","S","30","   27.73"," ","S","30","     0.0"," ","S","30","     0.0"," ","S","30","     0.0"," ","S","30","     0.0"," ","S","30","     0.0"," ","S","30","     0.0"," ","S","30","     0.0"," ","S","30","     0.0"," ","S","30"," -9999.0","M"," "," 0"," -9999.0","M"," "," 0"," -9999.0","M"," "," 0","     0.0"," ","S","30","    15.1"," ","S","30","     0.0"," ","S","30","     0.0"," ","S","30","     0.0"," ","S","30","     0.0"," ","S","30","     0.0"," ","S","30","     0.0"," ","S","30","     0.0"," ","S","30"," -9999.0","M"," "," 0"," -9999.0","M"," "," 0"," -9999.0","M"," "," 0"
"USC00118740","08-25"," 40.0839"," -88.2403"," 219.8","CHAMPAIGN 3S, IL US","08","25","99","    73.0"," ","S","30","    83.6"," ","S","30","    62.5"," ","S","30","    21.1"," ","S","30","     5.2"," ","S","30","     6.2"," ","S","30","     5.5"," ","S","30","     5.4"," ","S","30","     0.1"," ","S","30","     0.0"," ","S","30","     0.0"," ","S","30","     0.0"," ","S","30","     0.0"," ","S","30","     0.0"," ","S","30","     0.0","X","S","30","     8.2"," ","S","30","    33.0"," ","S","30","    28.0"," ","S","30","    23.0"," ","S","30","    18.0"," ","S","30","    16.0"," ","S","30","    13.0"," ","S","30","     3.9"," ","S","30","     2.6"," ","S","30","     8.2"," ","S","30","    33.0"," ","S","30","    28.0"," ","S","30","    23.0"," ","S","30","    18.0"," ","S","30","    16.0"," ","S","30","    13.0"," ","S","30","     3.9"," ","S","30","     2.6"," ","S","30","    24.4"," ","S","30","    22.4"," ","S","30","    28.4"," ","S","30","    18.7"," ","S","30","    12.8"," ","S","30","     7.8"," ","S","30","     3.6"," ","S","30","     1.0"," ","S","30","     0.1"," ","S","30","     0.0"," ","S","30","    0.06"," ","S","30","    0.19"," ","S","30","    0.54"," ","S","30","    2.80"," ","S","30","   27.85"," ","S","30","     0.0"," ","S","30","     0.0"," ","S","30","     0.0"," ","S","30","     0.0"," ","S","30","     0.0"," ","S","30","     0.0"," ","S","30","     0.0"," ","S","30","     0.0"," ","S","30"," -9999.0","M"," "," 0"," -9999.0","M"," "," 0"," -9999.0","M"," "," 0","     0.0"," ","S","30","    15.1"," ","S","30","     0.0"," ","S","30","     0.0"," ","S","30","     0.0"," ","S","30","     0.0"," ","S","30","     0.0"," ","S","30","     0.0"," ","S","30","     0.0"," ","S","30"," -9999.0","M"," "," 0"," -9999.0","M"," "," 0"," -9999.0","M"," "," 0"
"USC00118740","08-26"," 40.0839"," -88.2403"," 219.8","CHAMPAIGN 3S, IL US","08","26","99","    72.9"," ","S","30","    83.5"," ","S","30","    62.3"," ","S","30","    21.2"," ","S","30","     5.3"," ","S","30","     6.3"," ","S","30","     5.5"," ","S","30","     5.4"," ","S","30","     0.2"," ","S","30","     0.0"," ","S","30","     0.0"," ","S","30","     0.0"," ","S","30","     0.0"," ","S","30","     0.0"," ","S","30","     0.0","X","S","30","     8.0"," ","S","30","    32.9"," ","S","30","    27.9"," ","S","30","    22.9"," ","S","30","    17.9"," ","S","30","    15.9"," ","S","30","    12.9"," ","S","30","     3.8"," ","S","30","     2.5"," ","S","30","     8.0"," ","S","30","    32.9"," ","S","30","    27.9"," ","S","30","    22.9"," ","S","30","    17.9"," ","S","30","    15.9"," ","S","30","    12.9"," ","S","30","     3.8"," ","S","30","     2.5"," ","S","30","    24.2"," ","S","30","    22.2"," ","S","30","    28.3"," ","S","30","    18.7"," ","S","30","    12.7"," ","S","30","     7.8"," ","S","30","     3.6"," ","S","30","     1.0"," ","S","30","     0.1"," ","S","30","     0.0"," ","S","30","    0.06"," ","S","30","    0.19"," ","S","30","    0.54"," ","S","30","    2.93"," ","S","30","   27.98"," ","S","30","     0.0"," ","S","30","     0.0"," ","S","30","     0.0"," ","S","30","     0.0"," ","S","30","     0.0"," ","S","30","     0.0"," ","S","30","     0.0"," ","S","30","     0.0"," ","S","30"," -9999.0","M"," "," 0"," -9999.0","M"," "," 0"," -9999.0","M"," "," 0","     0.0"," ","S","30","    15.1"," ","S","30","     0.0"," ","S","30","     0.0"," ","S","30","     0.0"," ","S","30","     0.0"," ","S","30","     0.0"," ","S","30","     0.0"," ","S","30","     0.0"," ","S","30"," -9999.0","M"," "," 0"," -9999.0","M"," "," 0"," -9999.0","M"," "," 0"
"USC00118740","08-27"," 40.0839"," -88.2403"," 219.8","CHAMPAIGN 3S, IL US","08","27","99","    72.7"," ","S","30","    83.4"," ","S","30","    62.1"," ","S","30","    21.3"," ","S","30","     5.3"," ","S","30","     6.4"," ","S","30","     5.6"," ","S","30","     5.5"," ","S","30","     0.2"," ","S","30","     0.0"," ","S","30","     0.0"," ","S","30","     0.0"," ","S","30","     0.0"," ","S","30","     0.0"," ","S","30","     0.0","X","S","30","     7.9"," ","S","30","    32.7"," ","S","30","    27.7"," ","S","30","    22.7"," ","S","30","    17.7"," ","S","30","    15.7"," ","S","30","    12.7"," ","S","30","     3.7"," ","S","30","     2.4"," ","S","30","     7.9"," ","S","30","    32.7"," ","S","30","    27.7"," ","S","30","    22.7"," ","S","30","    17.7"," ","S","30","    15.7"," ","S","30","    12.7"," ","S","30","     3.7"," ","S","30","     2.4"," ","S","30","    24.0"," ","S","30","    22.1"," ","S","30","    28.2"," ","S","30","    18.6"," ","S","30","    12.7"," ","S","30","     7.9"," ","S","30","     3.6"," ","S","30","     1.1"," ","S","30","     0.1"," ","S","30","     0.0"," ","S","30","    0.06"," ","S","30","    0.19"," ","S","30","    0.54"," ","S","30","    3.05"," ","S","30","   28.10"," ","S","30","     0.0"," ","S","30","     0.0"," ","S","30","     0.0"," ","S","30","     0.0"," ","S","30","     0.0"," ","S","30","     0.0"," ","S","30","     0.0"," ","S","30","     0.0"," ","S","30"," -9999.0","M"," "," 0"," -9999.0","M"," "," 0"," -9999.0","M"," "," 0","     0.0"," ","S","30","    15.1"," ","S","30","     0.0"," ","S","30","     0.0"," ","S","30","     0.0"," ","S","30","     0.0"," ","S","30","     0.0"," ","S","30","     0.0"," ","S","30","     0.0"," ","S","30"," -9999.0","M"," "," 0"," -9999.0","M"," "," 0"," -9999.0","M"," "," 0"
"USC00118740","08-28"," 40.0839"," -88.2403"," 219.8","CHAMPAIGN 3S, IL US","08","28","99","    72.5"," ","S","30","    83.3"," ","S","30","    61.8"," ","S","30","    21.4"," ","S","30","     5.4"," ","S","30","     6.4"," ","S","30","     5.6"," ","S","30","     5.5"," ","S","30","     0.2"," ","S","30","     0.0"," ","S","30","     0.0"," ","S","30","     0.0"," ","S","30","     0.0"," ","S","30","     0.0","X","S","30","     0.0","X","S","30","     7.7"," ","S","30","    32.5"," ","S","30","    27.5"," ","S","30","    22.5"," ","S","30","    17.5"," ","S","30","    15.5"," ","S","30","    12.5"," ","S","30","     3.6"," ","S","30","     2.4"," ","S","30","     7.7"," ","S","30","    32.5"," ","S","30","    27.5"," ","S","30","    22.5"," ","S","30","    17.5"," ","S","30","    15.5"," ","S","30","    12.5"," ","S","30","     3.6"," ","S","30","     2.4"," ","S","30","    23.9"," ","S","30","    21.9"," ","S","30","    28.1"," ","S","30","    18.6"," ","S","30","    12.7"," ","S","30","     7.9"," ","S","30","     3.7"," ","S","30","     1.1"," ","S","30","     0.1"," ","S","30","     0.0"," ","S","30","    0.06"," ","S","30","    0.19"," ","S","30","    0.55"," ","S","30","    3.17"," ","S","30","   28.22"," ","S","30","     0.0"," ","S","30","     0.0"," ","S","30","     0.0"," ","S","30","     0.0"," ","S","30","     0.0"," ","S","30","     0.0"," ","S","30","     0.0"," ","S","30","     0.0"," ","S","30"," -9999.0","M"," "," 0"," -9999.0","M"," "," 0"," -9999.0","M"," "," 0","     0.0"," ","S","30","    15.1"," ","S","30","     0.0"," ","S","30","     0.0"," ","S","30","     0.0"," ","S","30","     0.0"," ","S","30","     0.0"," ","S","30","     0.0"," ","S","30","     0.0"," ","S","30"," -9999.0","M"," "," 0"," -9999.0","M"," "," 0"," -9999.0","M"," "," 0"
"USC00118740","08-29"," 40.0839"," -88.2403"," 219.8","CHAMPAIGN 3S, IL US","08","29","99","    72.3"," ","S","30","    83.1"," ","S","30","    61.6"," ","S","30","    21.6"," ","S","30","     5.4"," ","S","30","     6.5"," ","S","30","     5.6"," ","S","30","     5.6"," ","S","30","     0.3"," ","S","30","     0.0"," ","S","30","     0.0"," ","S","30","     0.0"," ","S","30","     0.0"," ","S","30","     0.0","X","S","30","     0.0","X","S","30","     7.6"," ","S","30","    32.3"," ","S","30","    27.3"," ","S","30","    22.3"," ","S","30","    17.3"," ","S","30","    15.3"," ","S","30","    12.4"," ","S","30","     3.6"," ","S","30","     2.3"," ","S","30","     7.6"," ","S","30","    32.3"," ","S","30","    27.3"," ","S","30","    22.3"," ","S","30","    17.3"," ","S","30","    15.3"," ","S","30","    12.4"," ","S","30","     3.6"," ","S","30","     2.3"," ","S","30","    23.7"," ","S","30","    21.7"," ","S","30","    28.0"," ","S","30","    18.6"," ","S","30","    12.7"," ","S","30","     7.9"," ","S","30","     3.7"," ","S","30","     1.1"," ","S","30","     0.0"," ","S","30","     0.0"," ","S","30","    0.06"," ","S","30","    0.19"," ","S","30","    0.55"," ","S","30","    3.30"," ","S","30","   28.35"," ","S","30","     0.0"," ","S","30","     0.0"," ","S","30","     0.0"," ","S","30","     0.0"," ","S","30","     0.0"," ","S","30","     0.0"," ","S","30","     0.0"," ","S","30","     0.0"," ","S","30"," -9999.0","M"," "," 0"," -9999.0","M"," "," 0"," -9999.0","M"," "," 0","     0.0"," ","S","30","    15.1"," ","S","30","     0.0"," ","S","30","     0.0"," ","S","30","     0.0"," ","S","30","     0.0"," ","S","30","     0.0"," ","S","30","     0.0"," ","S","30","     0.0"," ","S","30"," -9999.0","M"," "," 0"," -9999.0","M"," "," 0"," -9999.0","M"," "," 0"
"USC00118740","08-30"," 40.0839"," -88.2403"," 219.8","CHAMPAIGN 3S, IL US","08","30","99","    72.2"," ","S","30","    83.0"," ","S","30","    61.3"," ","S","30","    21.7"," ","S","30","     5.5"," ","S","30","     6.6"," ","S","30","     5.7"," ","S","30","     5.6"," ","S","30","     0.3"," ","S","30","     0.0"," ","S","30","     0.0"," ","S","30","     0.0"," ","S","30","     0.0"," ","S","30","     0.0","X","S","30","     0.0","X","S","30","     7.4"," ","S","30","    32.1"," ","S","30","    27.1"," ","S","30","    22.1"," ","S","30","    17.1"," ","S","30","    15.1"," ","S","30","    12.2"," ","S","30","     3.5"," ","S","30","     2.2"," ","S","30","     7.4"," ","S","30","    32.1"," ","S","30","    27.1"," ","S","30","    22.1"," ","S","30","    17.1"," ","S","30","    15.1"," ","S","30","    12.2"," ","S","30","     3.5"," ","S","30","     2.2"," ","S","30","    23.5"," ","S","30","    21.5"," ","S","30","    27.9"," ","S","30","    18.6"," ","S","30","    12.7"," ","S","30","     7.9"," ","S","30","     3.7"," ","S","30","     1.1"," ","S","30","     0.0"," ","S","30","     0.0"," ","S","30","    0.06"," ","S","30","    0.19"," ","S","30","    0.56"," ","S","30","    3.42"," ","S","30","   28.47"," ","S","30","     0.0"," ","S","30","     0.0"," ","S","30","     0.0"," ","S","30","     0.0"," ","S","30","     0.0"," ","S","30","     0.0"," ","S","30","     0.0"," ","S","30","     0.0"," ","S","30"," -9999.0","M"," "," 0"," -9999.0","M"," "," 0"," -9999.0","M"," "," 0","     0.0"," ","S","30","    15.1"," ","S","30","     0.0"," ","S","30","     0.0"," ","S","30","     0.0"," ","S","30","     0.0"," ","S","30","     0.0"," ","S","30","     0.0"," ","S","30","     0.0"," ","S","30"," -9999.0","M"," "," 0"," -9999.0","M"," "," 0"," -9999.0","M"," "," 0"
"USC00118740","08-31"," 40.0839"," -88.2403"," 219.8","CHAMPAIGN 3S, IL US","08","31","99","    71.9"," ","S","30","    82.9"," ","S","30","    61.0"," ","S","30","    21.8"," ","S","30","     5.6"," ","S","30","     6.7"," ","S","30","     5.8"," ","S","30","     5.6"," ","S","30","     0.3"," ","S","30","     0.0"," ","S","30","     0.0"," ","S","30","     0.0"," ","S","30","     0.0"," ","S","30","     0.0","X","S","30","     0.0","X","S","30","     7.3"," ","S","30","    31.9"," ","S","30","    26.9"," ","S","30","    21.9"," ","S","30","    16.9"," ","S","30","    14.9"," ","S","30","    12.0"," ","S","30","     3.4"," ","S","30","     2.2"," ","S","30","     7.3"," ","S","30","    31.9"," ","S","30","    26.9"," ","S","30","    21.9"," ","S","30","    16.9"," ","S","30","    14.9"," ","S","30","    12.0"," ","S","30","     3.4"," ","S","30","     2.2"," ","S","30","    23.3"," ","S","30","    21.3"," ","S","30","    27.8"," ","S","30","    18.5"," ","S","30","    12.6"," ","S","30","     8.0"," ","S","30","     3.8"," ","S","30","     1.1"," ","S","30","     0.0"," ","S","30","     0.0"," ","S","30","    0.06"," ","S","30","    0.20"," ","S","30","    0.56"," ","S","30","    3.54"," ","S","30","   28.59"," ","S","30","     0.0"," ","S","30","     0.0"," ","S","30","     0.0"," ","S","30","     0.0"," ","S","30","     0.0"," ","S","30","     0.0"," ","S","30","     0.0"," ","S","30","     0.0"," ","S","30"," -9999.0","M"," "," 0"," -9999.0","M"," "," 0"," -9999.0","M"," "," 0","     0.0"," ","S","30","    15.1"," ","S","30","     0.0"," ","S","30","     0.0"," ","S","30","     0.0"," ","S","30","     0.0"," ","S","30","     0.0"," ","S","30","     0.0"," ","S","30","     0.0"," ","S","30"," -9999.0","M"," "," 0"," -9999.0","M"," "," 0"," -9999.0","M"," "," 0"
"USC00118740","09-01"," 40.0839"," -88.2403"," 219.8","CHAMPAIGN 3S, IL US","09","01","99","    71.7"," ","S","30","    82.7"," ","S","30","    60.8"," ","S","30","    21.9"," ","S","30","     5.6"," ","S","30","     6.8"," ","S","30","     5.8"," ","S","30","     5.7"," ","S","30","     0.4"," ","S","30","     0.0"," ","S","30","     0.0"," ","S","30","     0.0"," ","S","30","     0.0"," ","S","30","     0.0","X","S","30","     0.0","X","S","30","     7.1"," ","S","30","    31.7"," ","S","30","    26.7"," ","S","30","    21.7"," ","S","30","    16.7"," ","S","30","    14.7"," ","S","30","    11.7"," ","S","30","     3.3"," ","S","30","     2.1"," ","S","30","     7.1"," ","S","30","    31.7"," ","S","30","    26.7"," ","S","30","    21.7"," ","S","30","    16.7"," ","S","30","    14.7"," ","S","30","    11.7"," ","S","30","     3.3"," ","S","30","     2.1"," ","S","30","    23.1"," ","S","30","    21.1"," ","S","30","    27.7"," ","S","30","    18.5"," ","S","30","    12.6"," ","S","30","     8.0"," ","S","30","     3.8"," ","S","30","     1.1"," ","S","30","     0.0"," ","S","30","     0.0"," ","S","30","    0.06"," ","S","30","    0.20"," ","S","30","    0.56"," ","S","30","    0.13"," ","S","29","   28.72"," ","S","29","     0.0"," ","S","30","     0.0"," ","S","30","     0.0"," ","S","30","     0.0"," ","S","30","     0.0"," ","S","30","     0.0"," ","S","30","     0.0"," ","S","30","     0.0"," ","S","30"," -9999.0","M"," "," 0"," -9999.0","M"," "," 0"," -9999.0","M"," "," 0","     0.0"," ","S","30","    15.1"," ","S","30","     0.0"," ","S","30","     0.0"," ","S","30","     0.0"," ","S","30","     0.0"," ","S","30","     0.0"," ","S","30","     0.0"," ","S","30","     0.0"," ","S","30"," -9999.0","M"," "," 0"," -9999.0","M"," "," 0"," -9999.0","M"," "," 0"
"USC00118740","09-02"," 40.0839"," -88.2403"," 219.8","CHAMPAIGN 3S, IL US","09","02","99","    71.5"," ","S","30","    82.5"," ","S","30","    60.5"," ","S","30","    22.1"," ","S","30","     5.7"," ","S","30","     6.8"," ","S","30","     5.9"," ","S","30","     5.7"," ","S","30","     0.4"," ","S","30","     0.0"," ","S","30","     0.0"," ","S","30","     0.0"," ","S","30","     0.0"," ","S","30","     0.0","X","S","30","     0.0","X","S","30","     6.9"," ","S","30","    31.5"," ","S","30","    26.5"," ","S","30","    21.5"," ","S","30","    16.5"," ","S","30","    14.5"," ","S","30","    11.5"," ","S","30","     3.1"," ","S","30","     2.0"," ","S","30","     6.9"," ","S","30","    31.5"," ","S","30","    26.5"," ","S","30","    21.5"," ","S","30","    16.5"," ","S","30","    14.5"," ","S","30","    11.5"," ","S","30","     3.1"," ","S","30","     2.0"," ","S","30","    22.8"," ","S","30","    20.9"," ","S","30","    27.5"," ","S","30","    18.5"," ","S","30","    12.6"," ","S","30","     8.0"," ","S","30","     3.8"," ","S","30","     1.1"," ","S","30","     0.0"," ","S","30","     0.0"," ","S","30","    0.06"," ","S","30","    0.20"," ","S","30","    0.57"," ","S","30","    0.26"," ","S","29","   28.85"," ","S","29","     0.0"," ","S","30","     0.0"," ","S","30","     0.0"," ","S","30","     0.0"," ","S","30","     0.0"," ","S","30","     0.0"," ","S","30","     0.0"," ","S","30","     0.0"," ","S","30"," -9999.0","M"," "," 0"," -9999.0","M"," "," 0"," -9999.0","M"," "," 0","     0.0"," ","S","30","    15.1"," ","S","30","     0.0"," ","S","30","     0.0"," ","S","30","     0.0"," ","S","30","     0.0"," ","S","30","     0.0"," ","S","30","     0.0"," ","S","30","     0.0"," ","S","30"," -9999.0","M"," "," 0"," -9999.0","M"," "," 0"," -9999.0","M"," "," 0"
"USC00118740","09-03"," 40.0839"," -88.2403"," 219.8","CHAMPAIGN 3S, IL US","09","03","99","    71.3"," ","S","30","    82.4"," ","S","30","    60.2"," ","S","30","    22.2"," ","S","30","     5.8"," ","S","30","     6.9"," ","S","30","     6.0"," ","S","30","     5.8"," ","S","30","     0.4"," ","S","30","     0.0"," ","S","30","     0.0"," ","S","30","     0.0"," ","S","30","     0.0","X","S","30","     0.0","X","S","30","     0.0","X","S","30","     6.7"," ","S","30","    31.2"," ","S","30","    26.3"," ","S","30","    21.3"," ","S","30","    16.3"," ","S","30","    14.3"," ","S","30","    11.3"," ","S","30","     3.0"," ","S","30","     1.9"," ","S","30","     6.7"," ","S","30","    31.2"," ","S","30","    26.3"," ","S","30","    21.3"," ","S","30","    16.3"," ","S","30","    14.3"," ","S","30","    11.3"," ","S","30","     3.0"," ","S","30","     1.9"," ","S","30","    22.6"," ","S","30","    20.6"," ","S","30","    27.4"," ","S","30","    18.5"," ","S","30","    12.6"," ","S","30","     8.0"," ","S","30","     3.8"," ","S","30","     1.0"," ","S","30","     0.0"," ","S","30","     0.0"," ","S","30","    0.06"," ","S","30","    0.20"," ","S","30","    0.57"," ","S","30","    0.37"," ","S","29","   28.96"," ","S","29","     0.0"," ","S","30","     0.0"," ","S","30","     0.0"," ","S","30","     0.0"," ","S","30","     0.0"," ","S","30","     0.0"," ","S","30","     0.0"," ","S","30","     0.0"," ","S","30"," -9999.0","M"," "," 0"," -9999.0","M"," "," 0"," -9999.0","M"," "," 0","     0.0"," ","S","30","    15.1"," ","S","30","     0.0"," ","S","30","     0.0"," ","S","30","     0.0"," ","S","30","     0.0"," ","S","30","     0.0"," ","S","30","     0.0"," ","S","30","     0.0"," ","S","30"," -9999.0","M"," "," 0"," -9999.0","M"," "," 0"," -9999.0","M"," "," 0"
"USC00118740","09-04"," 40.0839"," -88.2403"," 219.8","CHAMPAIGN 3S, IL US","09","04","99","    71.0"," ","S","30","    82.2"," ","S","30","    59.8"," ","S","30","    22.3"," ","S","30","     5.9"," ","S","30","     7.1"," ","S","30","     6.0"," ","S","30","     5.8"," ","S","30","     0.5"," ","S","30","     0.0"," ","S","30","     0.0"," ","S","30","     0.0"," ","S","30","     0.0","X","S","30","     0.0","X","S","30","     0.0","X","S","30","     6.5"," ","S","30","    31.0"," ","S","30","    26.0"," ","S","30","    21.0"," ","S","30","    16.0"," ","S","30","    14.0"," ","S","30","    11.1"," ","S","30","     2.9"," ","S","30","     1.9"," ","S","30","     6.5"," ","S","30","    31.0"," ","S","30","    26.0"," ","S","30","    21.0"," ","S","30","    16.0"," ","S","30","    14.0"," ","S","30","    11.1"," ","S","30","     2.9"," ","S","30","     1.9"," ","S","30","    22.4"," ","S","30","    20.4"," ","S","30","    27.2"," ","S","30","    18.4"," ","S","30","    12.6"," ","S","30","     7.9"," ","S","30","     3.7"," ","S","30","     1.0"," ","S","30","     0.0"," ","S","30","     0.0"," ","S","30","    0.06"," ","S","30","    0.20"," ","S","30","    0.57"," ","S","30","    0.49"," ","S","29","   29.08"," ","S","29","     0.0"," ","S","30","     0.0"," ","S","30","     0.0"," ","S","30","     0.0"," ","S","30","     0.0"," ","S","30","     0.0"," ","S","30","     0.0"," ","S","30","     0.0"," ","S","30"," -9999.0","M"," "," 0"," -9999.0","M"," "," 0"," -9999.0","M"," "," 0","     0.0"," ","S","30","    15.1"," ","S","30","     0.0"," ","S","30","     0.0"," ","S","30","     0.0"," ","S","30","     0.0"," ","S","30","     0.0"," ","S","30","     0.0"," ","S","30","     0.0"," ","S","30"," -9999.0","M"," "," 0"," -9999.0","M"," "," 0"," -9999.0","M"," "," 0"
"USC00118740","09-05"," 40.0839"," -88.2403"," 219.8","CHAMPAIGN 3S, IL US","09","05","99","    70.8"," ","S","30","    82.0"," ","S","30","    59.5"," ","S","30","    22.5"," ","S","30","     6.0"," ","S","30","     7.2"," ","S","30","     6.1"," ","S","30","     5.9"," ","S","30","     0.6"," ","S","30","     0.0"," ","S","30","     0.0"," ","S","30","     0.0"," ","S","30","     0.0","X","S","30","     0.0","X","S","30","     0.1"," ","S","30","     6.3"," ","S","30","    30.7"," ","S","30","    25.7"," ","S","30","    20.7"," ","S","30","    15.8"," ","S","30","    13.8"," ","S","30","    10.8"," ","S","30","     2.8"," ","S","30","     1.8"," ","S","30","     6.3"," ","S","30","    30.7"," ","S","30","    25.7"," ","S","30","    20.7"," ","S","30","    15.8"," ","S","30","    13.8"," ","S","30","    10.8"," ","S","30","     2.8"," ","S","30","     1.8"," ","S","30","    22.1"," ","S","30","    20.2"," ","S","30","    27.2"," ","S","30","    18.4"," ","S","30","    12.6"," ","S","30","     7.9"," ","S","30","     3.7"," ","S","30","     1.0"," ","S","30","     0.0"," ","S","30","     0.0"," ","S","30","    0.06"," ","S","30","    0.20"," ","S","30","    0.57"," ","S","30","    0.61"," ","S","29","   29.20"," ","S","29","     0.0"," ","S","30","     0.0"," ","S","30","     0.0"," ","S","30","     0.0"," ","S","30","     0.0"," ","S","30","     0.0"," ","S","30","     0.0"," ","S","30","     0.0"," ","S","30"," -9999.0","M"," "," 0"," -9999.0","M"," "," 0"," -9999.0","M"," "," 0","     0.0"," ","S","30","    15.1"," ","S","30","     0.0"," ","S","30","     0.0"," ","S","30","     0.0"," ","S","30","     0.0"," ","S","30","     0.0"," ","S","30","     0.0"," ","S","30","     0.0"," ","S","30"," -9999.0","M"," "," 0"," -9999.0","M"," "," 0"," -9999.0","M"," "," 0"
"USC00118740","09-06"," 40.0839"," -88.2403"," 219.8","CHAMPAIGN 3S, IL US","09","06","99","    70.5"," ","S","30","    81.8"," ","S","30","    59.2"," ","S","30","    22.6"," ","S","30","     6.1"," ","S","30","     7.3"," ","S","30","     6.2"," ","S","30","     5.9"," ","S","30","     0.6"," ","S","30","     0.0"," ","S","30","     0.0"," ","S","30","     0.0"," ","S","30","     0.0","X","S","30","     0.0","X","S","30","     0.1"," ","S","30","     6.1"," ","S","30","    30.5"," ","S","30","    25.5"," ","S","30","    20.5"," ","S","30","    15.5"," ","S","30","    13.5"," ","S","30","    10.6"," ","S","30","     2.7"," ","S","30","     1.7"," ","S","30","     6.1"," ","S","30","    30.5"," ","S","30","    25.5"," ","S","30","    20.5"," ","S","30","    15.5"," ","S","30","    13.5"," ","S","30","    10.6"," ","S","30","     2.7"," ","S","30","     1.7"," ","S","30","    21.9"," ","S","30","    19.9"," ","S","30","    27.1"," ","S","30","    18.4"," ","S","30","    12.6"," ","S","30","     7.9"," ","S","30","     3.7"," ","S","30","     1.0"," ","S","30","     0.0"," ","S","30","     0.0"," ","S","30","    0.06"," ","S","30","    0.21"," ","S","30","    0.57"," ","S","30","    0.73"," ","S","29","   29.32"," ","S","29","     0.0"," ","S","30","     0.0"," ","S","30","     0.0"," ","S","30","     0.0"," ","S","30","     0.0"," ","S","30","     0.0"," ","S","30","     0.0"," ","S","30","     0.0"," ","S","30"," -9999.0","M"," "," 0"," -9999.0","M"," "," 0"," -9999.0","M"," "," 0","     0.0"," ","S","30","    15.1"," ","S","30","     0.0"," ","S","30","     0.0"," ","S","30","     0.0"," ","S","30","     0.0"," ","S","30","     0.0"," ","S","30","     0.0"," ","S","30","     0.0"," ","S","30"," -9999.0","M"," "," 0"," -9999.0","M"," "," 0"," -9999.0","M"," "," 0"
"USC00118740","09-07"," 40.0839"," -88.2403"," 219.8","CHAMPAIGN 3S, IL US","09","07","99","    70.2"," ","S","30","    81.5"," ","S","30","    58.9"," ","S","30","    22.7"," ","S","30","     6.2"," ","S","30","     7.4"," ","S","30","     6.3"," ","S","30","     6.0"," ","S","30","     0.7"," ","S","30","     0.0"," ","S","30","     0.0"," ","S","30","     0.0"," ","S","30","     0.0","X","S","30","     0.0","X","S","30","     0.1"," ","S","30","     5.9"," ","S","30","    30.2"," ","S","30","    25.2"," ","S","30","    20.2"," ","S","30","    15.2"," ","S","30","    13.2"," ","S","30","    10.3"," ","S","30","     2.6"," ","S","30","     1.6"," ","S","30","     5.9"," ","S","30","    30.2"," ","S","30","    25.2"," ","S","30","    20.2"," ","S","30","    15.2"," ","S","30","    13.2"," ","S","30","    10.3"," ","S","30","     2.6"," ","S","30","     1.6"," ","S","30","    21.6"," ","S","30","    19.7"," ","S","30","    27.1"," ","S","30","    18.4"," ","S","30","    12.6"," ","S","30","     8.0"," ","S","30","     3.7"," ","S","30","     1.0"," ","S","30","     0.0"," ","S","30","     0.0"," ","S","30","    0.06"," ","S","30","    0.21"," ","S","30","    0.57"," ","S","30","    0.85"," ","S","29","   29.44"," ","S","29","     0.0"," ","S","30","     0.0"," ","S","30","     0.0"," ","S","30","     0.0"," ","S","30","     0.0"," ","S","30","     0.0"," ","S","30","     0.0"," ","S","30","     0.0"," ","S","30"," -9999.0","M"," "," 0"," -9999.0","M"," "," 0"," -9999.0","M"," "," 0","     0.0"," ","S","30","    15.1"," ","S","30","     0.0"," ","S","30","     0.0"," ","S","30","     0.0"," ","S","30","     0.0"," ","S","30","     0.0"," ","S","30","     0.0"," ","S","30","     0.0"," ","S","30"," -9999.0","M"," "," 0"," -9999.0","M"," "," 0"," -9999.0","M"," "," 0"
"USC00118740","09-08"," 40.0839"," -88.2403"," 219.8","CHAMPAIGN 3S, IL US","09","08","99","    69.9"," ","S","30","    81.3"," ","S","30","    58.5"," ","S","30","    22.8"," ","S","30","     6.3"," ","S","30","     7.5"," ","S","30","     6.4"," ","S","30","     6.1"," ","S","30","     0.8"," ","S","30","     0.0"," ","S","30","     0.0"," ","S","30","     0.0"," ","S","30","     0.0","X","S","30","     0.0","X","S","30","     0.2"," ","S","30","     5.7"," ","S","30","    29.9"," ","S","30","    24.9"," ","S","30","    19.9"," ","S","30","    14.9"," ","S","30","    13.0"," ","S","30","    10.1"," ","S","30","     2.5"," ","S","30","     1.6"," ","S","30","     5.7"," ","S","30","    29.9"," ","S","30","    24.9"," ","S","30","    19.9"," ","S","30","    14.9"," ","S","30","    13.0"," ","S","30","    10.1"," ","S","30","     2.5"," ","S","30","     1.6"," ","S","30","    21.4"," ","S","30","    19.5"," ","S","30","    27.0"," ","S","30","    18.4"," ","S","30","    12.6"," ","S","30","     8.0"," ","S","30","     3.7"," ","S","30","     1.0"," ","S","30","     0.0"," ","S","30","     0.0"," ","S","30","    0.06"," ","S","30","    0.21"," ","S","30","    0.57"," ","S","30","    0.96"," ","S","29","   29.55"," ","S","29","     0.0"," ","S","30","     0.0"," ","S","30","     0.0"," ","S","30","     0.0"," ","S","30","     0.0"," ","S","30","     0.0"," ","S","30","     0.0"," ","S","30","     0.0"," ","S","30"," -9999.0","M"," "," 0"," -9999.0","M"," "," 0"," -9999.0","M"," "," 0","     0.0"," ","S","30","    15.1"," ","S","30","     0.0"," ","S","30","     0.0"," ","S","30","     0.0"," ","S","30","     0.0"," ","S","30","     0.0"," ","S","30","     0.0"," ","S","30","     0.0"," ","S","30"," -9999.0","M"," "," 0"," -9999.0","M"," "," 0"," -9999.0","M"," "," 0"
"USC00118740","09-09"," 40.0839"," -88.2403"," 219.8","CHAMPAIGN 3S, IL US","09","09","99","    69.6"," ","S","30","    81.1"," ","S","30","    58.2"," ","S","30","    22.9"," ","S","30","     6.3"," ","S","30","     7.6"," ","S","30","     6.4"," ","S","30","     6.1"," ","S","30","     0.9"," ","S","30","     0.0"," ","S","30","     0.0"," ","S","30","     0.0","X","S","30","     0.0","X","S","30","     0.1"," ","S","30","     0.2"," ","S","30","     5.5"," ","S","30","    29.6"," ","S","30","    24.6"," ","S","30","    19.6"," ","S","30","    14.6"," ","S","30","    12.7"," ","S","30","     9.8"," ","S","30","     2.4"," ","S","30","     1.5"," ","S","30","     5.5"," ","S","30","    29.6"," ","S","30","    24.6"," ","S","30","    19.6"," ","S","30","    14.6"," ","S","30","    12.7"," ","S","30","     9.8"," ","S","30","     2.4"," ","S","30","     1.5"," ","S","30","    21.1"," ","S","30","    19.2"," ","S","30","    27.0"," ","S","30","    18.3"," ","S","30","    12.6"," ","S","30","     7.9"," ","S","30","     3.7"," ","S","30","     0.9"," ","S","30","     0.0"," ","S","30","     0.0"," ","S","30","    0.06"," ","S","30","    0.21"," ","S","30","    0.58"," ","S","30","    1.08"," ","S","29","   29.67"," ","S","29","     0.0"," ","S","30","     0.0"," ","S","30","     0.0"," ","S","30","     0.0"," ","S","30","     0.0"," ","S","30","     0.0"," ","S","30","     0.0"," ","S","30","     0.0"," ","S","30"," -9999.0","M"," "," 0"," -9999.0","M"," "," 0"," -9999.0","M"," "," 0","     0.0"," ","S","30","    15.1"," ","S","30","     0.0"," ","S","30","     0.0"," ","S","30","     0.0"," ","S","30","     0.0"," ","S","30","     0.0"," ","S","30","     0.0"," ","S","30","     0.0"," ","S","30"," -9999.0","M"," "," 0"," -9999.0","M"," "," 0"," -9999.0","M"," "," 0"
"USC00118740","09-10"," 40.0839"," -88.2403"," 219.8","CHAMPAIGN 3S, IL US","09","10","99","    69.3"," ","S","30","    80.8"," ","S","30","    57.8"," ","S","30","    23.0"," ","S","30","     6.4"," ","S","30","     7.7"," ","S","30","     6.5"," ","S","30","     6.2"," ","S","30","     1.0"," ","S","30","     0.0"," ","S","30","     0.0"," ","S","30","     0.0","X","S","30","     0.0","X","S","30","     0.1"," ","S","30","     0.2"," ","S","30","     5.3"," ","S","30","    29.3"," ","S","30","    24.3"," ","S","30","    19.3"," ","S","30","    14.3"," ","S","30","    12.4"," ","S","30","     9.5"," ","S","30","     2.3"," ","S","30","     1.4"," ","S","30","     5.3"," ","S","30","    29.3"," ","S","30","    24.3"," ","S","30","    19.3"," ","S","30","    14.3"," ","S","30","    12.4"," ","S","30","     9.5"," ","S","30","     2.3"," ","S","30","     1.4"," ","S","30","    20.9"," ","S","30","    19.0"," ","S","30","    26.8"," ","S","30","    18.2"," ","S","30","    12.5"," ","S","30","     7.9"," ","S","30","     3.6"," ","S","30","     0.9"," ","S","30","     0.0"," ","S","30","     0.0"," ","S","30","    0.06"," ","S","30","    0.21"," ","S","30","    0.57"," ","S","30","    1.20"," ","S","29","   29.79"," ","S","29","     0.0"," ","S","30","     0.0"," ","S","30","     0.0"," ","S","30","     0.0"," ","S","30","     0.0"," ","S","30","     0.0"," ","S","30","     0.0"," ","S","30","     0.0"," ","S","30"," -9999.0","M"," "," 0"," -9999.0","M"," "," 0"," -9999.0","M"," "," 0","     0.0"," ","S","30","    15.1"," ","S","30","     0.0"," ","S","30","     0.0"," ","S","30","     0.0"," ","S","30","     0.0"," ","S","30","     0.0"," ","S","30","     0.0"," ","S","30","     0.0"," ","S","30"," -9999.0","M"," "," 0"," -9999.0","M"," "," 0"," -9999.0","M"," "," 0"
"USC00118740","09-11"," 40.0839"," -88.2403"," 219.8","CHAMPAIGN 3S, IL US","09","11","99","    69.0"," ","S","30","    80.5"," ","S","30","    57.4"," ","S","30","    23.1"," ","S","30","     6.5"," ","S","30","     7.8"," ","S","30","     6.6"," ","S","30","     6.2"," ","S","30","     1.1"," ","S","30","     0.0"," ","S","30","     0.0"," ","S","30","     0.0","X","S","30","     0.0","X","S","30","     0.1"," ","S","30","     0.3"," ","S","30","     5.1"," ","S","30","    29.0"," ","S","30","    24.0"," ","S","30","    19.0"," ","S","30","    14.0"," ","S","30","    12.1"," ","S","30","     9.2"," ","S","30","     2.2"," ","S","30","     1.4"," ","S","30","     5.1"," ","S","30","    29.0"," ","S","30","    24.0"," ","S","30","    19.0"," ","S","30","    14.0"," ","S","30","    12.1"," ","S","30","     9.2"," ","S","30","     2.2"," ","S","30","     1.4"," ","S","30","    20.6"," ","S","30","    18.7"," ","S","30","    26.8"," ","S","30","    18.1"," ","S","30","    12.4"," ","S","30","     7.8"," ","S","30","     3.6"," ","S","30","     0.9"," ","S","30","     0.0"," ","S","30","     0.0"," ","S","30","    0.06"," ","S","30","    0.21"," ","S","30","    0.57"," ","S","30","    1.31"," ","S","29","   29.90"," ","S","29","     0.0"," ","S","30","     0.0"," ","S","30","     0.0"," ","S","30","     0.0"," ","S","30","     0.0"," ","S","30","     0.0"," ","S","30","     0.0"," ","S","30","     0.0"," ","S","30"," -9999.0","M"," "," 0"," -9999.0","M"," "," 0"," -9999.0","M"," "," 0","     0.0"," ","S","30","    15.1"," ","S","30","     0.0"," ","S","30","     0.0"," ","S","30","     0.0"," ","S","30","     0.0"," ","S","30","     0.0"," ","S","30","     0.0"," ","S","30","     0.0"," ","S","30"," -9999.0","M"," "," 0"," -9999.0","M"," "," 0"," -9999.0","M"," "," 0"
"USC00118740","09-12"," 40.0839"," -88.2403"," 219.8","CHAMPAIGN 3S, IL US","09","12","99","    68.7"," ","S","30","    80.3"," ","S","30","    57.1"," ","S","30","    23.2"," ","S","30","     6.6"," ","S","30","     7.9"," ","S","30","     6.7"," ","S","30","     6.3"," ","S","30","     1.3"," ","S","30","     0.0"," ","S","30","     0.0","X","S","30","     0.0","X","S","30","     0.1"," ","S","30","     0.1"," ","S","30","     0.3"," ","S","30","     4.9"," ","S","30","    28.7"," ","S","30","    23.7"," ","S","30","    18.7"," ","S","30","    13.7"," ","S","30","    11.8"," ","S","30","     9.0"," ","S","30","     2.1"," ","S","30","     1.3"," ","S","30","     4.9"," ","S","30","    28.7"," ","S","30","    23.7"," ","S","30","    18.7"," ","S","30","    13.7"," ","S","30","    11.8"," ","S","30","     9.0"," ","S","30","     2.1"," ","S","30","     1.3"," ","S","30","    20.3"," ","S","30","    18.4"," ","S","30","    26.7"," ","S","30","    18.0"," ","S","30","    12.4"," ","S","30","     7.7"," ","S","30","     3.5"," ","S","30","     0.9"," ","S","30","     0.0"," ","S","30","     0.0"," ","S","30","    0.06"," ","S","30","    0.21"," ","S","30","    0.57"," ","S","30","    1.43"," ","S","29","   30.02"," ","S","29","     0.0"," ","S","30","     0.0"," ","S","30","     0.0"," ","S","30","     0.0"," ","S","30","     0.0"," ","S","30","     0.0"," ","S","30","     0.0"," ","S","30","     0.0"," ","S","30"," -9999.0","M"," "," 0"," -9999.0","M"," "," 0"," -9999.0","M"," "," 0","     0.0"," ","S","30","    15.1"," ","S","30","     0.0"," ","S","30","     0.0"," ","S","30","     0.0"," ","S","30","     0.0"," ","S","30","     0.0"," ","S","30","     0.0"," ","S","30","     0.0"," ","S","30"," -9999.0","M"," "," 0"," -9999.0","M"," "," 0"," -9999.0","M"," "," 0"
"USC00118740","09-13"," 40.0839"," -88.2403"," 219.8","CHAMPAIGN 3S, IL US","09","13","99","    68.3"," ","S","30","    80.0"," ","S","30","    56.7"," ","S","30","    23.3"," ","S","30","     6.7"," ","S","30","     8.0"," ","S","30","     6.8"," ","S","30","     6.3"," ","S","30","     1.4"," ","S","30","     0.0"," ","S","30","     0.0","X","S","30","     0.0","X","S","30","     0.1"," ","S","30","     0.2"," ","S","30","     0.4"," ","S","30","     4.7"," ","S","30","    28.3"," ","S","30","    23.3"," ","S","30","    18.3"," ","S","30","    13.4"," ","S","30","    11.5"," ","S","30","     8.7"," ","S","30","     2.0"," ","S","30","     1.2"," ","S","30","     4.7"," ","S","30","    28.3"," ","S","30","    23.3"," ","S","30","    18.3"," ","S","30","    13.4"," ","S","30","    11.5"," ","S","30","     8.7"," ","S","30","     2.0"," ","S","30","     1.2"," ","S","30","    20.0"," ","S","30","    18.2"," ","S","30","    26.6"," ","S","30","    17.9"," ","S","30","    12.3"," ","S","30","     7.7"," ","S","30","     3.5"," ","S","30","     0.9"," ","S","30","     0.0"," ","S","30","     0.0"," ","S","30","    0.06"," ","S","30","    0.21"," ","S","30","    0.56"," ","S","30","    1.55"," ","S","29","   30.14"," ","S","29","     0.0"," ","S","30","     0.0"," ","S","30","     0.0"," ","S","30","     0.0"," ","S","30","     0.0"," ","S","30","     0.0"," ","S","30","     0.0"," ","S","30","     0.0"," ","S","30"," -9999.0","M"," "," 0"," -9999.0","M"," "," 0"," -9999.0","M"," "," 0","     0.0"," ","S","30","    15.1"," ","S","30","     0.0"," ","S","30","     0.0"," ","S","30","     0.0"," ","S","30","     0.0"," ","S","30","     0.0"," ","S","30","     0.0"," ","S","30","     0.0"," ","S","30"," -9999.0","M"," "," 0"," -9999.0","M"," "," 0"," -9999.0","M"," "," 0"
"USC00118740","09-14"," 40.0839"," -88.2403"," 219.8","CHAMPAIGN 3S, IL US","09","14","99","    68.0"," ","S","30","    79.7"," ","S","30","    56.3"," ","S","30","    23.4"," ","S","30","     6.8"," ","S","30","     8.1"," ","S","30","     6.9"," ","S","30","     6.4"," ","S","30","     1.6"," ","S","30","     0.0"," ","S","30","     0.0","X","S","30","     0.0","X","S","30","     0.1"," ","S","30","     0.2"," ","S","30","     0.4"," ","S","30","     4.5"," ","S","30","    28.0"," ","S","30","    23.0"," ","S","30","    18.0"," ","S","30","    13.1"," ","S","30","    11.2"," ","S","30","     8.4"," ","S","30","     1.9"," ","S","30","     1.2"," ","S","30","     4.5"," ","S","30","    28.0"," ","S","30","    23.0"," ","S","30","    18.0"," ","S","30","    13.1"," ","S","30","    11.2"," ","S","30","     8.4"," ","S","30","     1.9"," ","S","30","     1.2"," ","S","30","    19.7"," ","S","30","    17.9"," ","S","30","    26.6"," ","S","30","    17.8"," ","S","30","    12.2"," ","S","30","     7.6"," ","S","30","     3.5"," ","S","30","     0.8"," ","S","30","     0.0"," ","S","30","     0.0"," ","S","30","    0.06"," ","S","30","    0.21"," ","S","30","    0.56"," ","S","30","    1.66"," ","S","29","   30.25"," ","S","29","     0.0"," ","S","30","     0.0"," ","S","30","     0.0"," ","S","30","     0.0"," ","S","30","     0.0"," ","S","30","     0.0"," ","S","30","     0.0"," ","S","30","     0.0"," ","S","30"," -9999.0","M"," "," 0"," -9999.0","M"," "," 0"," -9999.0","M"," "," 0","     0.0"," ","S","30","    15.1"," ","S","30","     0.0"," ","S","30","     0.0"," ","S","30","     0.0"," ","S","30","     0.0"," ","S","30","     0.0"," ","S","30","     0.0"," ","S","30","     0.0"," ","S","30"," -9999.0","M"," "," 0"," -9999.0","M"," "," 0"," -9999.0","M"," "," 0"
"USC00118740","09-15"," 40.0839"," -88.2403"," 219.8","CHAMPAIGN 3S, IL US","09","15","99","    67.6"," ","S","30","    79.4"," ","S","30","    55.9"," ","S","30","    23.4"," ","S","30","     6.9"," ","S","30","     8.2"," ","S","30","     7.0"," ","S","30","     6.4"," ","S","30","     1.7"," ","S","30","     0.0"," ","S","30","     0.0","X","S","30","     0.0","X","S","30","     0.1"," ","S","30","     0.2"," ","S","30","     0.5"," ","S","30","     4.4"," ","S","30","    27.6"," ","S","30","    22.6"," ","S","30","    17.7"," ","S","30","    12.8"," ","S","30","    10.9"," ","S","30","     8.1"," ","S","30","     1.8"," ","S","30","     1.1"," ","S","30","     4.4"," ","S","30","    27.6"," ","S","30","    22.6"," ","S","30","    17.7"," ","S","30","    12.8"," ","S","30","    10.9"," ","S","30","     8.1"," ","S","30","     1.8"," ","S","30","     1.1"," ","S","30","    19.4"," ","S","30","    17.6"," ","S","30","    26.5"," ","S","30","    17.7"," ","S","30","    12.2"," ","S","30","     7.5"," ","S","30","     3.4"," ","S","30","     0.8"," ","S","30","     0.0"," ","S","30","     0.0"," ","S","30","    0.06"," ","S","30","    0.21"," ","S","30","    0.56"," ","S","30","    1.78"," ","S","29","   30.37"," ","S","29","     0.0"," ","S","30","     0.0"," ","S","30","     0.0"," ","S","30","     0.0"," ","S","30","     0.0"," ","S","30","     0.0"," ","S","30","     0.0"," ","S","30","     0.0"," ","S","30"," -9999.0","M"," "," 0"," -9999.0","M"," "," 0"," -9999.0","M"," "," 0","     0.0"," ","S","30","    15.1"," ","S","30","     0.0"," ","S","30","     0.0"," ","S","30","     0.0"," ","S","30","     0.0"," ","S","30","     0.0"," ","S","30","     0.0"," ","S","30","     0.0"," ","S","30"," -9999.0","M"," "," 0"," -9999.0","M"," "," 0"," -9999.0","M"," "," 0"
"USC00118740","09-16"," 40.0839"," -88.2403"," 219.8","CHAMPAIGN 3S, IL US","09","16","99","    67.3"," ","S","30","    79.0"," ","S","30","    55.5"," ","S","30","    23.5"," ","S","30","     7.0"," ","S","30","     8.3"," ","S","30","     7.1"," ","S","30","     6.5"," ","S","30","     1.9"," ","S","30","     0.0"," ","S","30","     0.0","X","S","30","     0.0","X","S","30","     0.1"," ","S","30","     0.3"," ","S","30","     0.6"," ","S","30","     4.2"," ","S","30","    27.3"," ","S","30","    22.3"," ","S","30","    17.3"," ","S","30","    12.4"," ","S","30","    10.6"," ","S","30","     7.9"," ","S","30","     1.8"," ","S","30","     1.1"," ","S","30","     4.2"," ","S","30","    27.3"," ","S","30","    22.3"," ","S","30","    17.3"," ","S","30","    12.4"," ","S","30","    10.6"," ","S","30","     7.9"," ","S","30","     1.8"," ","S","30","     1.1"," ","S","30","    19.1"," ","S","30","    17.3"," ","S","30","    26.5"," ","S","30","    17.7"," ","S","30","    12.1"," ","S","30","     7.5"," ","S","30","     3.4"," ","S","30","     0.8"," ","S","30","     0.0"," ","S","30","     0.0"," ","S","30","    0.06"," ","S","30","    0.21"," ","S","30","    0.55"," ","S","30","    1.89"," ","S","29","   30.48"," ","S","29","     0.0"," ","S","30","     0.0"," ","S","30","     0.0"," ","S","30","     0.0"," ","S","30","     0.0"," ","S","30","     0.0"," ","S","30","     0.0"," ","S","30","     0.0"," ","S","30"," -9999.0","M"," "," 0"," -9999.0","M"," "," 0"," -9999.0","M"," "," 0","     0.0"," ","S","30","    15.1"," ","S","30","     0.0"," ","S","30","     0.0"," ","S","30","     0.0"," ","S","30","     0.0"," ","S","30","     0.0"," ","S","30","     0.0"," ","S","30","     0.0"," ","S","30"," -9999.0","M"," "," 0"," -9999.0","M"," "," 0"," -9999.0","M"," "," 0"
"USC00118740","09-17"," 40.0839"," -88.2403"," 219.8","CHAMPAIGN 3S, IL US","09","17","99","    66.9"," ","S","30","    78.7"," ","S","30","    55.1"," ","S","30","    23.6"," ","S","30","     7.1"," ","S","30","     8.4"," ","S","30","     7.1"," ","S","30","     6.5"," ","S","30","     2.1"," ","S","30","     0.0"," ","S","30","     0.0","X","S","30","     0.0","X","S","30","     0.2"," ","S","30","     0.3"," ","S","30","     0.7"," ","S","30","     4.0"," ","S","30","    26.9"," ","S","30","    21.9"," ","S","30","    16.9"," ","S","30","    12.1"," ","S","30","    10.2"," ","S","30","     7.6"," ","S","30","     1.7"," ","S","30","     1.1"," ","S","30","     4.0"," ","S","30","    26.9"," ","S","30","    21.9"," ","S","30","    16.9"," ","S","30","    12.1"," ","S","30","    10.2"," ","S","30","     7.6"," ","S","30","     1.7"," ","S","30","     1.1"," ","S","30","    18.8"," ","S","30","    17.0"," ","S","30","    26.5"," ","S","30","    17.6"," ","S","30","    12.1"," ","S","30","     7.4"," ","S","30","     3.3"," ","S","30","     0.7"," ","S","30","     0.0"," ","S","30","     0.0"," ","S","30","    0.06"," ","S","30","    0.21"," ","S","30","    0.55"," ","S","30","    1.99"," ","S","29","   30.58"," ","S","29","     0.0"," ","S","30","     0.0"," ","S","30","     0.0"," ","S","30","     0.0"," ","S","30","     0.0"," ","S","30","     0.0"," ","S","30","     0.0"," ","S","30","     0.0"," ","S","30"," -9999.0","M"," "," 0"," -9999.0","M"," "," 0"," -9999.0","M"," "," 0","     0.0"," ","S","30","    15.1"," ","S","30","     0.0"," ","S","30","     0.0"," ","S","30","     0.0"," ","S","30","     0.0"," ","S","30","     0.0"," ","S","30","     0.0"," ","S","30","     0.0"," ","S","30"," -9999.0","M"," "," 0"," -9999.0","M"," "," 0"," -9999.0","M"," "," 0"
"USC00118740","09-18"," 40.0839"," -88.2403"," 219.8","CHAMPAIGN 3S, IL US","09","18","99","    66.5"," ","S","30","    78.4"," ","S","30","    54.7"," ","S","30","    23.6"," ","S","30","     7.2"," ","S","30","     8.5"," ","S","30","     7.2"," ","S","30","     6.5"," ","S","30","     2.3"," ","S","30","     0.0"," ","S","30","     0.0","X","S","30","     0.0","X","S","30","     0.2"," ","S","30","     0.4"," ","S","30","     0.8"," ","S","30","     3.8"," ","S","30","    26.5"," ","S","30","    21.5"," ","S","30","    16.6"," ","S","30","    11.7"," ","S","30","     9.9"," ","S","30","     7.3"," ","S","30","     1.6"," ","S","30","     1.0"," ","S","30","     3.8"," ","S","30","    26.5"," ","S","30","    21.5"," ","S","30","    16.6"," ","S","30","    11.7"," ","S","30","     9.9"," ","S","30","     7.3"," ","S","30","     1.6"," ","S","30","     1.0"," ","S","30","    18.5"," ","S","30","    16.8"," ","S","30","    26.6"," ","S","30","    17.6"," ","S","30","    12.1"," ","S","30","     7.4"," ","S","30","     3.3"," ","S","30","     0.7"," ","S","30","     0.0"," ","S","30","     0.0"," ","S","30","    0.05"," ","S","30","    0.21"," ","S","30","    0.55"," ","S","30","    2.10"," ","S","29","   30.69"," ","S","29","     0.0"," ","S","30","     0.0"," ","S","30","     0.0"," ","S","30","     0.0"," ","S","30","     0.0"," ","S","30","     0.0"," ","S","30","     0.0"," ","S","30","     0.0"," ","S","30"," -9999.0","M"," "," 0"," -9999.0","M"," "," 0"," -9999.0","M"," "," 0","     0.0"," ","S","30","    15.1"," ","S","30","     0.0"," ","S","30","     0.0"," ","S","30","     0.0"," ","S","30","     0.0"," ","S","30","     0.0"," ","S","30","     0.0"," ","S","30","     0.0"," ","S","30"," -9999.0","M"," "," 0"," -9999.0","M"," "," 0"," -9999.0","M"," "," 0"
"USC00118740","09-19"," 40.0839"," -88.2403"," 219.8","CHAMPAIGN 3S, IL US","09","19","99","    66.2"," ","S","30","    78.0"," ","S","30","    54.3"," ","S","30","    23.7"," ","S","30","     7.2"," ","S","30","     8.6"," ","S","30","     7.3"," ","S","30","     6.6"," ","S","30","     2.5"," ","S","30","     0.0"," ","S","30","     0.0","X","S","30","     0.0","X","S","30","     0.2"," ","S","30","     0.4"," ","S","30","     0.9"," ","S","30","     3.6"," ","S","30","    26.2"," ","S","30","    21.2"," ","S","30","    16.2"," ","S","30","    11.4"," ","S","30","     9.6"," ","S","30","     7.0"," ","S","30","     1.5"," ","S","30","     0.9"," ","S","30","     3.6"," ","S","30","    26.2"," ","S","30","    21.2"," ","S","30","    16.2"," ","S","30","    11.4"," ","S","30","     9.6"," ","S","30","     7.0"," ","S","30","     1.5"," ","S","30","     0.9"," ","S","30","    18.2"," ","S","30","    16.5"," ","S","30","    26.7"," ","S","30","    17.6"," ","S","30","    12.1"," ","S","30","     7.4"," ","S","30","     3.3"," ","S","30","     0.7"," ","S","30","     0.0"," ","S","30","     0.0"," ","S","30","    0.05"," ","S","30","    0.20"," ","S","30","    0.55"," ","S","30","    2.21"," ","S","29","   30.80"," ","S","29","     0.0"," ","S","30","     0.0"," ","S","30","     0.0"," ","S","30","     0.0"," ","S","30","     0.0"," ","S","30","     0.0"," ","S","30","     0.0"," ","S","30","     0.0"," ","S","30"," -9999.0","M"," "," 0"," -9999.0","M"," "," 0"," -9999.0","M"," "," 0","     0.0"," ","S","30","    15.1"," ","S","30","     0.0"," ","S","30","     0.0"," ","S","30","     0.0"," ","S","30","     0.0"," ","S","30","     0.0"," ","S","30","     0.0"," ","S","30","     0.0"," ","S","30"," -9999.0","M"," "," 0"," -9999.0","M"," "," 0"," -9999.0","M"," "," 0"
"USC00118740","09-20"," 40.0839"," -88.2403"," 219.8","CHAMPAIGN 3S, IL US","09","20","99","    65.8"," ","S","30","    77.6"," ","S","30","    53.9"," ","S","30","    23.7"," ","S","30","     7.3"," ","S","30","     8.7"," ","S","30","     7.4"," ","S","30","     6.6"," ","S","30","     2.7"," ","S","30","     0.0"," ","S","30","     0.0","X","S","30","     0.0","X","S","30","     0.2"," ","S","30","     0.4"," ","S","30","     0.9"," ","S","30","     3.4"," ","S","30","    25.8"," ","S","30","    20.8"," ","S","30","    15.8"," ","S","30","    11.0"," ","S","30","     9.2"," ","S","30","     6.7"," ","S","30","     1.4"," ","S","30","     0.9"," ","S","30","     3.4"," ","S","30","    25.8"," ","S","30","    20.8"," ","S","30","    15.8"," ","S","30","    11.0"," ","S","30","     9.2"," ","S","30","     6.7"," ","S","30","     1.4"," ","S","30","     0.9"," ","S","30","    17.9"," ","S","30","    16.1"," ","S","30","    26.8"," ","S","30","    17.6"," ","S","30","    12.1"," ","S","30","     7.3"," ","S","30","     3.2"," ","S","30","     0.6"," ","S","30","     0.0"," ","S","30","     0.0"," ","S","30","    0.05"," ","S","30","    0.20"," ","S","30","    0.54"," ","S","30","    2.32"," ","S","29","   30.91"," ","S","29","     0.0"," ","S","30","     0.0"," ","S","30","     0.0"," ","S","30","     0.0"," ","S","30","     0.0"," ","S","30","     0.0"," ","S","30","     0.0"," ","S","30","     0.0"," ","S","30"," -9999.0","M"," "," 0"," -9999.0","M"," "," 0"," -9999.0","M"," "," 0","     0.0"," ","S","30","    15.1"," ","S","30","     0.0"," ","S","30","     0.0"," ","S","30","     0.0"," ","S","30","     0.0"," ","S","30","     0.0"," ","S","30","     0.0"," ","S","30","     0.0"," ","S","30"," -9999.0","M"," "," 0"," -9999.0","M"," "," 0"," -9999.0","M"," "," 0"
"USC00118740","09-21"," 40.0839"," -88.2403"," 219.8","CHAMPAIGN 3S, IL US","09","21","99","    65.4"," ","S","30","    77.3"," ","S","30","    53.5"," ","S","30","    23.7"," ","S","30","     7.4"," ","S","30","     8.7"," ","S","30","     7.4"," ","S","30","     6.7"," ","S","30","     2.8"," ","S","30","     0.0"," ","S","30","     0.0","X","S","30","     0.0","X","S","30","     0.3"," ","S","30","     0.5"," ","S","30","     1.0"," ","S","30","     3.2"," ","S","30","    25.4"," ","S","30","    20.4"," ","S","30","    15.4"," ","S","30","    10.7"," ","S","30","     8.9"," ","S","30","     6.4"," ","S","30","     1.3"," ","S","30","     0.8"," ","S","30","     3.2"," ","S","30","    25.4"," ","S","30","    20.4"," ","S","30","    15.4"," ","S","30","    10.7"," ","S","30","     8.9"," ","S","30","     6.4"," ","S","30","     1.3"," ","S","30","     0.8"," ","S","30","    17.5"," ","S","30","    15.8"," ","S","30","    26.9"," ","S","30","    17.6"," ","S","30","    12.1"," ","S","30","     7.3"," ","S","30","     3.2"," ","S","30","     0.6"," ","S","30","     0.0"," ","S","30","     0.0"," ","S","30","    0.05"," ","S","30","    0.20"," ","S","30","    0.54"," ","S","30","    2.43"," ","S","29","   31.02"," ","S","29","     0.0"," ","S","30","     0.0"," ","S","30","     0.0"," ","S","30","     0.0"," ","S","30","     0.0"," ","S","30","     0.0"," ","S","30","     0.0"," ","S","30","     0.0"," ","S","30"," -9999.0","M"," "," 0"," -9999.0","M"," "," 0"," -9999.0","M"," "," 0","     0.0"," ","S","30","    15.1"," ","S","30","     0.0"," ","S","30","     0.0"," ","S","30","     0.0"," ","S","30","     0.0"," ","S","30","     0.0"," ","S","30","     0.0"," ","S","30","     0.0"," ","S","30"," -9999.0","M"," "," 0"," -9999.0","M"," "," 0"," -9999.0","M"," "," 0"
"USC00118740","09-22"," 40.0839"," -88.2403"," 219.8","CHAMPAIGN 3S, IL US","09","22","99","    65.0"," ","S","30","    76.9"," ","S","30","    53.2"," ","S","30","    23.7"," ","S","30","     7.5"," ","S","30","     8.8"," ","S","30","     7.5"," ","S","30","     6.7"," ","S","30","     3.0"," ","S","30","     0.0"," ","S","30","     0.0","X","S","30","     0.1"," ","S","30","     0.3"," ","S","30","     0.5"," ","S","30","     1.1"," ","S","30","     3.0"," ","S","30","    25.0"," ","S","30","    20.0"," ","S","30","    15.1"," ","S","30","    10.3"," ","S","30","     8.5"," ","S","30","     6.1"," ","S","30","     1.2"," ","S","30","     0.8"," ","S","30","     3.0"," ","S","30","    25.0"," ","S","30","    20.0"," ","S","30","    15.1"," ","S","30","    10.3"," ","S","30","     8.5"," ","S","30","     6.1"," ","S","30","     1.2"," ","S","30","     0.8"," ","S","30","    17.2"," ","S","30","    15.5"," ","S","30","    26.9"," ","S","30","    17.6"," ","S","30","    12.1"," ","S","30","     7.3"," ","S","30","     3.2"," ","S","30","     0.6"," ","S","30","     0.0"," ","S","30","     0.0"," ","S","30","    0.05"," ","S","30","    0.20"," ","S","30","    0.54"," ","S","30","    2.54"," ","S","29","   31.13"," ","S","29","     0.0"," ","S","30","     0.0"," ","S","30","     0.0"," ","S","30","     0.0"," ","S","30","     0.0"," ","S","30","     0.0"," ","S","30","     0.0"," ","S","30","     0.0"," ","S","30"," -9999.0","M"," "," 0"," -9999.0","M"," "," 0"," -9999.0","M"," "," 0","     0.0"," ","S","30","    15.1"," ","S","30","     0.0"," ","S","30","     0.0"," ","S","30","     0.0"," ","S","30","     0.0"," ","S","30","     0.0"," ","S","30","     0.0"," ","S","30","     0.0"," ","S","30"," -9999.0","M"," "," 0"," -9999.0","M"," "," 0"," -9999.0","M"," "," 0"
"USC00118740","09-23"," 40.0839"," -88.2403"," 219.8","CHAMPAIGN 3S, IL US","09","23","99","    64.6"," ","S","30","    76.5"," ","S","30","    52.8"," ","S","30","    23.7"," ","S","30","     7.6"," ","S","30","     8.9"," ","S","30","     7.6"," ","S","30","     6.7"," ","S","30","     3.2"," ","S","30","     0.0"," ","S","30","     0.0","X","S","30","     0.1"," ","S","30","     0.3"," ","S","30","     0.6"," ","S","30","     1.2"," ","S","30","     2.8"," ","S","30","    24.6"," ","S","30","    19.6"," ","S","30","    14.7"," ","S","30","     9.9"," ","S","30","     8.2"," ","S","30","     5.8"," ","S","30","     1.1"," ","S","30","     0.7"," ","S","30","     2.8"," ","S","30","    24.6"," ","S","30","    19.6"," ","S","30","    14.7"," ","S","30","     9.9"," ","S","30","     8.2"," ","S","30","     5.8"," ","S","30","     1.1"," ","S","30","     0.7"," ","S","30","    16.9"," ","S","30","    15.2"," ","S","30","    27.0"," ","S","30","    17.7"," ","S","30","    12.1"," ","S","30","     7.3"," ","S","30","     3.1"," ","S","30","     0.6"," ","S","30","     0.0"," ","S","30","     0.0"," ","S","30","    0.05"," ","S","30","    0.20"," ","S","30","    0.54"," ","S","30","    2.65"," ","S","29","   31.24"," ","S","29","     0.0"," ","S","30","     0.0"," ","S","30","     0.0"," ","S","30","     0.0"," ","S","30","     0.0"," ","S","30","     0.0"," ","S","30","     0.0"," ","S","30","     0.0"," ","S","30"," -9999.0","M"," "," 0"," -9999.0","M"," "," 0"," -9999.0","M"," "," 0","     0.0"," ","S","30","    15.1"," ","S","30","     0.0"," ","S","30","     0.0"," ","S","30","     0.0"," ","S","30","     0.0"," ","S","30","     0.0"," ","S","30","     0.0"," ","S","30","     0.0"," ","S","30"," -9999.0","M"," "," 0"," -9999.0","M"," "," 0"," -9999.0","M"," "," 0"
"USC00118740","09-24"," 40.0839"," -88.2403"," 219.8","CHAMPAIGN 3S, IL US","09","24","99","    64.2"," ","S","30","    76.1"," ","S","30","    52.4"," ","S","30","    23.7"," ","S","30","     7.6"," ","S","30","     9.0"," ","S","30","     7.7"," ","S","30","     6.8"," ","S","30","     3.5"," ","S","30","     0.0"," ","S","30","     0.0","X","S","30","     0.1"," ","S","30","     0.4"," ","S","30","     0.7"," ","S","30","     1.3"," ","S","30","     2.7"," ","S","30","    24.2"," ","S","30","    19.2"," ","S","30","    14.3"," ","S","30","     9.6"," ","S","30","     7.9"," ","S","30","     5.6"," ","S","30","     1.0"," ","S","30","     0.6"," ","S","30","     2.7"," ","S","30","    24.2"," ","S","30","    19.2"," ","S","30","    14.3"," ","S","30","     9.6"," ","S","30","     7.9"," ","S","30","     5.6"," ","S","30","     1.0"," ","S","30","     0.6"," ","S","30","    16.6"," ","S","30","    14.9"," ","S","30","    27.1"," ","S","30","    17.7"," ","S","30","    12.1"," ","S","30","     7.3"," ","S","30","     3.1"," ","S","30","     0.5"," ","S","30","     0.0"," ","S","30","     0.0"," ","S","30","    0.05"," ","S","30","    0.20"," ","S","30","    0.53"," ","S","30","    2.76"," ","S","29","   31.35"," ","S","29","     0.0"," ","S","30","     0.0"," ","S","30","     0.0"," ","S","30","     0.0"," ","S","30","     0.0"," ","S","30","     0.0"," ","S","30","     0.0"," ","S","30","     0.0"," ","S","30"," -9999.0","M"," "," 0"," -9999.0","M"," "," 0"," -9999.0","M"," "," 0","     0.0"," ","S","30","    15.1"," ","S","30","     0.0"," ","S","30","     0.0"," ","S","30","     0.0"," ","S","30","     0.0"," ","S","30","     0.0"," ","S","30","     0.0"," ","S","30","     0.0"," ","S","30"," -9999.0","M"," "," 0"," -9999.0","M"," "," 0"," -9999.0","M"," "," 0"
"USC00118740","09-25"," 40.0839"," -88.2403"," 219.8","CHAMPAIGN 3S, IL US","09","25","99","    63.8"," ","S","30","    75.7"," ","S","30","    52.0"," ","S","30","    23.7"," ","S","30","     7.7"," ","S","30","     9.1"," ","S","30","     7.7"," ","S","30","     6.8"," ","S","30","     3.7"," ","S","30","     0.0"," ","S","30","     0.0","X","S","30","     0.1"," ","S","30","     0.5"," ","S","30","     0.8"," ","S","30","     1.5"," ","S","30","     2.5"," ","S","30","    23.8"," ","S","30","    18.8"," ","S","30","    13.9"," ","S","30","     9.3"," ","S","30","     7.6"," ","S","30","     5.3"," ","S","30","     1.0"," ","S","30","     0.6"," ","S","30","     2.5"," ","S","30","    23.8"," ","S","30","    18.8"," ","S","30","    13.9"," ","S","30","     9.3"," ","S","30","     7.6"," ","S","30","     5.3"," ","S","30","     1.0"," ","S","30","     0.6"," ","S","30","    16.3"," ","S","30","    14.6"," ","S","30","    27.2"," ","S","30","    17.7"," ","S","30","    12.1"," ","S","30","     7.3"," ","S","30","     3.1"," ","S","30","     0.5"," ","S","30","     0.0"," ","S","30","     0.0"," ","S","30","    0.05"," ","S","30","    0.20"," ","S","30","    0.53"," ","S","30","    2.86"," ","S","29","   31.45"," ","S","29","     0.0"," ","S","30","     0.0"," ","S","30","     0.0"," ","S","30","     0.0"," ","S","30","     0.0"," ","S","30","     0.0"," ","S","30","     0.0"," ","S","30","     0.0"," ","S","30"," -9999.0","M"," "," 0"," -9999.0","M"," "," 0"," -9999.0","M"," "," 0","     0.0"," ","S","30","    15.1"," ","S","30","     0.0"," ","S","30","     0.0"," ","S","30","     0.0"," ","S","30","     0.0"," ","S","30","     0.0"," ","S","30","     0.0"," ","S","30","     0.0"," ","S","30"," -9999.0","M"," "," 0"," -9999.0","M"," "," 0"," -9999.0","M"," "," 0"
"USC00118740","09-26"," 40.0839"," -88.2403"," 219.8","CHAMPAIGN 3S, IL US","09","26","99","    63.4"," ","S","30","    75.2"," ","S","30","    51.6"," ","S","30","    23.7"," ","S","30","     7.8"," ","S","30","     9.2"," ","S","30","     7.8"," ","S","30","     6.9"," ","S","30","     4.0"," ","S","30","     0.0"," ","S","30","     0.0","X","S","30","     0.1"," ","S","30","     0.6"," ","S","30","     0.9"," ","S","30","     1.7"," ","S","30","     2.4"," ","S","30","    23.4"," ","S","30","    18.4"," ","S","30","    13.5"," ","S","30","     9.0"," ","S","30","     7.3"," ","S","30","     5.1"," ","S","30","     0.9"," ","S","30","     0.6"," ","S","30","     2.4"," ","S","30","    23.4"," ","S","30","    18.4"," ","S","30","    13.5"," ","S","30","     9.0"," ","S","30","     7.3"," ","S","30","     5.1"," ","S","30","     0.9"," ","S","30","     0.6"," ","S","30","    16.0"," ","S","30","    14.4"," ","S","30","    27.3"," ","S","30","    17.7"," ","S","30","    12.1"," ","S","30","     7.3"," ","S","30","     3.1"," ","S","30","     0.5"," ","S","30","     0.0"," ","S","30","     0.0"," ","S","30","    0.05"," ","S","30","    0.20"," ","S","30","    0.53"," ","S","30","    2.96"," ","S","29","   31.55"," ","S","29","     0.0"," ","S","30","     0.0"," ","S","30","     0.0"," ","S","30","     0.0"," ","S","30","     0.0"," ","S","30","     0.0"," ","S","30","     0.0"," ","S","30","     0.0"," ","S","30"," -9999.0","M"," "," 0"," -9999.0","M"," "," 0"," -9999.0","M"," "," 0","     0.0"," ","S","30","    15.1"," ","S","30","     0.0"," ","S","30","     0.0"," ","S","30","     0.0"," ","S","30","     0.0"," ","S","30","     0.0"," ","S","30","     0.0"," ","S","30","     0.0"," ","S","30"," -9999.0","M"," "," 0"," -9999.0","M"," "," 0"," -9999.0","M"," "," 0"
"USC00118740","09-27"," 40.0839"," -88.2403"," 219.8","CHAMPAIGN 3S, IL US","09","27","99","    63.0"," ","S","30","    74.8"," ","S","30","    51.2"," ","S","30","    23.7"," ","S","30","     7.9"," ","S","30","     9.3"," ","S","30","     7.9"," ","S","30","     6.9"," ","S","30","     4.3"," ","S","30","     0.0","X","S","30","     0.0","X","S","30","     0.2"," ","S","30","     0.7"," ","S","30","     1.1"," ","S","30","     1.9"," ","S","30","     2.3"," ","S","30","    23.0"," ","S","30","    18.0"," ","S","30","    13.2"," ","S","30","     8.7"," ","S","30","     7.1"," ","S","30","     4.9"," ","S","30","     0.8"," ","S","30","     0.5"," ","S","30","     2.3"," ","S","30","    23.0"," ","S","30","    18.0"," ","S","30","    13.2"," ","S","30","     8.7"," ","S","30","     7.1"," ","S","30","     4.9"," ","S","30","     0.8"," ","S","30","     0.5"," ","S","30","    15.7"," ","S","30","    14.1"," ","S","30","    27.3"," ","S","30","    17.7"," ","S","30","    12.1"," ","S","30","     7.2"," ","S","30","     3.1"," ","S","30","     0.5"," ","S","30","     0.0"," ","S","30","     0.0"," ","S","30","    0.05"," ","S","30","    0.20"," ","S","30","    0.53"," ","S","30","    3.06"," ","S","29","   31.65"," ","S","29","     0.0"," ","S","30","     0.0"," ","S","30","     0.0"," ","S","30","     0.0"," ","S","30","     0.0"," ","S","30","     0.0"," ","S","30","     0.0"," ","S","30","     0.0"," ","S","30"," -9999.0","M"," "," 0"," -9999.0","M"," "," 0"," -9999.0","M"," "," 0","     0.0"," ","S","30","    15.1"," ","S","30","     0.0"," ","S","30","     0.0"," ","S","30","     0.0"," ","S","30","     0.0"," ","S","30","     0.0"," ","S","30","     0.0"," ","S","30","     0.0"," ","S","30"," -9999.0","M"," "," 0"," -9999.0","M"," "," 0"," -9999.0","M"," "," 0"
"USC00118740","09-28"," 40.0839"," -88.2403"," 219.8","CHAMPAIGN 3S, IL US","09","28","99","    62.6"," ","S","30","    74.4"," ","S","30","    50.8"," ","S","30","    23.6"," ","S","30","     7.9"," ","S","30","     9.3"," ","S","30","     7.9"," ","S","30","     7.0"," ","S","30","     4.6"," ","S","30","     0.0","X","S","30","     0.0","X","S","30","     0.2"," ","S","30","     0.8"," ","S","30","     1.2"," ","S","30","     2.1"," ","S","30","     2.2"," ","S","30","    22.6"," ","S","30","    17.6"," ","S","30","    12.8"," ","S","30","     8.4"," ","S","30","     6.8"," ","S","30","     4.7"," ","S","30","     0.8"," ","S","30","     0.5"," ","S","30","     2.2"," ","S","30","    22.6"," ","S","30","    17.6"," ","S","30","    12.8"," ","S","30","     8.4"," ","S","30","     6.8"," ","S","30","     4.7"," ","S","30","     0.8"," ","S","30","     0.5"," ","S","30","    15.4"," ","S","30","    13.8"," ","S","30","    27.4"," ","S","30","    17.7"," ","S","30","    12.1"," ","S","30","     7.2"," ","S","30","     3.0"," ","S","30","     0.4"," ","S","30","     0.0"," ","S","30","     0.0"," ","S","30","    0.05"," ","S","30","    0.20"," ","S","30","    0.52"," ","S","30","    3.16"," ","S","29","   31.75"," ","S","29","     0.0"," ","S","30","     0.0"," ","S","30","     0.0"," ","S","30","     0.0"," ","S","30","     0.0"," ","S","30","     0.0"," ","S","30","     0.0"," ","S","30","     0.0"," ","S","30"," -9999.0","M"," "," 0"," -9999.0","M"," "," 0"," -9999.0","M"," "," 0","     0.0"," ","S","30","    15.1"," ","S","30","     0.0"," ","S","30","     0.0"," ","S","30","     0.0"," ","S","30","     0.0"," ","S","30","     0.0"," ","S","30","     0.0"," ","S","30","     0.0"," ","S","30"," -9999.0","M"," "," 0"," -9999.0","M"," "," 0"," -9999.0","M"," "," 0"
"USC00118740","09-29"," 40.0839"," -88.2403"," 219.8","CHAMPAIGN 3S, IL US","09","29","99","    62.2"," ","S","30","    74.0"," ","S","30","    50.4"," ","S","30","    23.6"," ","S","30","     8.0"," ","S","30","     9.4"," ","S","30","     8.0"," ","S","30","     7.0"," ","S","30","     4.9"," ","S","30","     0.0","X","S","30","     0.0","X","S","30","     0.2"," ","S","30","     0.9"," ","S","30","     1.3"," ","S","30","     2.3"," ","S","30","     2.1"," ","S","30","    22.2"," ","S","30","    17.2"," ","S","30","    12.4"," ","S","30","     8.0"," ","S","30","     6.5"," ","S","30","     4.5"," ","S","30","     0.7"," ","S","30","     0.4"," ","S","30","     2.1"," ","S","30","    22.2"," ","S","30","    17.2"," ","S","30","    12.4"," ","S","30","     8.0"," ","S","30","     6.5"," ","S","30","     4.5"," ","S","30","     0.7"," ","S","30","     0.4"," ","S","30","    15.1"," ","S","30","    13.5"," ","S","30","    27.5"," ","S","30","    17.8"," ","S","30","    12.1"," ","S","30","     7.2"," ","S","30","     3.0"," ","S","30","     0.4"," ","S","30","     0.0"," ","S","30","     0.0"," ","S","30","    0.05"," ","S","30","    0.19"," ","S","30","    0.52"," ","S","30","    3.27"," ","S","29","   31.86"," ","S","29","     0.0"," ","S","30","     0.0"," ","S","30","     0.0"," ","S","30","     0.0"," ","S","30","     0.0"," ","S","30","     0.0"," ","S","30","     0.0"," ","S","30","     0.0"," ","S","30"," -9999.0","M"," "," 0"," -9999.0","M"," "," 0"," -9999.0","M"," "," 0","     0.0"," ","S","30","    15.1"," ","S","30","     0.0"," ","S","30","     0.0"," ","S","30","     0.0"," ","S","30","     0.0"," ","S","30","     0.0"," ","S","30","     0.0"," ","S","30","     0.0"," ","S","30"," -9999.0","M"," "," 0"," -9999.0","M"," "," 0"," -9999.0","M"," "," 0"
"USC00118740","09-30"," 40.0839"," -88.2403"," 219.8","CHAMPAIGN 3S, IL US","09","30","99","    61.8"," ","S","30","    73.5"," ","S","30","    50.0"," ","S","30","    23.5"," ","S","30","     8.0"," ","S","30","     9.5"," ","S","30","     8.0"," ","S","30","     7.1"," ","S","30","     5.2"," ","S","30","     0.0","X","S","30","     0.1"," ","S","30","     0.3"," ","S","30","     1.0"," ","S","30","     1.5"," ","S","30","     2.5"," ","S","30","     1.9"," ","S","30","    21.8"," ","S","30","    16.8"," ","S","30","    12.0"," ","S","30","     7.7"," ","S","30","     6.2"," ","S","30","     4.3"," ","S","30","     0.6"," ","S","30","     0.4"," ","S","30","     1.9"," ","S","30","    21.8"," ","S","30","    16.8"," ","S","30","    12.0"," ","S","30","     7.7"," ","S","30","     6.2"," ","S","30","     4.3"," ","S","30","     0.6"," ","S","30","     0.4"," ","S","30","    14.8"," ","S","30","    13.3"," ","S","30","    27.6"," ","S","30","    17.8"," ","S","30","    12.1"," ","S","30","     7.1"," ","S","30","     3.0"," ","S","30","     0.4"," ","S","30","     0.0"," ","S","30","     0.0"," ","S","30","    0.05"," ","S","30","    0.19"," ","S","30","    0.51"," ","S","30","    3.37"," ","S","29","   31.96"," ","S","29","     0.0"," ","S","30","     0.0"," ","S","30","     0.0"," ","S","30","     0.0"," ","S","30","     0.0"," ","S","30","     0.0"," ","S","30","     0.0"," ","S","30","     0.0"," ","S","30"," -9999.0","M"," "," 0"," -9999.0","M"," "," 0"," -9999.0","M"," "," 0","     0.0"," ","S","30","    15.1"," ","S","30","     0.0"," ","S","30","     0.0"," ","S","30","     0.0"," ","S","30","     0.0"," ","S","30","     0.0"," ","S","30","     0.0"," ","S","30","     0.0"," ","S","30"," -9999.0","M"," "," 0"," -9999.0","M"," "," 0"," -9999.0","M"," "," 0"
"USC00118740","10-01"," 40.0839"," -88.2403"," 219.8","CHAMPAIGN 3S, IL US","10","01","99","    61.3"," ","S","30","    73.1"," ","S","30","    49.6"," ","S","30","    23.5"," ","S","30","     8.0"," ","S","30","     9.5"," ","S","30","     8.0"," ","S","30","     7.1"," ","S","30","     5.5"," ","S","30","     0.0","X","S","30","     0.1"," ","S","30","     0.3"," ","S","30","     1.1"," ","S","30","     1.6"," ","S","30","     2.7"," ","S","30","     1.8"," ","S","30","    21.3"," ","S","30","    16.4"," ","S","30","    11.7"," ","S","30","     7.4"," ","S","30","     5.9"," ","S","30","     4.0"," ","S","30","     0.6"," ","S","30","     0.3"," ","S","30","     1.8"," ","S","30","    21.3"," ","S","30","    16.4"," ","S","30","    11.7"," ","S","30","     7.4"," ","S","30","     5.9"," ","S","30","     4.0"," ","S","30","     0.6"," ","S","30","     0.3"," ","S","30","    14.5"," ","S","30","    13.0"," ","S","30","    27.8"," ","S","30","    17.9"," ","S","30","    12.1"," ","S","30","     7.1"," ","S","30","     2.9"," ","S","30","     0.4"," ","S","30","     0.0"," ","S","30","     0.0"," ","S","30","    0.05"," ","S","30","    0.19"," ","S","30","    0.51"," ","S","30","    0.10"," ","S","30","   32.06"," ","S","30","     0.0"," ","S","30","     0.0"," ","S","30","     0.0"," ","S","30","     0.0"," ","S","30","     0.0"," ","S","30","     0.0"," ","S","30","     0.0"," ","S","30","     0.0"," ","S","30"," -9999.0","M"," "," 0"," -9999.0","M"," "," 0"," -9999.0","M"," "," 0","     0.0"," ","S","30","    15.1"," ","S","30","     0.0"," ","S","30","     0.0"," ","S","30","     0.0"," ","S","30","     0.0"," ","S","30","     0.0"," ","S","30","     0.0"," ","S","30","     0.0"," ","S","30"," -9999.0","M"," "," 0"," -9999.0","M"," "," 0"," -9999.0","M"," "," 0"
"USC00118740","10-02"," 40.0839"," -88.2403"," 219.8","CHAMPAIGN 3S, IL US","10","02","99","    60.9"," ","S","30","    72.6"," ","S","30","    49.2"," ","S","30","    23.4"," ","S","30","     8.0"," ","S","30","     9.6"," ","S","30","     8.0"," ","S","30","     7.2"," ","S","30","     5.7"," ","S","30","     0.0","X","S","30","     0.1"," ","S","30","     0.4"," ","S","30","     1.2"," ","S","30","     1.8"," ","S","30","     2.9"," ","S","30","     1.6"," ","S","30","    20.9"," ","S","30","    16.0"," ","S","30","    11.3"," ","S","30","     7.1"," ","S","30","     5.7"," ","S","30","     3.8"," ","S","30","     0.5"," ","S","30","     0.3"," ","S","30","     1.6"," ","S","30","    20.9"," ","S","30","    16.0"," ","S","30","    11.3"," ","S","30","     7.1"," ","S","30","     5.7"," ","S","30","     3.8"," ","S","30","     0.5"," ","S","30","     0.3"," ","S","30","    14.2"," ","S","30","    12.7"," ","S","30","    28.0"," ","S","30","    18.0"," ","S","30","    12.2"," ","S","30","     7.1"," ","S","30","     2.9"," ","S","30","     0.4"," ","S","30","     0.0"," ","S","30","     0.0"," ","S","30","    0.05"," ","S","30","    0.19"," ","S","30","    0.50"," ","S","30","    0.20"," ","S","30","   32.16"," ","S","30","     0.0"," ","S","30","     0.0"," ","S","30","     0.0"," ","S","30","     0.0"," ","S","30","     0.0"," ","S","30","     0.0"," ","S","30","     0.0"," ","S","30","     0.0"," ","S","30"," -9999.0","M"," "," 0"," -9999.0","M"," "," 0"," -9999.0","M"," "," 0","     0.0"," ","S","30","    15.1"," ","S","30","     0.0"," ","S","30","     0.0"," ","S","30","     0.0"," ","S","30","     0.0"," ","S","30","     0.0"," ","S","30","     0.0"," ","S","30","     0.0"," ","S","30"," -9999.0","M"," "," 0"," -9999.0","M"," "," 0"," -9999.0","M"," "," 0"
"USC00118740","10-03"," 40.0839"," -88.2403"," 219.8","CHAMPAIGN 3S, IL US","10","03","99","    60.5"," ","S","30","    72.1"," ","S","30","    48.8"," ","S","30","    23.3"," ","S","30","     8.1"," ","S","30","     9.6"," ","S","30","     8.0"," ","S","30","     7.3"," ","S","30","     6.0"," ","S","30","     0.0","X","S","30","     0.1"," ","S","30","     0.4"," ","S","30","     1.3"," ","S","30","     1.9"," ","S","30","     3.1"," ","S","30","     1.5"," ","S","30","    20.5"," ","S","30","    15.6"," ","S","30","    10.9"," ","S","30","     6.8"," ","S","30","     5.4"," ","S","30","     3.6"," ","S","30","     0.4"," ","S","30","     0.2"," ","S","30","     1.5"," ","S","30","    20.5"," ","S","30","    15.6"," ","S","30","    10.9"," ","S","30","     6.8"," ","S","30","     5.4"," ","S","30","     3.6"," ","S","30","     0.4"," ","S","30","     0.2"," ","S","30","    13.9"," ","S","30","    12.4"," ","S","30","    28.3"," ","S","30","    18.1"," ","S","30","    12.2"," ","S","30","     7.1"," ","S","30","     2.9"," ","S","30","     0.4"," ","S","30","     0.0"," ","S","30","     0.0"," ","S","30","    0.05"," ","S","30","    0.19"," ","S","30","    0.50"," ","S","30","    0.31"," ","S","30","   32.27"," ","S","30","     0.0"," ","S","30","     0.0"," ","S","30","     0.0"," ","S","30","     0.0"," ","S","30","     0.0"," ","S","30","     0.0"," ","S","30","     0.0"," ","S","30","     0.0"," ","S","30"," -9999.0","M"," "," 0"," -9999.0","M"," "," 0"," -9999.0","M"," "," 0","     0.0"," ","S","30","    15.1"," ","S","30","     0.0"," ","S","30","     0.0"," ","S","30","     0.0"," ","S","30","     0.0"," ","S","30","     0.0"," ","S","30","     0.0"," ","S","30","     0.0"," ","S","30"," -9999.0","M"," "," 0"," -9999.0","M"," "," 0"," -9999.0","M"," "," 0"
"USC00118740","10-04"," 40.0839"," -88.2403"," 219.8","CHAMPAIGN 3S, IL US","10","04","99","    60.1"," ","S","30","    71.7"," ","S","30","    48.5"," ","S","30","    23.2"," ","S","30","     8.1"," ","S","30","     9.6"," ","S","30","     8.1"," ","S","30","     7.3"," ","S","30","     6.4"," ","S","30","     0.0","X","S","30","     0.1"," ","S","30","     0.5"," ","S","30","     1.5"," ","S","30","     2.1"," ","S","30","     3.4"," ","S","30","     1.4"," ","S","30","    20.1"," ","S","30","    15.2"," ","S","30","    10.6"," ","S","30","     6.6"," ","S","30","     5.2"," ","S","30","     3.4"," ","S","30","     0.4"," ","S","30","     0.2"," ","S","30","     1.4"," ","S","30","    20.1"," ","S","30","    15.2"," ","S","30","    10.6"," ","S","30","     6.6"," ","S","30","     5.2"," ","S","30","     3.4"," ","S","30","     0.4"," ","S","30","     0.2"," ","S","30","    13.6"," ","S","30","    12.1"," ","S","30","    28.5"," ","S","30","    18.2"," ","S","30","    12.3"," ","S","30","     7.1"," ","S","30","     2.9"," ","S","30","     0.4"," ","S","30","     0.0"," ","S","30","     0.0"," ","S","30","    0.05"," ","S","30","    0.19"," ","S","30","    0.49"," ","S","30","    0.41"," ","S","30","   32.37"," ","S","30","     0.0"," ","S","30","     0.0"," ","S","30","     0.0"," ","S","30","     0.0"," ","S","30","     0.0"," ","S","30","     0.0"," ","S","30","     0.0"," ","S","30","     0.0"," ","S","30"," -9999.0","M"," "," 0"," -9999.0","M"," "," 0"," -9999.0","M"," "," 0","     0.0"," ","S","30","    15.1"," ","S","30","     0.0"," ","S","30","     0.0"," ","S","30","     0.0"," ","S","30","     0.0"," ","S","30","     0.0"," ","S","30","     0.0"," ","S","30","     0.0"," ","S","30"," -9999.0","M"," "," 0"," -9999.0","M"," "," 0"," -9999.0","M"," "," 0"
"USC00118740","10-05"," 40.0839"," -88.2403"," 219.8","CHAMPAIGN 3S, IL US","10","05","99","    59.6"," ","S","30","    71.2"," ","S","30","    48.1"," ","S","30","    23.1"," ","S","30","     8.1"," ","S","30","     9.7"," ","S","30","     8.1"," ","S","30","     7.4"," ","S","30","     6.7"," ","S","30","     0.0","X","S","30","     0.1"," ","S","30","     0.6"," ","S","30","     1.6"," ","S","30","     2.3"," ","S","30","     3.6"," ","S","30","     1.3"," ","S","30","    19.7"," ","S","30","    14.8"," ","S","30","    10.2"," ","S","30","     6.3"," ","S","30","     4.9"," ","S","30","     3.2"," ","S","30","     0.4"," ","S","30","     0.2"," ","S","30","     1.3"," ","S","30","    19.7"," ","S","30","    14.8"," ","S","30","    10.2"," ","S","30","     6.3"," ","S","30","     4.9"," ","S","30","     3.2"," ","S","30","     0.4"," ","S","30","     0.2"," ","S","30","    13.3"," ","S","30","    11.8"," ","S","30","    28.7"," ","S","30","    18.3"," ","S","30","    12.4"," ","S","30","     7.1"," ","S","30","     2.9"," ","S","30","     0.4"," ","S","30","     0.0"," ","S","30","     0.0"," ","S","30","    0.05"," ","S","30","    0.19"," ","S","30","    0.49"," ","S","30","    0.51"," ","S","30","   32.47"," ","S","30","     0.0"," ","S","30","     0.0"," ","S","30","     0.0"," ","S","30","     0.0"," ","S","30","     0.0"," ","S","30","     0.0"," ","S","30","     0.0"," ","S","30","     0.0"," ","S","30"," -9999.0","M"," "," 0"," -9999.0","M"," "," 0"," -9999.0","M"," "," 0","     0.0"," ","S","30","    15.1"," ","S","30","     0.0"," ","S","30","     0.0"," ","S","30","     0.0"," ","S","30","     0.0"," ","S","30","     0.0"," ","S","30","     0.0"," ","S","30","     0.0"," ","S","30"," -9999.0","M"," "," 0"," -9999.0","M"," "," 0"," -9999.0","M"," "," 0"
"USC00118740","10-06"," 40.0839"," -88.2403"," 219.8","CHAMPAIGN 3S, IL US","10","06","99","    59.2"," ","S","30","    70.7"," ","S","30","    47.7"," ","S","30","    23.0"," ","S","30","     8.1"," ","S","30","     9.7"," ","S","30","     8.1"," ","S","30","     7.4"," ","S","30","     7.0"," ","S","30","     0.0","X","S","30","     0.1"," ","S","30","     0.6"," ","S","30","     1.8"," ","S","30","     2.5"," ","S","30","     3.9"," ","S","30","     1.3"," ","S","30","    19.2"," ","S","30","    14.4"," ","S","30","     9.8"," ","S","30","     6.0"," ","S","30","     4.7"," ","S","30","     3.1"," ","S","30","     0.3"," ","S","30","     0.2"," ","S","30","     1.3"," ","S","30","    19.2"," ","S","30","    14.4"," ","S","30","     9.8"," ","S","30","     6.0"," ","S","30","     4.7"," ","S","30","     3.1"," ","S","30","     0.3"," ","S","30","     0.2"," ","S","30","    13.0"," ","S","30","    11.5"," ","S","30","    28.8"," ","S","30","    18.4"," ","S","30","    12.4"," ","S","30","     7.0"," ","S","30","     2.8"," ","S","30","     0.4"," ","S","30","     0.0"," ","S","30","     0.0"," ","S","30","    0.05"," ","S","30","    0.19"," ","S","30","    0.49"," ","S","30","    0.62"," ","S","30","   32.58"," ","S","30","     0.0"," ","S","30","     0.0"," ","S","30","     0.0"," ","S","30","     0.0"," ","S","30","     0.0"," ","S","30","     0.0"," ","S","30","     0.0"," ","S","30","     0.0"," ","S","30"," -9999.0","M"," "," 0"," -9999.0","M"," "," 0"," -9999.0","M"," "," 0","     0.0"," ","S","30","    15.1"," ","S","30","     0.0"," ","S","30","     0.0"," ","S","30","     0.0"," ","S","30","     0.0"," ","S","30","     0.0"," ","S","30","     0.0"," ","S","30","     0.0"," ","S","30"," -9999.0","M"," "," 0"," -9999.0","M"," "," 0"," -9999.0","M"," "," 0"
"USC00118740","10-07"," 40.0839"," -88.2403"," 219.8","CHAMPAIGN 3S, IL US","10","07","99","    58.8"," ","S","30","    70.3"," ","S","30","    47.3"," ","S","30","    23.0"," ","S","30","     8.1"," ","S","30","     9.7"," ","S","30","     8.1"," ","S","30","     7.5"," ","S","30","     7.4"," ","S","30","     0.0","X","S","30","     0.2"," ","S","30","     0.7"," ","S","30","     1.9"," ","S","30","     2.7"," ","S","30","     4.1"," ","S","30","     1.2"," ","S","30","    18.8"," ","S","30","    13.9"," ","S","30","     9.5"," ","S","30","     5.7"," ","S","30","     4.5"," ","S","30","     2.9"," ","S","30","     0.3"," ","S","30","     0.2"," ","S","30","     1.2"," ","S","30","    18.8"," ","S","30","    13.9"," ","S","30","     9.5"," ","S","30","     5.7"," ","S","30","     4.5"," ","S","30","     2.9"," ","S","30","     0.3"," ","S","30","     0.2"," ","S","30","    12.7"," ","S","30","    11.3"," ","S","30","    29.0"," ","S","30","    18.5"," ","S","30","    12.4"," ","S","30","     7.0"," ","S","30","     2.8"," ","S","30","     0.4"," ","S","30","     0.0"," ","S","30","     0.0"," ","S","30","    0.05"," ","S","30","    0.18"," ","S","30","    0.48"," ","S","30","    0.72"," ","S","30","   32.68"," ","S","30","     0.0"," ","S","30","     0.0"," ","S","30","     0.0"," ","S","30","     0.0"," ","S","30","     0.0"," ","S","30","     0.0"," ","S","30","     0.0"," ","S","30","     0.0"," ","S","30"," -9999.0","M"," "," 0"," -9999.0","M"," "," 0"," -9999.0","M"," "," 0","     0.0"," ","S","30","    15.1"," ","S","30","     0.0"," ","S","30","     0.0"," ","S","30","     0.0"," ","S","30","     0.0"," ","S","30","     0.0"," ","S","30","     0.0"," ","S","30","     0.0"," ","S","30"," -9999.0","M"," "," 0"," -9999.0","M"," "," 0"," -9999.0","M"," "," 0"
"USC00118740","10-08"," 40.0839"," -88.2403"," 219.8","CHAMPAIGN 3S, IL US","10","08","99","    58.4"," ","S","30","    69.8"," ","S","30","    46.9"," ","S","30","    22.8"," ","S","30","     8.2"," ","S","30","     9.8"," ","S","30","     8.2"," ","S","30","     7.5"," ","S","30","     7.7"," ","S","30","     0.0","X","S","30","     0.2"," ","S","30","     0.8"," ","S","30","     2.1"," ","S","30","     2.9"," ","S","30","     4.4"," ","S","30","     1.1"," ","S","30","    18.4"," ","S","30","    13.5"," ","S","30","     9.1"," ","S","30","     5.5"," ","S","30","     4.3"," ","S","30","     2.8"," ","S","30","     0.3"," ","S","30","     0.2"," ","S","30","     1.1"," ","S","30","    18.4"," ","S","30","    13.5"," ","S","30","     9.1"," ","S","30","     5.5"," ","S","30","     4.3"," ","S","30","     2.8"," ","S","30","     0.3"," ","S","30","     0.2"," ","S","30","    12.4"," ","S","30","    11.0"," ","S","30","    29.3"," ","S","30","    18.6"," ","S","30","    12.5"," ","S","30","     7.0"," ","S","30","     2.8"," ","S","30","     0.4"," ","S","30","     0.0"," ","S","30","     0.0"," ","S","30","    0.05"," ","S","30","    0.18"," ","S","30","    0.48"," ","S","30","    0.83"," ","S","30","   32.79"," ","S","30","     0.1"," ","S","30","     0.0"," ","S","30","     0.0"," ","S","30","     0.0"," ","S","30","     0.0"," ","S","30","     0.0"," ","S","30","     0.0"," ","S","30","     0.0"," ","S","30"," -9999.0","Y"," "," 0"," -9999.0","Y"," "," 0"," -9999.0","Y"," "," 0","     0.0"," ","S","30","    15.1"," ","S","30","     0.0"," ","S","30","     0.0"," ","S","30","     0.0"," ","S","30","     0.0"," ","S","30","     0.0"," ","S","30","     0.0"," ","S","30","     0.0"," ","S","30"," -9999.0","M"," "," 0"," -9999.0","M"," "," 0"," -9999.0","M"," "," 0"
"USC00118740","10-09"," 40.0839"," -88.2403"," 219.8","CHAMPAIGN 3S, IL US","10","09","99","    57.9"," ","S","30","    69.3"," ","S","30","    46.6"," ","S","30","    22.7"," ","S","30","     8.2"," ","S","30","     9.8"," ","S","30","     8.2"," ","S","30","     7.6"," ","S","30","     8.1"," ","S","30","     0.0","X","S","30","     0.2"," ","S","30","     0.8"," ","S","30","     2.3"," ","S","30","     3.1"," ","S","30","     4.7"," ","S","30","     1.0"," ","S","30","    17.9"," ","S","30","    13.1"," ","S","30","     8.8"," ","S","30","     5.2"," ","S","30","     4.0"," ","S","30","     2.6"," ","S","30","     0.3"," ","S","30","     0.1"," ","S","30","     1.0"," ","S","30","    17.9"," ","S","30","    13.1"," ","S","30","     8.8"," ","S","30","     5.2"," ","S","30","     4.0"," ","S","30","     2.6"," ","S","30","     0.3"," ","S","30","     0.1"," ","S","30","    12.1"," ","S","30","    10.7"," ","S","30","    29.5"," ","S","30","    18.8"," ","S","30","    12.6"," ","S","30","     7.0"," ","S","30","     2.8"," ","S","30","     0.4"," ","S","30","     0.0"," ","S","30","     0.0"," ","S","30","    0.05"," ","S","30","    0.18"," ","S","30","    0.47"," ","S","30","    0.93"," ","S","30","   32.89"," ","S","30","     0.1"," ","S","30","     0.0"," ","S","30","     0.0"," ","S","30","     0.0"," ","S","30","     0.0"," ","S","30","     0.0"," ","S","30","     0.0"," ","S","30","     0.0"," ","S","30"," -9999.0","Y"," "," 0"," -9999.0","Y"," "," 0"," -9999.0","Y"," "," 0","     0.0"," ","S","30","    15.1"," ","S","30","     0.0"," ","S","30","     0.0"," ","S","30","     0.0"," ","S","30","     0.0"," ","S","30","     0.0"," ","S","30","     0.0"," ","S","30","     0.0"," ","S","30"," -9999.0","M"," "," 0"," -9999.0","M"," "," 0"," -9999.0","M"," "," 0"
"USC00118740","10-10"," 40.0839"," -88.2403"," 219.8","CHAMPAIGN 3S, IL US","10","10","99","    57.5"," ","S","30","    68.8"," ","S","30","    46.2"," ","S","30","    22.6"," ","S","30","     8.2"," ","S","30","     9.8"," ","S","30","     8.2"," ","S","30","     7.6"," ","S","30","     8.4"," ","S","30","     0.0","X","S","30","     0.2"," ","S","30","     0.9"," ","S","30","     2.4"," ","S","30","     3.3"," ","S","30","     4.9"," ","S","30","     0.9"," ","S","30","    17.5"," ","S","30","    12.7"," ","S","30","     8.4"," ","S","30","     4.9"," ","S","30","     3.8"," ","S","30","     2.4"," ","S","30","     0.2"," ","S","30","     0.1"," ","S","30","     0.9"," ","S","30","    17.5"," ","S","30","    12.7"," ","S","30","     8.4"," ","S","30","     4.9"," ","S","30","     3.8"," ","S","30","     2.4"," ","S","30","     0.2"," ","S","30","     0.1"," ","S","30","    11.7"," ","S","30","    10.4"," ","S","30","    29.8"," ","S","30","    19.0"," ","S","30","    12.7"," ","S","30","     7.0"," ","S","30","     2.7"," ","S","30","     0.4"," ","S","30","     0.0"," ","S","30","     0.0"," ","S","30","    0.05"," ","S","30","    0.18"," ","S","30","    0.47"," ","S","30","    1.04"," ","S","30","   33.00"," ","S","30","     0.1"," ","S","30","     0.0"," ","S","30","     0.0"," ","S","30","     0.0"," ","S","30","     0.0"," ","S","30","     0.0"," ","S","30","     0.0"," ","S","30","     0.0"," ","S","30"," -9999.0","Y"," "," 0"," -9999.0","Y"," "," 0"," -9999.0","Y"," "," 0","     0.0"," ","S","30","    15.1"," ","S","30","     0.0"," ","S","30","     0.0"," ","S","30","     0.0"," ","S","30","     0.0"," ","S","30","     0.0"," ","S","30","     0.0"," ","S","30","     0.0"," ","S","30"," -9999.0","M"," "," 0"," -9999.0","M"," "," 0"," -9999.0","M"," "," 0"
"USC00118740","10-11"," 40.0839"," -88.2403"," 219.8","CHAMPAIGN 3S, IL US","10","11","99","    57.1"," ","S","30","    68.3"," ","S","30","    45.8"," ","S","30","    22.5"," ","S","30","     8.2"," ","S","30","     9.9"," ","S","30","     8.2"," ","S","30","     7.7"," ","S","30","     8.7"," ","S","30","     0.0","X","S","30","     0.2"," ","S","30","     0.9"," ","S","30","     2.5"," ","S","30","     3.4"," ","S","30","     5.1"," ","S","30","     0.8"," ","S","30","    17.1"," ","S","30","    12.3"," ","S","30","     8.0"," ","S","30","     4.6"," ","S","30","     3.5"," ","S","30","     2.2"," ","S","30","     0.2"," ","S","30","     0.1"," ","S","30","     0.8"," ","S","30","    17.1"," ","S","30","    12.3"," ","S","30","     8.0"," ","S","30","     4.6"," ","S","30","     3.5"," ","S","30","     2.2"," ","S","30","     0.2"," ","S","30","     0.1"," ","S","30","    11.4"," ","S","30","    10.1"," ","S","30","    30.0"," ","S","30","    19.1"," ","S","30","    12.8"," ","S","30","     7.0"," ","S","30","     2.7"," ","S","30","     0.4"," ","S","30","     0.0"," ","S","30","     0.0"," ","S","30","    0.05"," ","S","30","    0.18"," ","S","30","    0.47"," ","S","30","    1.14"," ","S","30","   33.10"," ","S","30","     0.2"," ","S","30","     0.0"," ","S","30","     0.0"," ","S","30","     0.0"," ","S","30","     0.0"," ","S","30","     0.0"," ","S","30","     0.0"," ","S","30","     0.0"," ","S","30"," -9999.0","Y"," "," 0"," -9999.0","Y"," "," 0"," -9999.0","Y"," "," 0","     0.0"," ","S","30","    15.1"," ","S","30","     0.0"," ","S","30","     0.0"," ","S","30","     0.0"," ","S","30","     0.0"," ","S","30","     0.0"," ","S","30","     0.0"," ","S","30","     0.0"," ","S","30"," -9999.0","M"," "," 0"," -9999.0","M"," "," 0"," -9999.0","M"," "," 0"
"USC00118740","10-12"," 40.0839"," -88.2403"," 219.8","CHAMPAIGN 3S, IL US","10","12","99","    56.6"," ","S","30","    67.8"," ","S","30","    45.4"," ","S","30","    22.4"," ","S","30","     8.2"," ","S","30","     9.9"," ","S","30","     8.2"," ","S","30","     7.7"," ","S","30","     9.1"," ","S","30","     0.0","X","S","30","     0.2"," ","S","30","     1.0"," ","S","30","     2.7"," ","S","30","     3.6"," ","S","30","     5.4"," ","S","30","     0.7"," ","S","30","    16.7"," ","S","30","    11.8"," ","S","30","     7.6"," ","S","30","     4.3"," ","S","30","     3.2"," ","S","30","     2.0"," ","S","30","     0.2"," ","S","30","     0.1"," ","S","30","     0.7"," ","S","30","    16.7"," ","S","30","    11.8"," ","S","30","     7.6"," ","S","30","     4.3"," ","S","30","     3.2"," ","S","30","     2.0"," ","S","30","     0.2"," ","S","30","     0.1"," ","S","30","    11.1"," ","S","30","     9.8"," ","S","30","    30.3"," ","S","30","    19.3"," ","S","30","    12.9"," ","S","30","     7.0"," ","S","30","     2.7"," ","S","30","     0.4"," ","S","30","     0.0"," ","S","30","     0.0"," ","S","30","    0.05"," ","S","30","    0.18"," ","S","30","    0.46"," ","S","30","    1.24"," ","S","30","   33.20"," ","S","30","     0.2"," ","S","30","     0.0"," ","S","30","     0.0"," ","S","30","     0.0"," ","S","30","     0.0"," ","S","30","     0.0"," ","S","30","     0.0"," ","S","30","     0.0"," ","S","30"," -9999.0","Y"," "," 0"," -9999.0","Y"," "," 0"," -9999.0","Y"," "," 0","     0.0"," ","S","30","    15.1"," ","S","30","     0.0"," ","S","30","     0.0"," ","S","30","     0.0"," ","S","30","     0.0"," ","S","30","     0.0"," ","S","30","     0.0"," ","S","30","     0.0"," ","S","30"," -9999.0","M"," "," 0"," -9999.0","M"," "," 0"," -9999.0","M"," "," 0"
"USC00118740","10-13"," 40.0839"," -88.2403"," 219.8","CHAMPAIGN 3S, IL US","10","13","99","    56.2"," ","S","30","    67.3"," ","S","30","    45.1"," ","S","30","    22.3"," ","S","30","     8.2"," ","S","30","     9.9"," ","S","30","     8.2"," ","S","30","     7.7"," ","S","30","     9.4"," ","S","30","     0.0","X","S","30","     0.2"," ","S","30","     1.0"," ","S","30","     2.8"," ","S","30","     3.8"," ","S","30","     5.6"," ","S","30","     0.6"," ","S","30","    16.2"," ","S","30","    11.4"," ","S","30","     7.2"," ","S","30","     4.0"," ","S","30","     3.0"," ","S","30","     1.8"," ","S","30","     0.1"," ","S","30","     0.1"," ","S","30","     0.6"," ","S","30","    16.2"," ","S","30","    11.4"," ","S","30","     7.2"," ","S","30","     4.0"," ","S","30","     3.0"," ","S","30","     1.8"," ","S","30","     0.1"," ","S","30","     0.1"," ","S","30","    10.8"," ","S","30","     9.5"," ","S","30","    30.5"," ","S","30","    19.4"," ","S","30","    13.0"," ","S","30","     7.0"," ","S","30","     2.7"," ","S","30","     0.4"," ","S","30","     0.0"," ","S","30","     0.0"," ","S","30","    0.05"," ","S","30","    0.18"," ","S","30","    0.46"," ","S","30","    1.35"," ","S","30","   33.31"," ","S","30","     0.2"," ","S","30","     0.0"," ","S","30","     0.0"," ","S","30","     0.0"," ","S","30","     0.0"," ","S","30","     0.0"," ","S","30","     0.0"," ","S","30","     0.0"," ","S","30"," -9999.0","Y"," "," 0"," -9999.0","Y"," "," 0"," -9999.0","Y"," "," 0","     0.0"," ","S","30","    15.1"," ","S","30"," -9999.0","Z"," "," 0","     0.0"," ","S","30","     0.0"," ","S","30","     0.0"," ","S","30","     0.0"," ","S","30","     0.0"," ","S","30","     0.0"," ","S","30"," -9999.0","M"," "," 0"," -9999.0","M"," "," 0"," -9999.0","M"," "," 0"
"USC00118740","10-14"," 40.0839"," -88.2403"," 219.8","CHAMPAIGN 3S, IL US","10","14","99","    55.8"," ","S","30","    66.9"," ","S","30","    44.7"," ","S","30","    22.2"," ","S","30","     8.3"," ","S","30","     9.9"," ","S","30","     8.3"," ","S","30","     7.8"," ","S","30","     9.7"," ","S","30","     0.0","X","S","30","     0.2"," ","S","30","     1.1"," ","S","30","     3.0"," ","S","30","     4.0"," ","S","30","     5.9"," ","S","30","     0.5"," ","S","30","    15.8"," ","S","30","    11.0"," ","S","30","     6.9"," ","S","30","     3.7"," ","S","30","     2.8"," ","S","30","     1.6"," ","S","30","     0.1"," ","S","30","     0.0","X","S","30","     0.5"," ","S","30","    15.8"," ","S","30","    11.0"," ","S","30","     6.9"," ","S","30","     3.7"," ","S","30","     2.8"," ","S","30","     1.6"," ","S","30","     0.1"," ","S","30","     0.0","X","S","30","    10.4"," ","S","30","     9.2"," ","S","30","    30.7"," ","S","30","    19.5"," ","S","30","    13.1"," ","S","30","     7.0"," ","S","30","     2.6"," ","S","30","     0.4"," ","S","30","     0.0"," ","S","30","     0.0"," ","S","30","    0.05"," ","S","30","    0.18"," ","S","30","    0.46"," ","S","30","    1.45"," ","S","30","   33.41"," ","S","30","     0.3"," ","S","30","     0.0"," ","S","30","     0.0"," ","S","30","     0.0"," ","S","30","     0.0"," ","S","30","     0.0"," ","S","30","     0.0"," ","S","30","     0.0"," ","S","30"," -9999.0","Y"," "," 0"," -9999.0","Y"," "," 0"," -9999.0","Y"," "," 0","     0.0"," ","S","30","    15.1"," ","S","30"," -9999.0","Z"," "," 0","     0.0"," ","S","30","     0.0"," ","S","30","     0.0"," ","S","30","     0.0"," ","S","30","     0.0"," ","S","30","     0.0"," ","S","30"," -9999.0","M"," "," 0"," -9999.0","M"," "," 0"," -9999.0","M"," "," 0"
"USC00118740","10-15"," 40.0839"," -88.2403"," 219.8","CHAMPAIGN 3S, IL US","10","15","99","    55.3"," ","S","30","    66.4"," ","S","30","    44.3"," ","S","30","    22.0"," ","S","30","     8.3"," ","S","30","    10.0"," ","S","30","     8.3"," ","S","30","     7.8"," ","S","30","    10.1"," ","S","30","     0.0","X","S","30","     0.3"," ","S","30","     1.2"," ","S","30","     3.2"," ","S","30","     4.3"," ","S","30","     6.2"," ","S","30","     0.4"," ","S","30","    15.4"," ","S","30","    10.6"," ","S","30","     6.5"," ","S","30","     3.5"," ","S","30","     2.6"," ","S","30","     1.5"," ","S","30","     0.1"," ","S","30","     0.0","X","S","30","     0.4"," ","S","30","    15.4"," ","S","30","    10.6"," ","S","30","     6.5"," ","S","30","     3.5"," ","S","30","     2.6"," ","S","30","     1.5"," ","S","30","     0.1"," ","S","30","     0.0","X","S","30","    10.1"," ","S","30","     8.9"," ","S","30","    30.9"," ","S","30","    19.7"," ","S","30","    13.2"," ","S","30","     7.1"," ","S","30","     2.6"," ","S","30","     0.4"," ","S","30","     0.0"," ","S","30","     0.0"," ","S","30","    0.05"," ","S","30","    0.18"," ","S","30","    0.46"," ","S","30","    1.56"," ","S","30","   33.52"," ","S","30","     0.3"," ","S","30"," -9999.0","Z"," "," 0","     0.0"," ","S","30","     0.0"," ","S","30","     0.0"," ","S","30","     0.0"," ","S","30","     0.0"," ","S","30","     0.0"," ","S","30"," -9999.0","Y"," "," 0"," -9999.0","Y"," "," 0"," -9999.0","Y"," "," 0","     0.0"," ","S","30","    15.1"," ","S","30"," -9999.0","Z"," "," 0","     0.0"," ","S","30","     0.0"," ","S","30","     0.0"," ","S","30","     0.0"," ","S","30","     0.0"," ","S","30","     0.0"," ","S","30"," -9999.0","M"," "," 0"," -9999.0","M"," "," 0"," -9999.0","M"," "," 0"
"USC00118740","10-16"," 40.0839"," -88.2403"," 219.8","CHAMPAIGN 3S, IL US","10","16","99","    54.9"," ","S","30","    65.9"," ","S","30","    43.9"," ","S","30","    21.9"," ","S","30","     8.3"," ","S","30","    10.0"," ","S","30","     8.3"," ","S","30","     7.8"," ","S","30","    10.5"," ","S","30","     0.0","X","S","30","     0.3"," ","S","30","     1.3"," ","S","30","     3.4"," ","S","30","     4.5"," ","S","30","     6.5"," ","S","30","     0.4"," ","S","30","    14.9"," ","S","30","    10.2"," ","S","30","     6.2"," ","S","30","     3.3"," ","S","30","     2.4"," ","S","30","     1.4"," ","S","30","     0.1"," ","S","30","     0.0","X","S","30","     0.4"," ","S","30","    14.9"," ","S","30","    10.2"," ","S","30","     6.2"," ","S","30","     3.3"," ","S","30","     2.4"," ","S","30","     1.4"," ","S","30","     0.1"," ","S","30","     0.0","X","S","30","     9.9"," ","S","30","     8.6"," ","S","30","    31.1"," ","S","30","    19.8"," ","S","30","    13.3"," ","S","30","     7.1"," ","S","30","     2.6"," ","S","30","     0.4"," ","S","30","     0.0"," ","S","30","     0.0"," ","S","30","    0.04"," ","S","30","    0.18"," ","S","30","    0.45"," ","S","30","    1.67"," ","S","30","   33.63"," ","S","30","     0.4"," ","S","30"," -9999.0","Z"," "," 0","     0.0"," ","S","30","     0.0"," ","S","30","     0.0"," ","S","30","     0.0"," ","S","30","     0.0"," ","S","30","     0.0"," ","S","30"," -9999.0","Y"," "," 0"," -9999.0","Y"," "," 0"," -9999.0","Y"," "," 0","     0.0"," ","S","30","    15.1"," ","S","30"," -9999.0","Z"," "," 0"," -9999.0","Z"," "," 0","     0.0"," ","S","30","     0.0"," ","S","30","     0.0"," ","S","30","     0.0"," ","S","30","     0.0"," ","S","30"," -9999.0","M"," "," 0"," -9999.0","M"," "," 0"," -9999.0","M"," "," 0"
"USC00118740","10-17"," 40.0839"," -88.2403"," 219.8","CHAMPAIGN 3S, IL US","10","17","99","    54.5"," ","S","30","    65.4"," ","S","30","    43.6"," ","S","30","    21.8"," ","S","30","     8.3"," ","S","30","    10.0"," ","S","30","     8.3"," ","S","30","     7.8"," ","S","30","    10.9"," ","S","30","     0.0","X","S","30","     0.4"," ","S","30","     1.4"," ","S","30","     3.6"," ","S","30","     4.8"," ","S","30","     6.8"," ","S","30","     0.3"," ","S","30","    14.5"," ","S","30","     9.8"," ","S","30","     5.9"," ","S","30","     3.1"," ","S","30","     2.3"," ","S","30","     1.3"," ","S","30","     0.0","X","S","30","     0.0","X","S","30","     0.3"," ","S","30","    14.5"," ","S","30","     9.8"," ","S","30","     5.9"," ","S","30","     3.1"," ","S","30","     2.3"," ","S","30","     1.3"," ","S","30","     0.0","X","S","30","     0.0","X","S","30","     9.6"," ","S","30","     8.3"," ","S","30","    31.2"," ","S","30","    19.8"," ","S","30","    13.3"," ","S","30","     7.1"," ","S","30","     2.6"," ","S","30","     0.4"," ","S","30","     0.0"," ","S","30","     0.0"," ","S","30","    0.04"," ","S","30","    0.18"," ","S","30","    0.45"," ","S","30","    1.78"," ","S","30","   33.74"," ","S","30","     0.4"," ","S","30"," -9999.0","Z"," "," 0","     0.0"," ","S","30","     0.0"," ","S","30","     0.0"," ","S","30","     0.0"," ","S","30","     0.0"," ","S","30","     0.0"," ","S","30"," -9999.0","Y"," "," 0"," -9999.0","Y"," "," 0"," -9999.0","Y"," "," 0","     0.0"," ","S","30","    15.1"," ","S","30"," -9999.0","Z"," "," 0"," -9999.0","Z"," "," 0","     0.0"," ","S","30","     0.0"," ","S","30","     0.0"," ","S","30","     0.0"," ","S","30","     0.0"," ","S","30"," -9999.0","M"," "," 0"," -9999.0","M"," "," 0"," -9999.0","M"," "," 0"
"USC00118740","10-18"," 40.0839"," -88.2403"," 219.8","CHAMPAIGN 3S, IL US","10","18","99","    54.0"," ","S","30","    64.9"," ","S","30","    43.2"," ","S","30","    21.7"," ","S","30","     8.4"," ","S","30","    10.1"," ","S","30","     8.4"," ","S","30","     7.9"," ","S","30","    11.3"," ","S","30","     0.1"," ","S","30","     0.4"," ","S","30","     1.6"," ","S","30","     3.9"," ","S","30","     5.1"," ","S","30","     7.2"," ","S","30","     0.3"," ","S","30","    14.1"," ","S","30","     9.4"," ","S","30","     5.6"," ","S","30","     2.9"," ","S","30","     2.1"," ","S","30","     1.2"," ","S","30","     0.0","X","S","30","     0.0","X","S","30","     0.3"," ","S","30","    14.1"," ","S","30","     9.4"," ","S","30","     5.6"," ","S","30","     2.9"," ","S","30","     2.1"," ","S","30","     1.2"," ","S","30","     0.0","X","S","30","     0.0","X","S","30","     9.3"," ","S","30","     8.1"," ","S","30","    31.4"," ","S","30","    20.0"," ","S","30","    13.4"," ","S","30","     7.1"," ","S","30","     2.5"," ","S","30","     0.4"," ","S","30","     0.0"," ","S","30","     0.0"," ","S","30","    0.04"," ","S","30","    0.18"," ","S","30","    0.45"," ","S","30","    1.90"," ","S","30","   33.86"," ","S","30","     0.5"," ","S","30"," -9999.0","Z"," "," 0","     0.0"," ","S","30","     0.0"," ","S","30","     0.0"," ","S","30","     0.0"," ","S","30","     0.0"," ","S","30","     0.0"," ","S","30"," -9999.0","Y"," "," 0"," -9999.0","Y"," "," 0"," -9999.0","Y"," "," 0","     0.0"," ","S","30","    15.1"," ","S","30"," -9999.0","Z"," "," 0"," -9999.0","Z"," "," 0","     0.0"," ","S","30","     0.0"," ","S","30","     0.0"," ","S","30","     0.0"," ","S","30","     0.0"," ","S","30"," -9999.0","M"," "," 0"," -9999.0","M"," "," 0"," -9999.0","M"," "," 0"
"USC00118740","10-19"," 40.0839"," -88.2403"," 219.8","CHAMPAIGN 3S, IL US","10","19","99","    53.6"," ","S","30","    64.4"," ","S","30","    42.8"," ","S","30","    21.6"," ","S","30","     8.4"," ","S","30","    10.1"," ","S","30","     8.4"," ","S","30","     7.9"," ","S","30","    11.7"," ","S","30","     0.1"," ","S","30","     0.5"," ","S","30","     1.7"," ","S","30","     4.1"," ","S","30","     5.4"," ","S","30","     7.5"," ","S","30","     0.3"," ","S","30","    13.6"," ","S","30","     9.0"," ","S","30","     5.3"," ","S","30","     2.7"," ","S","30","     2.0"," ","S","30","     1.1"," ","S","30","     0.0","X","S","30","     0.0","X","S","30","     0.3"," ","S","30","    13.6"," ","S","30","     9.0"," ","S","30","     5.3"," ","S","30","     2.7"," ","S","30","     2.0"," ","S","30","     1.1"," ","S","30","     0.0","X","S","30","     0.0","X","S","30","     9.0"," ","S","30","     7.8"," ","S","30","    31.5"," ","S","30","    20.0"," ","S","30","    13.5"," ","S","30","     7.0"," ","S","30","     2.5"," ","S","30","     0.4"," ","S","30","     0.0"," ","S","30","     0.0"," ","S","30","    0.04"," ","S","30","    0.18"," ","S","30","    0.45"," ","S","30","    2.02"," ","S","30","   33.98"," ","S","30","     0.6"," ","S","30"," -9999.0","Z"," "," 0","     0.0"," ","S","30","     0.0"," ","S","30","     0.0"," ","S","30","     0.0"," ","S","30","     0.0"," ","S","30","     0.0"," ","S","30"," -9999.0","Y"," "," 0"," -9999.0","Y"," "," 0"," -9999.0","Y"," "," 0","     0.0"," ","S","30","    15.1"," ","S","30"," -9999.0","Z"," "," 0"," -9999.0","Z"," "," 0","     0.0"," ","S","30","     0.0"," ","S","30","     0.0"," ","S","30","     0.0"," ","S","30","     0.0"," ","S","30"," -9999.0","M"," "," 0"," -9999.0","M"," "," 0"," -9999.0","M"," "," 0"
"USC00118740","10-20"," 40.0839"," -88.2403"," 219.8","CHAMPAIGN 3S, IL US","10","20","99","    53.1"," ","S","30","    63.9"," ","S","30","    42.4"," ","S","30","    21.4"," ","S","30","     8.4"," ","S","30","    10.2"," ","S","30","     8.4"," ","S","30","     7.9"," ","S","30","    12.1"," ","S","30","     0.1"," ","S","30","     0.5"," ","S","30","     1.9"," ","S","30","     4.4"," ","S","30","     5.7"," ","S","30","     7.9"," ","S","30","     0.3"," ","S","30","    13.2"," ","S","30","     8.6"," ","S","30","     5.0"," ","S","30","     2.5"," ","S","30","     1.8"," ","S","30","     1.0"," ","S","30","     0.0","X","S","30","     0.0","X","S","30","     0.3"," ","S","30","    13.2"," ","S","30","     8.6"," ","S","30","     5.0"," ","S","30","     2.5"," ","S","30","     1.8"," ","S","30","     1.0"," ","S","30","     0.0","X","S","30","     0.0","X","S","30","     8.7"," ","S","30","     7.5"," ","S","30","    31.6"," ","S","30","    20.1"," ","S","30","    13.6"," ","S","30","     7.0"," ","S","30","     2.5"," ","S","30","     0.4"," ","S","30","     0.0"," ","S","30","     0.0"," ","S","30","    0.04"," ","S","30","    0.18"," ","S","30","    0.45"," ","S","30","    2.13"," ","S","30","   34.09"," ","S","30","     0.7"," ","S","30"," -9999.0","Z"," "," 0","     0.0"," ","S","30","     0.0"," ","S","30","     0.0"," ","S","30","     0.0"," ","S","30","     0.0"," ","S","30","     0.0"," ","S","30"," -9999.0","Y"," "," 0"," -9999.0","Y"," "," 0"," -9999.0","Y"," "," 0","     0.0"," ","S","30","    15.1"," ","S","30"," -9999.0","Z"," "," 0"," -9999.0","Z"," "," 0","     0.0"," ","S","30","     0.0"," ","S","30","     0.0"," ","S","30","     0.0"," ","S","30","     0.0"," ","S","30"," -9999.0","M"," "," 0"," -9999.0","M"," "," 0"," -9999.0","M"," "," 0"
"USC00118740","10-21"," 40.0839"," -88.2403"," 219.8","CHAMPAIGN 3S, IL US","10","21","99","    52.7"," ","S","30","    63.4"," ","S","30","    42.0"," ","S","30","    21.3"," ","S","30","     8.5"," ","S","30","    10.2"," ","S","30","     8.4"," ","S","30","     7.9"," ","S","30","    12.5"," ","S","30","     0.1"," ","S","30","     0.6"," ","S","30","     2.0"," ","S","30","     4.7"," ","S","30","     6.0"," ","S","30","     8.3"," ","S","30","     0.2"," ","S","30","    12.8"," ","S","30","     8.3"," ","S","30","     4.7"," ","S","30","     2.4"," ","S","30","     1.7"," ","S","30","     1.0"," ","S","30","     0.0","X","S","30","     0.0","X","S","30","     0.2"," ","S","30","    12.8"," ","S","30","     8.3"," ","S","30","     4.7"," ","S","30","     2.4"," ","S","30","     1.7"," ","S","30","     1.0"," ","S","30","     0.0","X","S","30","     0.0","X","S","30","     8.4"," ","S","30","     7.3"," ","S","30","    31.8"," ","S","30","    20.2"," ","S","30","    13.6"," ","S","30","     7.0"," ","S","30","     2.5"," ","S","30","     0.4"," ","S","30","     0.0"," ","S","30","     0.0"," ","S","30","    0.04"," ","S","30","    0.18"," ","S","30","    0.44"," ","S","30","    2.24"," ","S","30","   34.20"," ","S","30","     0.7"," ","S","30"," -9999.0","Z"," "," 0","     0.0"," ","S","30","     0.0"," ","S","30","     0.0"," ","S","30","     0.0"," ","S","30","     0.0"," ","S","30","     0.0"," ","S","30"," -9999.0","Y"," "," 0"," -9999.0","Y"," "," 0"," -9999.0","Y"," "," 0","     0.0"," ","S","30","    15.1"," ","S","30"," -9999.0","Z"," "," 0"," -9999.0","Z"," "," 0","     0.0"," ","S","30","     0.0"," ","S","30","     0.0"," ","S","30","     0.0"," ","S","30","     0.0"," ","S","30"," -9999.0","M"," "," 0"," -9999.0","M"," "," 0"," -9999.0","M"," "," 0"
"USC00118740","10-22"," 40.0839"," -88.2403"," 219.8","CHAMPAIGN 3S, IL US","10","22","99","    52.2"," ","S","30","    62.9"," ","S","30","    41.6"," ","S","30","    21.2"," ","S","30","     8.5"," ","S","30","    10.2"," ","S","30","     8.5"," ","S","30","     7.9"," ","S","30","    13.0"," ","S","30","     0.1"," ","S","30","     0.6"," ","S","30","     2.2"," ","S","30","     4.9"," ","S","30","     6.3"," ","S","30","     8.6"," ","S","30","     0.2"," ","S","30","    12.3"," ","S","30","     7.9"," ","S","30","     4.4"," ","S","30","     2.2"," ","S","30","     1.6"," ","S","30","     0.9"," ","S","30","     0.0","X","S","30","     0.0","X","S","30","     0.2"," ","S","30","    12.3"," ","S","30","     7.9"," ","S","30","     4.4"," ","S","30","     2.2"," ","S","30","     1.6"," ","S","30","     0.9"," ","S","30","     0.0","X","S","30","     0.0","X","S","30","     8.1"," ","S","30","     7.0"," ","S","30","    31.9"," ","S","30","    20.2"," ","S","30","    13.7"," ","S","30","     7.0"," ","S","30","     2.4"," ","S","30","     0.4"," ","S","30","     0.0"," ","S","30","     0.0"," ","S","30","    0.04"," ","S","30","    0.18"," ","S","30","    0.44"," ","S","30","    2.35"," ","S","30","   34.31"," ","S","30","     0.8"," ","S","30"," -9999.0","Z"," "," 0","     0.0"," ","S","30","     0.0"," ","S","30","     0.0"," ","S","30","     0.0"," ","S","30","     0.0"," ","S","30","     0.0"," ","S","30"," -9999.0","Y"," "," 0"," -9999.0","Y"," "," 0"," -9999.0","Y"," "," 0","     0.0"," ","S","30","    15.1"," ","S","30"," -9999.0","Z"," "," 0"," -9999.0","Z"," "," 0","     0.0"," ","S","30","     0.0"," ","S","30","     0.0"," ","S","30","     0.0"," ","S","30","     0.0"," ","S","30"," -9999.0","M"," "," 0"," -9999.0","M"," "," 0"," -9999.0","M"," "," 0"
"USC00118740","10-23"," 40.0839"," -88.2403"," 219.8","CHAMPAIGN 3S, IL US","10","23","99","    51.8"," ","S","30","    62.3"," ","S","30","    41.3"," ","S","30","    21.1"," ","S","30","     8.6"," ","S","30","    10.3"," ","S","30","     8.5"," ","S","30","     7.9"," ","S","30","    13.4"," ","S","30","     0.1"," ","S","30","     0.7"," ","S","30","     2.4"," ","S","30","     5.2"," ","S","30","     6.6"," ","S","30","     9.0"," ","S","30","     0.2"," ","S","30","    11.9"," ","S","30","     7.5"," ","S","30","     4.2"," ","S","30","     2.0"," ","S","30","     1.5"," ","S","30","     0.8"," ","S","30","     0.0","X","S","30","     0.0","X","S","30","     0.2"," ","S","30","    11.9"," ","S","30","     7.5"," ","S","30","     4.2"," ","S","30","     2.0"," ","S","30","     1.5"," ","S","30","     0.8"," ","S","30","     0.0","X","S","30","     0.0","X","S","30","     7.9"," ","S","30","     6.8"," ","S","30","    32.1"," ","S","30","    20.3"," ","S","30","    13.8"," ","S","30","     7.0"," ","S","30","     2.4"," ","S","30","     0.4"," ","S","30","     0.0"," ","S","30","     0.0"," ","S","30","    0.04"," ","S","30","    0.18"," ","S","30","    0.44"," ","S","30","    2.47"," ","S","30","   34.43"," ","S","30","     0.9"," ","S","30"," -9999.0","Z"," "," 0","     0.0"," ","S","30","     0.0"," ","S","30","     0.0"," ","S","30","     0.0"," ","S","30","     0.0"," ","S","30","     0.0"," ","S","30"," -9999.0","Y"," "," 0"," -9999.0","Y"," "," 0"," -9999.0","Y"," "," 0","     0.0"," ","S","30","    15.1"," ","S","30"," -9999.0","Z"," "," 0"," -9999.0","Z"," "," 0","     0.0"," ","S","30","     0.0"," ","S","30","     0.0"," ","S","30","     0.0"," ","S","30","     0.0"," ","S","30"," -9999.0","M"," "," 0"," -9999.0","M"," "," 0"," -9999.0","M"," "," 0"
"USC00118740","10-24"," 40.0839"," -88.2403"," 219.8","CHAMPAIGN 3S, IL US","10","24","99","    51.4"," ","S","30","    61.8"," ","S","30","    40.9"," ","S","30","    21.0"," ","S","30","     8.6"," ","S","30","    10.4"," ","S","30","     8.5"," ","S","30","     7.9"," ","S","30","    13.8"," ","S","30","     0.2"," ","S","30","     0.9"," ","S","30","     2.6"," ","S","30","     5.5"," ","S","30","     7.0"," ","S","30","     9.4"," ","S","30","     0.2"," ","S","30","    11.5"," ","S","30","     7.2"," ","S","30","     4.0"," ","S","30","     1.9"," ","S","30","     1.3"," ","S","30","     0.7"," ","S","30","     0.0","X","S","30","     0.0","X","S","30","     0.2"," ","S","30","    11.5"," ","S","30","     7.2"," ","S","30","     4.0"," ","S","30","     1.9"," ","S","30","     1.3"," ","S","30","     0.7"," ","S","30","     0.0","X","S","30","     0.0","X","S","30","     7.6"," ","S","30","     6.5"," ","S","30","    32.2"," ","S","30","    20.4"," ","S","30","    13.9"," ","S","30","     6.9"," ","S","30","     2.4"," ","S","30","     0.4"," ","S","30","     0.0"," ","S","30","     0.0"," ","S","30","    0.04"," ","S","30","    0.18"," ","S","30","    0.44"," ","S","30","    2.58"," ","S","30","   34.54"," ","S","30","     1.0"," ","S","30"," -9999.0","Z"," "," 0","     0.0"," ","S","30","     0.0"," ","S","30","     0.0"," ","S","30","     0.0"," ","S","30","     0.0"," ","S","30","     0.0"," ","S","30"," -9999.0","Y"," "," 0"," -9999.0","Y"," "," 0"," -9999.0","Y"," "," 0","     0.0"," ","S","30","    15.1"," ","S","30"," -9999.0","Z"," "," 0"," -9999.0","Z"," "," 0","     0.0"," ","S","30","     0.0"," ","S","30","     0.0"," ","S","30","     0.0"," ","S","30","     0.0"," ","S","30"," -9999.0","M"," "," 0"," -9999.0","M"," "," 0"," -9999.0","M"," "," 0"
"USC00118740","10-25"," 40.0839"," -88.2403"," 219.8","CHAMPAIGN 3S, IL US","10","25","99","    50.9"," ","S","30","    61.3"," ","S","30","    40.5"," ","S","30","    20.9"," ","S","30","     8.7"," ","S","30","    10.4"," ","S","30","     8.6"," ","S","30","     8.0"," ","S","30","    14.2"," ","S","30","     0.2"," ","S","30","     1.0"," ","S","30","     2.9"," ","S","30","     5.9"," ","S","30","     7.3"," ","S","30","     9.8"," ","S","30","     0.2"," ","S","30","    11.2"," ","S","30","     6.9"," ","S","30","     3.8"," ","S","30","     1.8"," ","S","30","     1.2"," ","S","30","     0.7"," ","S","30","     0.0","X","S","30","     0.0","X","S","30","     0.2"," ","S","30","    11.2"," ","S","30","     6.9"," ","S","30","     3.8"," ","S","30","     1.8"," ","S","30","     1.2"," ","S","30","     0.7"," ","S","30","     0.0","X","S","30","     0.0","X","S","30","     7.3"," ","S","30","     6.3"," ","S","30","    32.3"," ","S","30","    20.5"," ","S","30","    14.0"," ","S","30","     6.9"," ","S","30","     2.3"," ","S","30","     0.4"," ","S","30","     0.0"," ","S","30","     0.0"," ","S","30","    0.04"," ","S","30","    0.18"," ","S","30","    0.43"," ","S","30","    2.69"," ","S","30","   34.65"," ","S","30","     1.1"," ","S","30"," -9999.0","Z"," "," 0","     0.0"," ","S","30","     0.0"," ","S","30","     0.0"," ","S","30","     0.0"," ","S","30","     0.0"," ","S","30","     0.0"," ","S","30"," -9999.0","Y"," "," 0"," -9999.0","Y"," "," 0"," -9999.0","Y"," "," 0","     0.0"," ","S","30","    15.1"," ","S","30"," -9999.0","Z"," "," 0"," -9999.0","Z"," "," 0","     0.0"," ","S","30","     0.0"," ","S","30","     0.0"," ","S","30","     0.0"," ","S","30","     0.0"," ","S","30"," -9999.0","M"," "," 0"," -9999.0","M"," "," 0"," -9999.0","M"," "," 0"
"USC00118740","10-26"," 40.0839"," -88.2403"," 219.8","CHAMPAIGN 3S, IL US","10","26","99","    50.5"," ","S","30","    60.8"," ","S","30","    40.1"," ","S","30","    20.7"," ","S","30","     8.7"," ","S","30","    10.5"," ","S","30","     8.6"," ","S","30","     8.0"," ","S","30","    14.7"," ","S","30","     0.3"," ","S","30","     1.2"," ","S","30","     3.2"," ","S","30","     6.2"," ","S","30","     7.7"," ","S","30","    10.2"," ","S","30","     0.1"," ","S","30","    10.8"," ","S","30","     6.7"," ","S","30","     3.6"," ","S","30","     1.7"," ","S","30","     1.2"," ","S","30","     0.6"," ","S","30","     0.0","X","S","30","     0.0","X","S","30","     0.1"," ","S","30","    10.8"," ","S","30","     6.7"," ","S","30","     3.6"," ","S","30","     1.7"," ","S","30","     1.2"," ","S","30","     0.6"," ","S","30","     0.0","X","S","30","     0.0","X","S","30","     7.1"," ","S","30","     6.1"," ","S","30","    32.5"," ","S","30","    20.5"," ","S","30","    14.1"," ","S","30","     6.9"," ","S","30","     2.3"," ","S","30","     0.4"," ","S","30","     0.0"," ","S","30","     0.0"," ","S","30","    0.04"," ","S","30","    0.18"," ","S","30","    0.43"," ","S","30","    2.80"," ","S","30","   34.76"," ","S","30","     1.2"," ","S","30"," -9999.0","Z"," "," 0","     0.0"," ","S","30","     0.0"," ","S","30","     0.0"," ","S","30","     0.0"," ","S","30","     0.0"," ","S","30","     0.0"," ","S","30"," -9999.0","Y"," "," 0"," -9999.0","Y"," "," 0"," -9999.0","Y"," "," 0","     0.0"," ","S","30","    15.1"," ","S","30"," -9999.0","Z"," "," 0"," -9999.0","Z"," "," 0","     0.0"," ","S","30","     0.0"," ","S","30","     0.0"," ","S","30","     0.0"," ","S","30","     0.0"," ","S","30"," -9999.0","M"," "," 0"," -9999.0","M"," "," 0"," -9999.0","M"," "," 0"
"USC00118740","10-27"," 40.0839"," -88.2403"," 219.8","CHAMPAIGN 3S, IL US","10","27","99","    50.0"," ","S","30","    60.3"," ","S","30","    39.7"," ","S","30","    20.6"," ","S","30","     8.8"," ","S","30","    10.6"," ","S","30","     8.6"," ","S","30","     8.0"," ","S","30","    15.1"," ","S","30","     0.4"," ","S","30","     1.4"," ","S","30","     3.5"," ","S","30","     6.6"," ","S","30","     8.1"," ","S","30","    10.6"," ","S","30","     0.1"," ","S","30","    10.4"," ","S","30","     6.4"," ","S","30","     3.5"," ","S","30","     1.6"," ","S","30","     1.1"," ","S","30","     0.6"," ","S","30","     0.0","X","S","30","     0.0","X","S","30","     0.1"," ","S","30","    10.4"," ","S","30","     6.4"," ","S","30","     3.5"," ","S","30","     1.6"," ","S","30","     1.1"," ","S","30","     0.6"," ","S","30","     0.0","X","S","30","     0.0","X","S","30","     6.9"," ","S","30","     5.9"," ","S","30","    32.7"," ","S","30","    20.6"," ","S","30","    14.2"," ","S","30","     6.9"," ","S","30","     2.3"," ","S","30","     0.4"," ","S","30","     0.0"," ","S","30","     0.0"," ","S","30","    0.04"," ","S","30","    0.18"," ","S","30","    0.43"," ","S","30","    2.91"," ","S","30","   34.87"," ","S","30","     1.3"," ","S","30"," -9999.0","Z"," "," 0","     0.0"," ","S","30","     0.0"," ","S","30","     0.0"," ","S","30","     0.0"," ","S","30","     0.0"," ","S","30","     0.0"," ","S","30"," -9999.0","Y"," "," 0"," -9999.0","Y"," "," 0"," -9999.0","Y"," "," 0","     0.0"," ","S","30","    15.1"," ","S","30"," -9999.0","Z"," "," 0"," -9999.0","Z"," "," 0","     0.0"," ","S","30","     0.0"," ","S","30","     0.0"," ","S","30","     0.0"," ","S","30","     0.0"," ","S","30"," -9999.0","M"," "," 0"," -9999.0","M"," "," 0"," -9999.0","M"," "," 0"
"USC00118740","10-28"," 40.0839"," -88.2403"," 219.8","CHAMPAIGN 3S, IL US","10","28","99","    49.6"," ","S","30","    59.8"," ","S","30","    39.3"," ","S","30","    20.5"," ","S","30","     8.8"," ","S","30","    10.6"," ","S","30","     8.7"," ","S","30","     8.0"," ","S","30","    15.6"," ","S","30","     0.5"," ","S","30","     1.6"," ","S","30","     3.8"," ","S","30","     7.0"," ","S","30","     8.5"," ","S","30","    11.0"," ","S","30","     0.1"," ","S","30","    10.1"," ","S","30","     6.2"," ","S","30","     3.3"," ","S","30","     1.5"," ","S","30","     1.0"," ","S","30","     0.5"," ","S","30","     0.0","X","S","30","     0.0"," ","S","30","     0.1"," ","S","30","    10.1"," ","S","30","     6.2"," ","S","30","     3.3"," ","S","30","     1.5"," ","S","30","     1.0"," ","S","30","     0.5"," ","S","30","     0.0","X","S","30","     0.0"," ","S","30","     6.7"," ","S","30","     5.7"," ","S","30","    32.8"," ","S","30","    20.7"," ","S","30","    14.2"," ","S","30","     6.9"," ","S","30","     2.3"," ","S","30","     0.4"," ","S","30","     0.0"," ","S","30","     0.0"," ","S","30","    0.04"," ","S","30","    0.18"," ","S","30","    0.43"," ","S","30","    3.02"," ","S","30","   34.98"," ","S","30","     1.4"," ","S","30"," -9999.0","Z"," "," 0","     0.0"," ","S","30","     0.0"," ","S","30","     0.0"," ","S","30","     0.0"," ","S","30","     0.0"," ","S","30","     0.0"," ","S","30"," -9999.0","Y"," "," 0"," -9999.0","Y"," "," 0"," -9999.0","Y"," "," 0","     0.0"," ","S","30","    15.1"," ","S","30"," -9999.0","Z"," "," 0"," -9999.0","Z"," "," 0","     0.0"," ","S","30","     0.0"," ","S","30","     0.0"," ","S","30","     0.0"," ","S","30","     0.0"," ","S","30"," -9999.0","M"," "," 0"," -9999.0","M"," "," 0"," -9999.0","M"," "," 0"
"USC00118740","10-29"," 40.0839"," -88.2403"," 219.8","CHAMPAIGN 3S, IL US","10","29","99","    49.1"," ","S","30","    59.3"," ","S","30","    38.9"," ","S","30","    20.4"," ","S","30","     8.9"," ","S","30","    10.7"," ","S","30","     8.7"," ","S","30","     8.0"," ","S","30","    16.0"," ","S","30","     0.6"," ","S","30","     1.8"," ","S","30","     4.1"," ","S","30","     7.3"," ","S","30","     8.9"," ","S","30","    11.4"," ","S","30","     0.1"," ","S","30","     9.7"," ","S","30","     5.9"," ","S","30","     3.2"," ","S","30","     1.4"," ","S","30","     1.0"," ","S","30","     0.5"," ","S","30","     0.0","X","S","30","     0.0"," ","S","30","     0.1"," ","S","30","     9.7"," ","S","30","     5.9"," ","S","30","     3.2"," ","S","30","     1.4"," ","S","30","     1.0"," ","S","30","     0.5"," ","S","30","     0.0","X","S","30","     0.0"," ","S","30","     6.5"," ","S","30","     5.5"," ","S","30","    32.9"," ","S","30","    20.7"," ","S","30","    14.3"," ","S","30","     6.9"," ","S","30","     2.3"," ","S","30","     0.4"," ","S","30","     0.0"," ","S","30","     0.0"," ","S","30","    0.04"," ","S","30","    0.18"," ","S","30","    0.43"," ","S","30","    3.14"," ","S","30","   35.10"," ","S","30","     1.5"," ","S","30"," -9999.0","Z"," "," 0","     0.0"," ","S","30","     0.0"," ","S","30","     0.0"," ","S","30","     0.0"," ","S","30","     0.0"," ","S","30","     0.0"," ","S","30"," -9999.0","Y"," "," 0"," -9999.0","Y"," "," 0"," -9999.0","Y"," "," 0","     0.0"," ","S","30","    15.1"," ","S","30"," -9999.0","Z"," "," 0"," -9999.0","Z"," "," 0","     0.0"," ","S","30","     0.0"," ","S","30","     0.0"," ","S","30","     0.0"," ","S","30","     0.0"," ","S","30"," -9999.0","M"," "," 0"," -9999.0","M"," "," 0"," -9999.0","M"," "," 0"
"USC00118740","10-30"," 40.0839"," -88.2403"," 219.8","CHAMPAIGN 3S, IL US","10","30","99","    48.7"," ","S","30","    58.8"," ","S","30","    38.5"," ","S","30","    20.3"," ","S","30","     9.0"," ","S","30","    10.8"," ","S","30","     8.7"," ","S","30","     7.9"," ","S","30","    16.4"," ","S","30","     0.7"," ","S","30","     2.0"," ","S","30","     4.3"," ","S","30","     7.7"," ","S","30","     9.2"," ","S","30","    11.8"," ","S","30","     0.1"," ","S","30","     9.4"," ","S","30","     5.6"," ","S","30","     3.0"," ","S","30","     1.3"," ","S","30","     0.9"," ","S","30","     0.4"," ","S","30","     0.0","X","S","30","     0.0"," ","S","30","     0.1"," ","S","30","     9.4"," ","S","30","     5.6"," ","S","30","     3.0"," ","S","30","     1.3"," ","S","30","     0.9"," ","S","30","     0.4"," ","S","30","     0.0","X","S","30","     0.0"," ","S","30","     6.2"," ","S","30","     5.3"," ","S","30","    32.9"," ","S","30","    20.8"," ","S","30","    14.3"," ","S","30","     6.9"," ","S","30","     2.3"," ","S","30","     0.4"," ","S","30","     0.0"," ","S","30","     0.0"," ","S","30","    0.04"," ","S","30","    0.18"," ","S","30","    0.43"," ","S","30","    3.24"," ","S","30","   35.20"," ","S","30","     1.6"," ","S","30"," -9999.0","Z"," "," 0","     0.0"," ","S","30","     0.0"," ","S","30","     0.0"," ","S","30","     0.0"," ","S","30","     0.0"," ","S","30","     0.0"," ","S","30"," -9999.0","Y"," "," 0"," -9999.0","Y"," "," 0"," -9999.0","Y"," "," 0","     0.0"," ","S","30","    15.1"," ","S","30"," -9999.0","Z"," "," 0"," -9999.0","Z"," "," 0","     0.0"," ","S","30","     0.0"," ","S","30","     0.0"," ","S","30","     0.0"," ","S","30","     0.0"," ","S","30"," -9999.0","M"," "," 0"," -9999.0","M"," "," 0"," -9999.0","M"," "," 0"
"USC00118740","10-31"," 40.0839"," -88.2403"," 219.8","CHAMPAIGN 3S, IL US","10","31","99","    48.2"," ","S","30","    58.3"," ","S","30","    38.1"," ","S","30","    20.2"," ","S","30","     9.0"," ","S","30","    10.8"," ","S","30","     8.8"," ","S","30","     7.9"," ","S","30","    16.9"," ","S","30","     0.9"," ","S","30","     2.2"," ","S","30","     4.6"," ","S","30","     8.0"," ","S","30","     9.6"," ","S","30","    12.2"," ","S","30","     0.1"," ","S","30","     9.1"," ","S","30","     5.4"," ","S","30","     2.8"," ","S","30","     1.2"," ","S","30","     0.8"," ","S","30","     0.4"," ","S","30","     0.0","X","S","30","     0.0"," ","S","30","     0.1"," ","S","30","     9.1"," ","S","30","     5.4"," ","S","30","     2.8"," ","S","30","     1.2"," ","S","30","     0.8"," ","S","30","     0.4"," ","S","30","     0.0","X","S","30","     0.0"," ","S","30","     6.0"," ","S","30","     5.1"," ","S","30","    33.0"," ","S","30","    20.8"," ","S","30","    14.4"," ","S","30","     6.9"," ","S","30","     2.2"," ","S","30","     0.4"," ","S","30","     0.0"," ","S","30","     0.0"," ","S","30","    0.04"," ","S","30","    0.18"," ","S","30","    0.43"," ","S","30","    3.35"," ","S","30","   35.31"," ","S","30","     1.7"," ","S","30"," -9999.0","Z"," "," 0","     0.0"," ","S","30","     0.0"," ","S","30","     0.0"," ","S","30","     0.0"," ","S","30","     0.0"," ","S","30","     0.0"," ","S","30"," -9999.0","Y"," "," 0"," -9999.0","Y"," "," 0"," -9999.0","Y"," "," 0","     0.0"," ","S","30","    15.1"," ","S","30"," -9999.0","Z"," "," 0"," -9999.0","Z"," "," 0","     0.0"," ","S","30","     0.0"," ","S","30","     0.0"," ","S","30","     0.0"," ","S","30","     0.0"," ","S","30"," -9999.0","M"," "," 0"," -9999.0","M"," "," 0"," -9999.0","M"," "," 0"
"USC00118740","11-01"," 40.0839"," -88.2403"," 219.8","CHAMPAIGN 3S, IL US","11","01","99","    47.8"," ","S","30","    57.8"," ","S","30","    37.7"," ","S","30","    20.1"," ","S","30","     9.1"," ","S","30","    10.9"," ","S","30","     8.8"," ","S","30","     7.9"," ","S","30","    17.3"," ","S","30","     1.0"," ","S","30","     2.4"," ","S","30","     4.9"," ","S","30","     8.4"," ","S","30","    10.0"," ","S","30","    12.6"," ","S","30","     0.1"," ","S","30","     8.7"," ","S","30","     5.2"," ","S","30","     2.7"," ","S","30","     1.1"," ","S","30","     0.7"," ","S","30","     0.3"," ","S","30","     0.0","X","S","30","     0.0"," ","S","30","     0.1"," ","S","30","     8.7"," ","S","30","     5.2"," ","S","30","     2.7"," ","S","30","     1.1"," ","S","30","     0.7"," ","S","30","     0.3"," ","S","30","     0.0","X","S","30","     0.0"," ","S","30","     5.8"," ","S","30","     4.9"," ","S","30","    33.0"," ","S","30","    20.8"," ","S","30","    14.4"," ","S","30","     6.9"," ","S","30","     2.2"," ","S","30","     0.4"," ","S","30","     0.0"," ","S","30","     0.0"," ","S","30","    0.04"," ","S","30","    0.18"," ","S","30","    0.43"," ","S","30","    0.11"," ","S","30","   35.42"," ","S","30","     1.8"," ","S","30","     0.6"," ","S","30","     0.1"," ","S","30","     0.0"," ","S","30","     0.0"," ","S","30","     0.0"," ","S","30","     0.0"," ","S","30","     0.0"," ","S","30"," -9999.0","Y"," "," 0"," -9999.0","Y"," "," 0"," -9999.0","Y"," "," 0","     0.0"," ","S","30","    15.1"," ","S","30","     1.2"," ","S","30","     0.8"," ","S","30","     0.2"," ","S","30","     0.0"," ","S","30","     0.0"," ","S","30","     0.0"," ","S","30","     0.0"," ","S","30"," -9999.0","Y"," "," 0"," -9999.0","Y"," "," 0"," -9999.0","Y"," "," 0"
"USC00118740","11-02"," 40.0839"," -88.2403"," 219.8","CHAMPAIGN 3S, IL US","11","02","99","    47.3"," ","S","30","    57.3"," ","S","30","    37.3"," ","S","30","    20.0"," ","S","30","     9.1"," ","S","30","    10.9"," ","S","30","     8.9"," ","S","30","     7.9"," ","S","30","    17.8"," ","S","30","     1.1"," ","S","30","     2.6"," ","S","30","     5.2"," ","S","30","     8.7"," ","S","30","    10.4"," ","S","30","    13.0"," ","S","30","     0.1"," ","S","30","     8.4"," ","S","30","     4.9"," ","S","30","     2.5"," ","S","30","     1.0"," ","S","30","     0.6"," ","S","30","     0.3"," ","S","30","     0.0","X","S","30","     0.0"," ","S","30","     0.1"," ","S","30","     8.4"," ","S","30","     4.9"," ","S","30","     2.5"," ","S","30","     1.0"," ","S","30","     0.6"," ","S","30","     0.3"," ","S","30","     0.0","X","S","30","     0.0"," ","S","30","     5.6"," ","S","30","     4.7"," ","S","30","    33.0"," ","S","30","    20.8"," ","S","30","    14.4"," ","S","30","     6.9"," ","S","30","     2.2"," ","S","30","     0.4"," ","S","30","     0.0"," ","S","30","     0.0"," ","S","30","    0.04"," ","S","30","    0.18"," ","S","30","    0.43"," ","S","30","    0.22"," ","S","30","   35.53"," ","S","30","     2.0"," ","S","30","     0.6"," ","S","30","     0.1"," ","S","30","     0.0"," ","S","30","     0.0"," ","S","30","     0.0"," ","S","30","     0.0"," ","S","30","     0.0"," ","S","30"," -9999.0","Y"," "," 0"," -9999.0","Y"," "," 0"," -9999.0","Y"," "," 0","     0.0"," ","S","30","    15.1"," ","S","30","     1.3"," ","S","30","     0.9"," ","S","30","     0.2"," ","S","30","     0.0"," ","S","30","     0.0"," ","S","30","     0.0"," ","S","30","     0.0"," ","S","30"," -9999.0","Y"," "," 0"," -9999.0","Y"," "," 0"," -9999.0","Y"," "," 0"
"USC00118740","11-03"," 40.0839"," -88.2403"," 219.8","CHAMPAIGN 3S, IL US","11","03","99","    46.8"," ","S","30","    56.8"," ","S","30","    36.9"," ","S","30","    19.9"," ","S","30","     9.2"," ","S","30","    11.0"," ","S","30","     8.9"," ","S","30","     7.9"," ","S","30","    18.2"," ","S","30","     1.3"," ","S","30","     2.9"," ","S","30","     5.6"," ","S","30","     9.1"," ","S","30","    10.8"," ","S","30","    13.4"," ","S","30","     0.1"," ","S","30","     8.1"," ","S","30","     4.7"," ","S","30","     2.4"," ","S","30","     1.0"," ","S","30","     0.6"," ","S","30","     0.3"," ","S","30","     0.0","X","S","30","     0.0"," ","S","30","     0.1"," ","S","30","     8.1"," ","S","30","     4.7"," ","S","30","     2.4"," ","S","30","     1.0"," ","S","30","     0.6"," ","S","30","     0.3"," ","S","30","     0.0","X","S","30","     0.0"," ","S","30","     5.4"," ","S","30","     4.5"," ","S","30","    33.0"," ","S","30","    20.8"," ","S","30","    14.4"," ","S","30","     6.9"," ","S","30","     2.1"," ","S","30","     0.3"," ","S","30","     0.0"," ","S","30","     0.0"," ","S","30","    0.04"," ","S","30","    0.18"," ","S","30","    0.43"," ","S","30","    0.33"," ","S","30","   35.64"," ","S","30","     2.1"," ","S","30","     0.7"," ","S","30","     0.1"," ","S","30","     0.0"," ","S","30","     0.0"," ","S","30","     0.0"," ","S","30","     0.0"," ","S","30","     0.0"," ","S","30"," -9999.0","Y"," "," 0"," -9999.0","Y"," "," 0"," -9999.0","Y"," "," 0","     0.0"," ","S","30","    15.1"," ","S","30","     1.4"," ","S","30","     1.0"," ","S","30","     0.2"," ","S","30","     0.0"," ","S","30","     0.0"," ","S","30","     0.0"," ","S","30","     0.0"," ","S","30"," -9999.0","Y"," "," 0"," -9999.0","Y"," "," 0"," -9999.0","Y"," "," 0"
"USC00118740","11-04"," 40.0839"," -88.2403"," 219.8","CHAMPAIGN 3S, IL US","11","04","99","    46.4"," ","S","30","    56.3"," ","S","30","    36.5"," ","S","30","    19.8"," ","S","30","     9.2"," ","S","30","    11.0"," ","S","30","     8.9"," ","S","30","     7.9"," ","S","30","    18.7"," ","S","30","     1.4"," ","S","30","     3.1"," ","S","30","     5.9"," ","S","30","     9.5"," ","S","30","    11.2"," ","S","30","    13.9"," ","S","30","     0.0","X","S","30","     7.8"," ","S","30","     4.5"," ","S","30","     2.3"," ","S","30","     0.9"," ","S","30","     0.6"," ","S","30","     0.2"," ","S","30","     0.0","X","S","30","     0.0"," ","S","30","     0.0","X","S","30","     7.8"," ","S","30","     4.5"," ","S","30","     2.3"," ","S","30","     0.9"," ","S","30","     0.6"," ","S","30","     0.2"," ","S","30","     0.0","X","S","30","     0.0"," ","S","30","     5.2"," ","S","30","     4.3"," ","S","30","    33.0"," ","S","30","    20.8"," ","S","30","    14.4"," ","S","30","     6.9"," ","S","30","     2.1"," ","S","30","     0.3"," ","S","30","     0.0"," ","S","30","     0.0"," ","S","30","    0.04"," ","S","30","    0.18"," ","S","30","    0.43"," ","S","30","    0.45"," ","S","30","   35.76"," ","S","30","     2.3"," ","S","30","     0.8"," ","S","30","     0.1"," ","S","30","     0.0"," ","S","30","     0.0"," ","S","30","     0.0"," ","S","30","     0.0"," ","S","30","     0.0"," ","S","30"," -9999.0","Y"," "," 0"," -9999.0","Y"," "," 0"," -9999.0","Y"," "," 0","     0.0"," ","S","30","    15.1"," ","S","30","     1.5"," ","S","30","     1.1"," ","S","30","     0.2"," ","S","30","     0.0"," ","S","30","     0.0"," ","S","30","     0.0"," ","S","30","     0.0"," ","S","30"," -9999.0","Y"," "," 0"," -9999.0","Y"," "," 0"," -9999.0","Y"," "," 0"
"USC00118740","11-05"," 40.0839"," -88.2403"," 219.8","CHAMPAIGN 3S, IL US","11","05","99","    45.9"," ","S","30","    55.8"," ","S","30","    36.1"," ","S","30","    19.7"," ","S","30","     9.3"," ","S","30","    11.1"," ","S","30","     9.0"," ","S","30","     7.8"," ","S","30","    19.1"," ","S","30","     1.6"," ","S","30","     3.4"," ","S","30","     6.2"," ","S","30","     9.9"," ","S","30","    11.6"," ","S","30","    14.3"," ","S","30","     0.0","X","S","30","     7.6"," ","S","30","     4.4"," ","S","30","     2.2"," ","S","30","     0.9"," ","S","30","     0.5"," ","S","30","     0.2"," ","S","30","     0.0","X","S","30","     0.0"," ","S","30","     0.0","X","S","30","     7.6"," ","S","30","     4.4"," ","S","30","     2.2"," ","S","30","     0.9"," ","S","30","     0.5"," ","S","30","     0.2"," ","S","30","     0.0","X","S","30","     0.0"," ","S","30","     5.0"," ","S","30","     4.2"," ","S","30","    32.9"," ","S","30","    20.8"," ","S","30","    14.4"," ","S","30","     6.9"," ","S","30","     2.1"," ","S","30","     0.3"," ","S","30","     0.0"," ","S","30","     0.0"," ","S","30","    0.04"," ","S","30","    0.18"," ","S","30","    0.42"," ","S","30","    0.56"," ","S","30","   35.87"," ","S","30","     2.4"," ","S","30","     0.8"," ","S","30","     0.2"," ","S","30","     0.0"," ","S","30","     0.0"," ","S","30","     0.0"," ","S","30","     0.0"," ","S","30","     0.0"," ","S","30"," -9999.0","Y"," "," 0"," -9999.0","Y"," "," 0"," -9999.0","Y"," "," 0","     0.1"," ","S","30","    15.2"," ","S","30","     1.7"," ","S","30","     1.2"," ","S","30","     0.2"," ","S","30","     0.0"," ","S","30","     0.0"," ","S","30","     0.0"," ","S","30","     0.0"," ","S","30"," -9999.0","Y"," "," 0"," -9999.0","Y"," "," 0"," -9999.0","Y"," "," 0"
"USC00118740","11-06"," 40.0839"," -88.2403"," 219.8","CHAMPAIGN 3S, IL US","11","06","99","    45.5"," ","S","30","    55.3"," ","S","30","    35.7"," ","S","30","    19.6"," ","S","30","     9.3"," ","S","30","    11.1"," ","S","30","     9.0"," ","S","30","     7.8"," ","S","30","    19.5"," ","S","30","     1.8"," ","S","30","     3.7"," ","S","30","     6.6"," ","S","30","    10.3"," ","S","30","    12.0"," ","S","30","    14.7"," ","S","30","     0.0","X","S","30","     7.3"," ","S","30","     4.2"," ","S","30","     2.1"," ","S","30","     0.8"," ","S","30","     0.5"," ","S","30","     0.2"," ","S","30","     0.0","X","S","30","     0.0"," ","S","30","     0.0","X","S","30","     7.3"," ","S","30","     4.2"," ","S","30","     2.1"," ","S","30","     0.8"," ","S","30","     0.5"," ","S","30","     0.2"," ","S","30","     0.0","X","S","30","     0.0"," ","S","30","     4.9"," ","S","30","     4.1"," ","S","30","    32.9"," ","S","30","    20.7"," ","S","30","    14.3"," ","S","30","     6.8"," ","S","30","     2.1"," ","S","30","     0.3"," ","S","30","     0.0"," ","S","30","     0.0"," ","S","30","    0.04"," ","S","30","    0.18"," ","S","30","    0.42"," ","S","30","    0.67"," ","S","30","   35.98"," ","S","30","     2.6"," ","S","30","     0.9"," ","S","30","     0.2"," ","S","30","     0.0"," ","S","30","     0.0"," ","S","30","     0.0"," ","S","30","     0.0"," ","S","30","     0.0"," ","S","30"," -9999.0","Y"," "," 0"," -9999.0","Y"," "," 0"," -9999.0","Y"," "," 0","     0.1"," ","S","30","    15.2"," ","S","30","     1.8"," ","S","30","     1.3"," ","S","30","     0.3"," ","S","30","     0.0"," ","S","30","     0.0"," ","S","30","     0.0"," ","S","30","     0.0"," ","S","30"," -9999.0","Y"," "," 0"," -9999.0","Y"," "," 0"," -9999.0","Y"," "," 0"
"USC00118740","11-07"," 40.0839"," -88.2403"," 219.8","CHAMPAIGN 3S, IL US","11","07","99","    45.0"," ","S","30","    54.8"," ","S","30","    35.3"," ","S","30","    19.5"," ","S","30","     9.4"," ","S","30","    11.2"," ","S","30","     9.0"," ","S","30","     7.8"," ","S","30","    20.0"," ","S","30","     2.0"," ","S","30","     4.0"," ","S","30","     6.9"," ","S","30","    10.7"," ","S","30","    12.4"," ","S","30","    15.1"," ","S","30","     0.0","X","S","30","     7.0"," ","S","30","     4.0"," ","S","30","     2.0"," ","S","30","     0.8"," ","S","30","     0.5"," ","S","30","     0.2"," ","S","30","     0.0","X","S","30","     0.0"," ","S","30","     0.0","X","S","30","     7.0"," ","S","30","     4.0"," ","S","30","     2.0"," ","S","30","     0.8"," ","S","30","     0.5"," ","S","30","     0.2"," ","S","30","     0.0","X","S","30","     0.0"," ","S","30","     4.7"," ","S","30","     3.9"," ","S","30","    32.9"," ","S","30","    20.6"," ","S","30","    14.3"," ","S","30","     6.8"," ","S","30","     2.1"," ","S","30","     0.3"," ","S","30","     0.0"," ","S","30","     0.0"," ","S","30","    0.04"," ","S","30","    0.18"," ","S","30","    0.42"," ","S","30","    0.78"," ","S","30","   36.09"," ","S","30","     2.7"," ","S","30","     1.0"," ","S","30","     0.2"," ","S","30","     0.0"," ","S","30","     0.0"," ","S","30","     0.0"," ","S","30","     0.0"," ","S","30","     0.0"," ","S","30"," -9999.0","Y"," "," 0"," -9999.0","Y"," "," 0"," -9999.0","Y"," "," 0","     0.1"," ","S","30","    15.2"," ","S","30","     2.0"," ","S","30","     1.4"," ","S","30","     0.3"," ","S","30","     0.0"," ","S","30","     0.0"," ","S","30","     0.0"," ","S","30","     0.0"," ","S","30"," -9999.0","Y"," "," 0"," -9999.0","Y"," "," 0"," -9999.0","Y"," "," 0"
"USC00118740","11-08"," 40.0839"," -88.2403"," 219.8","CHAMPAIGN 3S, IL US","11","08","99","    44.6"," ","S","30","    54.3"," ","S","30","    34.9"," ","S","30","    19.4"," ","S","30","     9.4"," ","S","30","    11.2"," ","S","30","     9.1"," ","S","30","     7.7"," ","S","30","    20.4"," ","S","30","     2.2"," ","S","30","     4.2"," ","S","30","     7.3"," ","S","30","    11.1"," ","S","30","    12.8"," ","S","30","    15.6"," ","S","30","     0.0","X","S","30","     6.7"," ","S","30","     3.8"," ","S","30","     1.8"," ","S","30","     0.7"," ","S","30","     0.4"," ","S","30","     0.2"," ","S","30","     0.0"," ","S","30","     0.0"," ","S","30","     0.0","X","S","30","     6.7"," ","S","30","     3.8"," ","S","30","     1.8"," ","S","30","     0.7"," ","S","30","     0.4"," ","S","30","     0.2"," ","S","30","     0.0"," ","S","30","     0.0"," ","S","30","     4.5"," ","S","30","     3.8"," ","S","30","    32.8"," ","S","30","    20.6"," ","S","30","    14.2"," ","S","30","     6.8"," ","S","30","     2.0"," ","S","30","     0.3"," ","S","30","     0.0"," ","S","30","     0.0"," ","S","30","    0.04"," ","S","30","    0.18"," ","S","30","    0.42"," ","S","30","    0.89"," ","S","30","   36.20"," ","S","30","     2.9"," ","S","30","     1.0"," ","S","30","     0.2"," ","S","30","     0.1"," ","S","30","     0.0"," ","S","30","     0.0"," ","S","30","     0.0"," ","S","30","     0.0"," ","S","30"," -9999.0","Y"," "," 0"," -9999.0","Y"," "," 0"," -9999.0","Y"," "," 0","     0.1"," ","S","30","    15.2"," ","S","30","     2.1"," ","S","30","     1.5"," ","S","30","     0.3"," ","S","30"," -9999.0","Z"," "," 0","     0.0"," ","S","30","     0.0"," ","S","30","     0.0"," ","S","30"," -9999.0","Y"," "," 0"," -9999.0","Y"," "," 0"," -9999.0","Y"," "," 0"
"USC00118740","11-09"," 40.0839"," -88.2403"," 219.8","CHAMPAIGN 3S, IL US","11","09","99","    44.1"," ","S","30","    53.8"," ","S","30","    34.5"," ","S","30","    19.3"," ","S","30","     9.4"," ","S","30","    11.2"," ","S","30","     9.1"," ","S","30","     7.7"," ","S","30","    20.9"," ","S","30","     2.3"," ","S","30","     4.5"," ","S","30","     7.6"," ","S","30","    11.5"," ","S","30","    13.2"," ","S","30","    16.0"," ","S","30","     0.0","X","S","30","     6.4"," ","S","30","     3.6"," ","S","30","     1.7"," ","S","30","     0.6"," ","S","30","     0.4"," ","S","30","     0.1"," ","S","30","     0.0"," ","S","30","     0.0"," ","S","30","     0.0","X","S","30","     6.4"," ","S","30","     3.6"," ","S","30","     1.7"," ","S","30","     0.6"," ","S","30","     0.4"," ","S","30","     0.1"," ","S","30","     0.0"," ","S","30","     0.0"," ","S","30","     4.3"," ","S","30","     3.6"," ","S","30","    32.8"," ","S","30","    20.5"," ","S","30","    14.2"," ","S","30","     6.8"," ","S","30","     2.0"," ","S","30","     0.3"," ","S","30","     0.0"," ","S","30","     0.0"," ","S","30","    0.04"," ","S","30","    0.18"," ","S","30","    0.43"," ","S","30","    1.00"," ","S","30","   36.31"," ","S","30","     3.1"," ","S","30","     1.1"," ","S","30","     0.3"," ","S","30","     0.1"," ","S","30","     0.0"," ","S","30","     0.0"," ","S","30","     0.0"," ","S","30","     0.0"," ","S","30"," -9999.0","Y"," "," 0"," -9999.0","Y"," "," 0"," -9999.0","Y"," "," 0","     0.1"," ","S","30","    15.2"," ","S","30","     2.4"," ","S","30","     1.6"," ","S","30","     0.4"," ","S","30"," -9999.0","Z"," "," 0","     0.0"," ","S","30","     0.0"," ","S","30","     0.0"," ","S","30"," -9999.0","Y"," "," 0"," -9999.0","Y"," "," 0"," -9999.0","Y"," "," 0"
"USC00118740","11-10"," 40.0839"," -88.2403"," 219.8","CHAMPAIGN 3S, IL US","11","10","99","    43.7"," ","S","30","    53.3"," ","S","30","    34.1"," ","S","30","    19.2"," ","S","30","     9.5"," ","S","30","    11.2"," ","S","30","     9.1"," ","S","30","     7.7"," ","S","30","    21.3"," ","S","30","     2.4"," ","S","30","     4.7"," ","S","30","     7.9"," ","S","30","    11.9"," ","S","30","    13.6"," ","S","30","    16.4"," ","S","30","     0.0","X","S","30","     6.1"," ","S","30","     3.4"," ","S","30","     1.6"," ","S","30","     0.6"," ","S","30","     0.3"," ","S","30","     0.1"," ","S","30","     0.0"," ","S","30","     0.0"," ","S","30","     0.0","X","S","30","     6.1"," ","S","30","     3.4"," ","S","30","     1.6"," ","S","30","     0.6"," ","S","30","     0.3"," ","S","30","     0.1"," ","S","30","     0.0"," ","S","30","     0.0"," ","S","30","     4.1"," ","S","30","     3.4"," ","S","30","    32.7"," ","S","30","    20.4"," ","S","30","    14.1"," ","S","30","     6.8"," ","S","30","     2.0"," ","S","30","     0.3"," ","S","30","     0.0"," ","S","30","     0.0"," ","S","30","    0.04"," ","S","30","    0.18"," ","S","30","    0.43"," ","S","30","    1.11"," ","S","30","   36.42"," ","S","30","     3.3"," ","S","30","     1.2"," ","S","30","     0.3"," ","S","30","     0.1"," ","S","30","     0.0"," ","S","30","     0.0"," ","S","30","     0.0"," ","S","30","     0.0"," ","S","30"," -9999.0","Y"," "," 0"," -9999.0","Y"," "," 0"," -9999.0","Y"," "," 0","     0.1"," ","S","30","    15.2"," ","S","30","     2.6"," ","S","30","     1.7"," ","S","30","     0.4"," ","S","30"," -9999.0","Z"," "," 0"," -9999.0","Z"," "," 0","     0.0"," ","S","30","     0.0"," ","S","30"," -9999.0","Y"," "," 0"," -9999.0","Y"," "," 0"," -9999.0","Y"," "," 0"
"USC00118740","11-11"," 40.0839"," -88.2403"," 219.8","CHAMPAIGN 3S, IL US","11","11","99","    43.3"," ","S","30","    52.8"," ","S","30","    33.7"," ","S","30","    19.1"," ","S","30","     9.5"," ","S","30","    11.2"," ","S","30","     9.1"," ","S","30","     7.7"," ","S","30","    21.7"," ","S","30","     2.6"," ","S","30","     4.9"," ","S","30","     8.2"," ","S","30","    12.3"," ","S","30","    14.0"," ","S","30","    16.8"," ","S","30","     0.0","X","S","30","     5.9"," ","S","30","     3.2"," ","S","30","     1.5"," ","S","30","     0.5"," ","S","30","     0.3"," ","S","30","     0.1"," ","S","30","     0.0"," ","S","30","     0.0"," ","S","30","     0.0","X","S","30","     5.9"," ","S","30","     3.2"," ","S","30","     1.5"," ","S","30","     0.5"," ","S","30","     0.3"," ","S","30","     0.1"," ","S","30","     0.0"," ","S","30","     0.0"," ","S","30","     3.9"," ","S","30","     3.3"," ","S","30","    32.7"," ","S","30","    20.4"," ","S","30","    14.1"," ","S","30","     6.8"," ","S","30","     2.0"," ","S","30","     0.2"," ","S","30","     0.0"," ","S","30","     0.0"," ","S","30","    0.04"," ","S","30","    0.18"," ","S","30","    0.42"," ","S","30","    1.23"," ","S","30","   36.54"," ","S","30","     3.5"," ","S","30","     1.3"," ","S","30","     0.3"," ","S","30","     0.1"," ","S","30","     0.0"," ","S","30","     0.0"," ","S","30","     0.0"," ","S","30","     0.0"," ","S","30"," -9999.0","Y"," "," 0"," -9999.0","Y"," "," 0"," -9999.0","Y"," "," 0","     0.1"," ","S","30","    15.2"," ","S","30","     2.8"," ","S","30","     1.9"," ","S","30","     0.5"," ","S","30"," -9999.0","Z"," "," 0"," -9999.0","Z"," "," 0","     0.0"," ","S","30","     0.0"," ","S","30"," -9999.0","Y"," "," 0"," -9999.0","Y"," "," 0"," -9999.0","Y"," "," 0"
"USC00118740","11-12"," 40.0839"," -88.2403"," 219.8","CHAMPAIGN 3S, IL US","11","12","99","    42.8"," ","S","30","    52.3"," ","S","30","    33.3"," ","S","30","    19.0"," ","S","30","     9.5"," ","S","30","    11.2"," ","S","30","     9.1"," ","S","30","     7.6"," ","S","30","    22.2"," ","S","30","     2.7"," ","S","30","     5.2"," ","S","30","     8.5"," ","S","30","    12.7"," ","S","30","    14.4"," ","S","30","    17.3"," ","S","30","     0.0","X","S","30","     5.6"," ","S","30","     3.0"," ","S","30","     1.4"," ","S","30","     0.5"," ","S","30","     0.3"," ","S","30","     0.1"," ","S","30","     0.0"," ","S","30","     0.0"," ","S","30","     0.0","X","S","30","     5.6"," ","S","30","     3.0"," ","S","30","     1.4"," ","S","30","     0.5"," ","S","30","     0.3"," ","S","30","     0.1"," ","S","30","     0.0"," ","S","30","     0.0"," ","S","30","     3.7"," ","S","30","     3.1"," ","S","30","    32.7"," ","S","30","    20.3"," ","S","30","    14.0"," ","S","30","     6.7"," ","S","30","     1.9"," ","S","30","     0.2"," ","S","30","     0.0"," ","S","30","     0.0"," ","S","30","    0.04"," ","S","30","    0.17"," ","S","30","    0.42"," ","S","30","    1.34"," ","S","30","   36.65"," ","S","30","     3.7"," ","S","30","     1.4"," ","S","30","     0.4"," ","S","30","     0.1"," ","S","30"," -9999.0","Z"," "," 0","     0.0"," ","S","30","     0.0"," ","S","30","     0.0"," ","S","30"," -9999.0","Y"," "," 0"," -9999.0","Y"," "," 0"," -9999.0","Y"," "," 0","     0.2"," ","S","30","    15.3"," ","S","30","     3.1"," ","S","30","     2.0"," ","S","30","     0.5"," ","S","30"," -9999.0","Z"," "," 0"," -9999.0","Z"," "," 0","     0.0"," ","S","30","     0.0"," ","S","30"," -9999.0","Y"," "," 0"," -9999.0","Y"," "," 0"," -9999.0","Y"," "," 0"
"USC00118740","11-13"," 40.0839"," -88.2403"," 219.8","CHAMPAIGN 3S, IL US","11","13","99","    42.4"," ","S","30","    51.8"," ","S","30","    33.0"," ","S","30","    18.9"," ","S","30","     9.5"," ","S","30","    11.2"," ","S","30","     9.1"," ","S","30","     7.6"," ","S","30","    22.6"," ","S","30","     2.9"," ","S","30","     5.4"," ","S","30","     8.9"," ","S","30","    13.1"," ","S","30","    14.9"," ","S","30","    17.7"," ","S","30","     0.0","X","S","30","     5.3"," ","S","30","     2.8"," ","S","30","     1.3"," ","S","30","     0.4"," ","S","30","     0.2"," ","S","30","     0.1"," ","S","30","     0.0"," ","S","30","     0.0"," ","S","30","     0.0","X","S","30","     5.3"," ","S","30","     2.8"," ","S","30","     1.3"," ","S","30","     0.4"," ","S","30","     0.2"," ","S","30","     0.1"," ","S","30","     0.0"," ","S","30","     0.0"," ","S","30","     3.5"," ","S","30","     2.9"," ","S","30","    32.7"," ","S","30","    20.3"," ","S","30","    13.9"," ","S","30","     6.7"," ","S","30","     1.9"," ","S","30","     0.2"," ","S","30","     0.0"," ","S","30","     0.0"," ","S","30","    0.04"," ","S","30","    0.17"," ","S","30","    0.42"," ","S","30","    1.46"," ","S","30","   36.77"," ","S","30","     3.9"," ","S","30","     1.4"," ","S","30","     0.4"," ","S","30","     0.1"," ","S","30"," -9999.0","Z"," "," 0","     0.0"," ","S","30","     0.0"," ","S","30","     0.0"," ","S","30"," -9999.0","Y"," "," 0"," -9999.0","Y"," "," 0"," -9999.0","Y"," "," 0","     0.2"," ","S","30","    15.3"," ","S","30","     3.3"," ","S","30","     2.2"," ","S","30","     0.6"," ","S","30"," -9999.0","Z"," "," 0"," -9999.0","Z"," "," 0","     0.0"," ","S","30","     0.0"," ","S","30"," -9999.0","Y"," "," 0"," -9999.0","Y"," "," 0"," -9999.0","Y"," "," 0"
"USC00118740","11-14"," 40.0839"," -88.2403"," 219.8","CHAMPAIGN 3S, IL US","11","14","99","    41.9"," ","S","30","    51.3"," ","S","30","    32.6"," ","S","30","    18.7"," ","S","30","     9.5"," ","S","30","    11.2"," ","S","30","     9.1"," ","S","30","     7.6"," ","S","30","    23.1"," ","S","30","     3.1"," ","S","30","     5.7"," ","S","30","     9.2"," ","S","30","    13.5"," ","S","30","    15.3"," ","S","30","    18.1"," ","S","30","     0.0"," ","S","30","     5.0"," ","S","30","     2.6"," ","S","30","     1.2"," ","S","30","     0.4"," ","S","30","     0.2"," ","S","30","     0.1"," ","S","30","     0.0"," ","S","30","     0.0"," ","S","30","     0.0"," ","S","30","     5.0"," ","S","30","     2.6"," ","S","30","     1.2"," ","S","30","     0.4"," ","S","30","     0.2"," ","S","30","     0.1"," ","S","30","     0.0"," ","S","30","     0.0"," ","S","30","     3.4"," ","S","30","     2.8"," ","S","30","    32.7"," ","S","30","    20.2"," ","S","30","    13.9"," ","S","30","     6.7"," ","S","30","     1.9"," ","S","30","     0.2"," ","S","30","     0.0"," ","S","30","     0.0"," ","S","30","    0.04"," ","S","30","    0.17"," ","S","30","    0.42"," ","S","30","    1.57"," ","S","30","   36.88"," ","S","30","     4.1"," ","S","30","     1.5"," ","S","30","     0.5"," ","S","30","     0.2"," ","S","30"," -9999.0","Z"," "," 0","     0.0"," ","S","30","     0.0"," ","S","30","     0.0"," ","S","30"," -9999.0","Y"," "," 0"," -9999.0","Y"," "," 0"," -9999.0","Y"," "," 0","     0.2"," ","S","30","    15.3"," ","S","30","     3.6"," ","S","30","     2.3"," ","S","30","     0.7"," ","S","30"," -9999.0","Z"," "," 0"," -9999.0","Z"," "," 0","     0.0"," ","S","30","     0.0"," ","S","30"," -9999.0","Y"," "," 0"," -9999.0","Y"," "," 0"," -9999.0","Y"," "," 0"
"USC00118740","11-15"," 40.0839"," -88.2403"," 219.8","CHAMPAIGN 3S, IL US","11","15","99","    41.5"," ","S","30","    50.8"," ","S","30","    32.2"," ","S","30","    18.6"," ","S","30","     9.5"," ","S","30","    11.2"," ","S","30","     9.1"," ","S","30","     7.6"," ","S","30","    23.5"," ","S","30","     3.2"," ","S","30","     5.9"," ","S","30","     9.5"," ","S","30","    13.9"," ","S","30","    15.7"," ","S","30","    18.5"," ","S","30","     0.0"," ","S","30","     4.7"," ","S","30","     2.4"," ","S","30","     1.1"," ","S","30","     0.4"," ","S","30","     0.2"," ","S","30","     0.1"," ","S","30","     0.0"," ","S","30","     0.0"," ","S","30","     0.0"," ","S","30","     4.7"," ","S","30","     2.4"," ","S","30","     1.1"," ","S","30","     0.4"," ","S","30","     0.2"," ","S","30","     0.1"," ","S","30","     0.0"," ","S","30","     0.0"," ","S","30","     3.2"," ","S","30","     2.6"," ","S","30","    32.8"," ","S","30","    20.2"," ","S","30","    13.8"," ","S","30","     6.7"," ","S","30","     1.9"," ","S","30","     0.2"," ","S","30","     0.0"," ","S","30","     0.0"," ","S","30","    0.04"," ","S","30","    0.17"," ","S","30","    0.42"," ","S","30","    1.69"," ","S","30","   37.00"," ","S","30","     4.3"," ","S","30","     1.6"," ","S","30","     0.5"," ","S","30","     0.2"," ","S","30"," -9999.0","Z"," "," 0","     0.0"," ","S","30","     0.0"," ","S","30","     0.0"," ","S","30"," -9999.0","Y"," "," 0"," -9999.0","Y"," "," 0"," -9999.0","Y"," "," 0","     0.2"," ","S","30","    15.3"," ","S","30","     3.8"," ","S","30","     2.4"," ","S","30","     0.8"," ","S","30"," -9999.0","Z"," "," 0"," -9999.0","Z"," "," 0","     0.0"," ","S","30","     0.0"," ","S","30"," -9999.0","Y"," "," 0"," -9999.0","Y"," "," 0"," -9999.0","Y"," "," 0"
"USC00118740","11-16"," 40.0839"," -88.2403"," 219.8","CHAMPAIGN 3S, IL US","11","16","99","    41.1"," ","S","30","    50.3"," ","S","30","    31.8"," ","S","30","    18.5"," ","S","30","     9.5"," ","S","30","    11.2"," ","S","30","     9.2"," ","S","30","     7.5"," ","S","30","    23.9"," ","S","30","     3.4"," ","S","30","     6.1"," ","S","30","     9.9"," ","S","30","    14.2"," ","S","30","    16.1"," ","S","30","    19.0"," ","S","30","     0.0"," ","S","30","     4.5"," ","S","30","     2.2"," ","S","30","     0.9"," ","S","30","     0.3"," ","S","30","     0.2"," ","S","30","     0.0","X","S","30","     0.0"," ","S","30","     0.0"," ","S","30","     0.0"," ","S","30","     4.5"," ","S","30","     2.2"," ","S","30","     0.9"," ","S","30","     0.3"," ","S","30","     0.2"," ","S","30","     0.0","X","S","30","     0.0"," ","S","30","     0.0"," ","S","30","     3.0"," ","S","30","     2.4"," ","S","30","    32.8"," ","S","30","    20.1"," ","S","30","    13.7"," ","S","30","     6.7"," ","S","30","     1.8"," ","S","30","     0.2"," ","S","30","     0.0"," ","S","30","     0.0"," ","S","30","    0.04"," ","S","30","    0.17"," ","S","30","    0.42"," ","S","30","    1.79"," ","S","30","   37.10"," ","S","30","     4.5"," ","S","30","     1.7"," ","S","30","     0.5"," ","S","30","     0.2"," ","S","30"," -9999.0","Z"," "," 0","     0.0"," ","S","30","     0.0"," ","S","30","     0.0"," ","S","30"," -9999.0","Y"," "," 0"," -9999.0","Y"," "," 0"," -9999.0","Y"," "," 0","     0.2"," ","S","30","    15.3"," ","S","30","     4.1"," ","S","30","     2.6"," ","S","30","     0.9"," ","S","30"," -9999.0","Z"," "," 0"," -9999.0","Z"," "," 0","     0.0"," ","S","30","     0.0"," ","S","30"," -9999.0","Y"," "," 0"," -9999.0","Y"," "," 0"," -9999.0","Y"," "," 0"
"USC00118740","11-17"," 40.0839"," -88.2403"," 219.8","CHAMPAIGN 3S, IL US","11","17","99","    40.7"," ","S","30","    49.9"," ","S","30","    31.5"," ","S","30","    18.4"," ","S","30","     9.5"," ","S","30","    11.2"," ","S","30","     9.2"," ","S","30","     7.5"," ","S","30","    24.3"," ","S","30","     3.5"," ","S","30","     6.4"," ","S","30","    10.2"," ","S","30","    14.6"," ","S","30","    16.5"," ","S","30","    19.4"," ","S","30","     0.0"," ","S","30","     4.2"," ","S","30","     2.0"," ","S","30","     0.8"," ","S","30","     0.3"," ","S","30","     0.2"," ","S","30","     0.0","X","S","30","     0.0"," ","S","30","     0.0"," ","S","30","     0.0"," ","S","30","     4.2"," ","S","30","     2.0"," ","S","30","     0.8"," ","S","30","     0.3"," ","S","30","     0.2"," ","S","30","     0.0","X","S","30","     0.0"," ","S","30","     0.0"," ","S","30","     2.8"," ","S","30","     2.3"," ","S","30","    32.8"," ","S","30","    20.0"," ","S","30","    13.7"," ","S","30","     6.7"," ","S","30","     1.8"," ","S","30","     0.2"," ","S","30","     0.0"," ","S","30","     0.0"," ","S","30","    0.04"," ","S","30","    0.17"," ","S","30","    0.42"," ","S","30","    1.90"," ","S","30","   37.21"," ","S","30","     4.7"," ","S","30","     1.7"," ","S","30","     0.6"," ","S","30","     0.2"," ","S","30"," -9999.0","Z"," "," 0","     0.0"," ","S","30","     0.0"," ","S","30","     0.0"," ","S","30"," -9999.0","Y"," "," 0"," -9999.0","Y"," "," 0"," -9999.0","Y"," "," 0","     0.3"," ","S","30","    15.4"," ","S","30","     4.4"," ","S","30","     2.7"," ","S","30","     1.0"," ","S","30"," -9999.0","Z"," "," 0"," -9999.0","Z"," "," 0","     0.0"," ","S","30","     0.0"," ","S","30"," -9999.0","Y"," "," 0"," -9999.0","Y"," "," 0"," -9999.0","Y"," "," 0"
"USC00118740","11-18"," 40.0839"," -88.2403"," 219.8","CHAMPAIGN 3S, IL US","11","18","99","    40.3"," ","S","30","    49.4"," ","S","30","    31.1"," ","S","30","    18.3"," ","S","30","     9.5"," ","S","30","    11.2"," ","S","30","     9.2"," ","S","30","     7.5"," ","S","30","    24.7"," ","S","30","     3.7"," ","S","30","     6.6"," ","S","30","    10.5"," ","S","30","    15.0"," ","S","30","    16.9"," ","S","30","    19.8"," ","S","30","     0.0"," ","S","30","     3.9"," ","S","30","     1.9"," ","S","30","     0.7"," ","S","30","     0.2"," ","S","30","     0.1"," ","S","30","     0.0","X","S","30","     0.0"," ","S","30","     0.0"," ","S","30","     0.0"," ","S","30","     3.9"," ","S","30","     1.9"," ","S","30","     0.7"," ","S","30","     0.2"," ","S","30","     0.1"," ","S","30","     0.0","X","S","30","     0.0"," ","S","30","     0.0"," ","S","30","     2.7"," ","S","30","     2.2"," ","S","30","    32.8"," ","S","30","    20.0"," ","S","30","    13.6"," ","S","30","     6.6"," ","S","30","     1.8"," ","S","30","     0.2"," ","S","30","     0.0"," ","S","30","     0.0"," ","S","30","    0.04"," ","S","30","    0.16"," ","S","30","    0.42"," ","S","30","    2.01"," ","S","30","   37.32"," ","S","30","     4.9"," ","S","30","     1.8"," ","S","30","     0.6"," ","S","30","     0.3"," ","S","30"," -9999.0","Z"," "," 0","     0.0"," ","S","30","     0.0"," ","S","30","     0.0"," ","S","30"," -9999.0","Y"," "," 0"," -9999.0","Y"," "," 0"," -9999.0","Y"," "," 0","     0.3"," ","S","30","    15.4"," ","S","30","     4.6"," ","S","30","     2.8"," ","S","30","     1.1"," ","S","30"," -9999.0","Z"," "," 0"," -9999.0","Z"," "," 0","     0.0"," ","S","30","     0.0"," ","S","30"," -9999.0","Y"," "," 0"," -9999.0","Y"," "," 0"," -9999.0","Y"," "," 0"
"USC00118740","11-19"," 40.0839"," -88.2403"," 219.8","CHAMPAIGN 3S, IL US","11","19","99","    39.8"," ","S","30","    48.9"," ","S","30","    30.8"," ","S","30","    18.2"," ","S","30","     9.6"," ","S","30","    11.2"," ","S","30","     9.2"," ","S","30","     7.5"," ","S","30","    25.2"," ","S","30","     3.9"," ","S","30","     6.9"," ","S","30","    10.8"," ","S","30","    15.4"," ","S","30","    17.3"," ","S","30","    20.2"," ","S","30","     0.0"," ","S","30","     3.7"," ","S","30","     1.7"," ","S","30","     0.7"," ","S","30","     0.2"," ","S","30","     0.1"," ","S","30","     0.0","X","S","30","     0.0"," ","S","30","     0.0"," ","S","30","     0.0"," ","S","30","     3.7"," ","S","30","     1.7"," ","S","30","     0.7"," ","S","30","     0.2"," ","S","30","     0.1"," ","S","30","     0.0","X","S","30","     0.0"," ","S","30","     0.0"," ","S","30","     2.5"," ","S","30","     2.0"," ","S","30","    32.8"," ","S","30","    19.9"," ","S","30","    13.5"," ","S","30","     6.6"," ","S","30","     1.7"," ","S","30","     0.2"," ","S","30","     0.0"," ","S","30","     0.0"," ","S","30","    0.04"," ","S","30","    0.16"," ","S","30","    0.42"," ","S","30","    2.11"," ","S","30","   37.42"," ","S","30","     5.2"," ","S","30","     1.9"," ","S","30","     0.7"," ","S","30","     0.3"," ","S","30"," -9999.0","Z"," "," 0","     0.0"," ","S","30","     0.0"," ","S","30","     0.0"," ","S","30"," -9999.0","Y"," "," 0"," -9999.0","Y"," "," 0"," -9999.0","Y"," "," 0","     0.3"," ","S","30","    15.4"," ","S","30","     4.9"," ","S","30","     3.0"," ","S","30","     1.2"," ","S","30"," -9999.0","Z"," "," 0"," -9999.0","Z"," "," 0","     0.0"," ","S","30","     0.0"," ","S","30"," -9999.0","Y"," "," 0"," -9999.0","Y"," "," 0"," -9999.0","Y"," "," 0"
"USC00118740","11-20"," 40.0839"," -88.2403"," 219.8","CHAMPAIGN 3S, IL US","11","20","99","    39.4"," ","S","30","    48.4"," ","S","30","    30.4"," ","S","30","    18.0"," ","S","30","     9.6"," ","S","30","    11.2"," ","S","30","     9.3"," ","S","30","     7.4"," ","S","30","    25.6"," ","S","30","     4.0"," ","S","30","     7.1"," ","S","30","    11.2"," ","S","30","    15.8"," ","S","30","    17.7"," ","S","30","    20.6"," ","S","30","     0.0"," ","S","30","     3.5"," ","S","30","     1.6"," ","S","30","     0.6"," ","S","30","     0.2"," ","S","30","     0.1"," ","S","30","     0.0","X","S","30","     0.0"," ","S","30","     0.0"," ","S","30","     0.0"," ","S","30","     3.5"," ","S","30","     1.6"," ","S","30","     0.6"," ","S","30","     0.2"," ","S","30","     0.1"," ","S","30","     0.0","X","S","30","     0.0"," ","S","30","     0.0"," ","S","30","     2.4"," ","S","30","     1.9"," ","S","30","    32.9"," ","S","30","    19.8"," ","S","30","    13.4"," ","S","30","     6.6"," ","S","30","     1.7"," ","S","30","     0.2"," ","S","30","     0.0"," ","S","30","     0.0"," ","S","30","    0.04"," ","S","30","    0.16"," ","S","30","    0.42"," ","S","30","    2.22"," ","S","30","   37.53"," ","S","30","     5.4"," ","S","30","     2.0"," ","S","30","     0.7"," ","S","30","     0.3"," ","S","30"," -9999.0","Z"," "," 0","     0.0"," ","S","30","     0.0"," ","S","30","     0.0"," ","S","30"," -9999.0","Y"," "," 0"," -9999.0","Y"," "," 0"," -9999.0","Y"," "," 0","     0.4"," ","S","30","    15.5"," ","S","30","     5.3"," ","S","30","     3.2"," ","S","30","     1.4"," ","S","30"," -9999.0","Z"," "," 0"," -9999.0","Z"," "," 0","     0.0"," ","S","30","     0.0"," ","S","30"," -9999.0","Y"," "," 0"," -9999.0","Y"," "," 0"," -9999.0","Y"," "," 0"
"USC00118740","11-21"," 40.0839"," -88.2403"," 219.8","CHAMPAIGN 3S, IL US","11","21","99","    39.0"," ","S","30","    48.0"," ","S","30","    30.1"," ","S","30","    17.9"," ","S","30","     9.6"," ","S","30","    11.1"," ","S","30","     9.3"," ","S","30","     7.4"," ","S","30","    26.0"," ","S","30","     4.2"," ","S","30","     7.4"," ","S","30","    11.5"," ","S","30","    16.1"," ","S","30","    18.0"," ","S","30","    21.0"," ","S","30","     0.0"," ","S","30","     3.3"," ","S","30","     1.5"," ","S","30","     0.5"," ","S","30","     0.2"," ","S","30","     0.1"," ","S","30","     0.0","X","S","30","     0.0"," ","S","30","     0.0"," ","S","30","     0.0"," ","S","30","     3.3"," ","S","30","     1.5"," ","S","30","     0.5"," ","S","30","     0.2"," ","S","30","     0.1"," ","S","30","     0.0","X","S","30","     0.0"," ","S","30","     0.0"," ","S","30","     2.2"," ","S","30","     1.8"," ","S","30","    32.9"," ","S","30","    19.8"," ","S","30","    13.3"," ","S","30","     6.6"," ","S","30","     1.6"," ","S","30","     0.2"," ","S","30","     0.0"," ","S","30","     0.0"," ","S","30","    0.04"," ","S","30","    0.16"," ","S","30","    0.42"," ","S","30","    2.32"," ","S","30","   37.63"," ","S","30","     5.7"," ","S","30","     2.1"," ","S","30","     0.8"," ","S","30","     0.4"," ","S","30"," -9999.0","Z"," "," 0","     0.0"," ","S","30","     0.0"," ","S","30","     0.0"," ","S","30"," -9999.0","Y"," "," 0"," -9999.0","Y"," "," 0"," -9999.0","Y"," "," 0","     0.4"," ","S","30","    15.5"," ","S","30","     5.6"," ","S","30","     3.4"," ","S","30","     1.5"," ","S","30"," -9999.0","Z"," "," 0"," -9999.0","Z"," "," 0","     0.0"," ","S","30","     0.0"," ","S","30"," -9999.0","Y"," "," 0"," -9999.0","Y"," "," 0"," -9999.0","Y"," "," 0"
"USC00118740","11-22"," 40.0839"," -88.2403"," 219.8","CHAMPAIGN 3S, IL US","11","22","99","    38.6"," ","S","30","    47.5"," ","S","30","    29.7"," ","S","30","    17.8"," ","S","30","     9.6"," ","S","30","    11.1"," ","S","30","     9.3"," ","S","30","     7.4"," ","S","30","    26.4"," ","S","30","     4.4"," ","S","30","     7.7"," ","S","30","    11.8"," ","S","30","    16.5"," ","S","30","    18.4"," ","S","30","    21.4"," ","S","30","     0.0"," ","S","30","     3.1"," ","S","30","     1.3"," ","S","30","     0.5"," ","S","30","     0.1"," ","S","30","     0.1"," ","S","30","     0.0","X","S","30","     0.0"," ","S","30","     0.0"," ","S","30","     0.0"," ","S","30","     3.1"," ","S","30","     1.3"," ","S","30","     0.5"," ","S","30","     0.1"," ","S","30","     0.1"," ","S","30","     0.0","X","S","30","     0.0"," ","S","30","     0.0"," ","S","30","     2.1"," ","S","30","     1.6"," ","S","30","    32.9"," ","S","30","    19.7"," ","S","30","    13.2"," ","S","30","     6.5"," ","S","30","     1.6"," ","S","30","     0.1"," ","S","30","     0.0"," ","S","30","     0.0"," ","S","30","    0.04"," ","S","30","    0.16"," ","S","30","    0.42"," ","S","30","    2.42"," ","S","30","   37.73"," ","S","30","     6.0"," ","S","30","     2.2"," ","S","30","     0.8"," ","S","30","     0.4"," ","S","30"," -9999.0","Z"," "," 0","     0.0"," ","S","30","     0.0"," ","S","30","     0.0"," ","S","30"," -9999.0","Y"," "," 0"," -9999.0","Y"," "," 0"," -9999.0","Y"," "," 0","     0.5"," ","S","30","    15.6"," ","S","30","     6.0"," ","S","30","     3.6"," ","S","30","     1.7"," ","S","30"," -9999.0","Z"," "," 0"," -9999.0","Z"," "," 0","     0.0"," ","S","30","     0.0"," ","S","30"," -9999.0","Y"," "," 0"," -9999.0","Y"," "," 0"," -9999.0","Y"," "," 0"
"USC00118740","11-23"," 40.0839"," -88.2403"," 219.8","CHAMPAIGN 3S, IL US","11","23","99","    38.2"," ","S","30","    47.1"," ","S","30","    29.4"," ","S","30","    17.6"," ","S","30","     9.5"," ","S","30","    11.1"," ","S","30","     9.3"," ","S","30","     7.4"," ","S","30","    26.8"," ","S","30","     4.6"," ","S","30","     8.0"," ","S","30","    12.2"," ","S","30","    16.9"," ","S","30","    18.8"," ","S","30","    21.8"," ","S","30","     0.0"," ","S","30","     2.9"," ","S","30","     1.2"," ","S","30","     0.4"," ","S","30","     0.1"," ","S","30","     0.1"," ","S","30","     0.0","X","S","30","     0.0"," ","S","30","     0.0"," ","S","30","     0.0"," ","S","30","     2.9"," ","S","30","     1.2"," ","S","30","     0.4"," ","S","30","     0.1"," ","S","30","     0.1"," ","S","30","     0.0","X","S","30","     0.0"," ","S","30","     0.0"," ","S","30","     2.0"," ","S","30","     1.5"," ","S","30","    32.9"," ","S","30","    19.6"," ","S","30","    13.1"," ","S","30","     6.5"," ","S","30","     1.6"," ","S","30","     0.1"," ","S","30","     0.0"," ","S","30","     0.0"," ","S","30","    0.04"," ","S","30","    0.15"," ","S","30","    0.42"," ","S","30","    2.52"," ","S","30","   37.83"," ","S","30","     6.3"," ","S","30","     2.3"," ","S","30","     0.9"," ","S","30","     0.4"," ","S","30"," -9999.0","Z"," "," 0","     0.0"," ","S","30","     0.0"," ","S","30","     0.0"," ","S","30"," -9999.0","Y"," "," 0"," -9999.0","Y"," "," 0"," -9999.0","Y"," "," 0","     0.5"," ","S","30","    15.6"," ","S","30","     6.4"," ","S","30","     3.9"," ","S","30","     1.9"," ","S","30"," -9999.0","Z"," "," 0"," -9999.0","Z"," "," 0","     0.0"," ","S","30","     0.0"," ","S","30"," -9999.0","Y"," "," 0"," -9999.0","Y"," "," 0"," -9999.0","Y"," "," 0"
"USC00118740","11-24"," 40.0839"," -88.2403"," 219.8","CHAMPAIGN 3S, IL US","11","24","99","    37.9"," ","S","30","    46.6"," ","S","30","    29.1"," ","S","30","    17.5"," ","S","30","     9.5"," ","S","30","    11.0"," ","S","30","     9.4"," ","S","30","     7.3"," ","S","30","    27.1"," ","S","30","     4.8"," ","S","30","     8.3"," ","S","30","    12.5"," ","S","30","    17.2"," ","S","30","    19.2"," ","S","30","    22.1"," ","S","30","     0.0"," ","S","30","     2.7"," ","S","30","     1.1"," ","S","30","     0.4"," ","S","30","     0.1"," ","S","30","     0.0","X","S","30","     0.0","X","S","30","     0.0"," ","S","30","     0.0"," ","S","30","     0.0"," ","S","30","     2.7"," ","S","30","     1.1"," ","S","30","     0.4"," ","S","30","     0.1"," ","S","30","     0.0","X","S","30","     0.0","X","S","30","     0.0"," ","S","30","     0.0"," ","S","30","     1.9"," ","S","30","     1.4"," ","S","30","    32.9"," ","S","30","    19.5"," ","S","30","    13.0"," ","S","30","     6.5"," ","S","30","     1.5"," ","S","30","     0.1"," ","S","30","     0.0"," ","S","30","     0.0"," ","S","30","    0.04"," ","S","30","    0.15"," ","S","30","    0.42"," ","S","30","    2.62"," ","S","30","   37.93"," ","S","30","     6.6"," ","S","30","     2.4"," ","S","30","     1.0"," ","S","30","     0.5"," ","S","30"," -9999.0","Z"," "," 0","     0.0"," ","S","30","     0.0"," ","S","30","     0.0"," ","S","30"," -9999.0","Y"," "," 0"," -9999.0","Y"," "," 0"," -9999.0","Y"," "," 0","     0.6"," ","S","30","    15.7"," ","S","30","     6.8"," ","S","30","     4.1"," ","S","30","     2.1"," ","S","30"," -9999.0","Z"," "," 0"," -9999.0","Z"," "," 0","     0.0"," ","S","30","     0.0"," ","S","30"," -9999.0","Y"," "," 0"," -9999.0","Y"," "," 0"," -9999.0","Y"," "," 0"
"USC00118740","11-25"," 40.0839"," -88.2403"," 219.8","CHAMPAIGN 3S, IL US","11","25","99","    37.5"," ","S","30","    46.2"," ","S","30","    28.8"," ","S","30","    17.4"," ","S","30","     9.6"," ","S","30","    11.0"," ","S","30","     9.4"," ","S","30","     7.3"," ","S","30","    27.5"," ","S","30","     5.0"," ","S","30","     8.5"," ","S","30","    12.9"," ","S","30","    17.6"," ","S","30","    19.6"," ","S","30","    22.5"," ","S","30","     0.0"," ","S","30","     2.5"," ","S","30","     1.0"," ","S","30","     0.3"," ","S","30","     0.1"," ","S","30","     0.0","X","S","30","     0.0","X","S","30","     0.0"," ","S","30","     0.0"," ","S","30","     0.0"," ","S","30","     2.5"," ","S","30","     1.0"," ","S","30","     0.3"," ","S","30","     0.1"," ","S","30","     0.0","X","S","30","     0.0","X","S","30","     0.0"," ","S","30","     0.0"," ","S","30","     1.8"," ","S","30","     1.4"," ","S","30","    33.0"," ","S","30","    19.5"," ","S","30","    12.9"," ","S","30","     6.5"," ","S","30","     1.5"," ","S","30","     0.1"," ","S","30","     0.0"," ","S","30","     0.0"," ","S","30","    0.04"," ","S","30","    0.15"," ","S","30","    0.42"," ","S","30","    2.72"," ","S","30","   38.03"," ","S","30","     6.9"," ","S","30","     2.5"," ","S","30","     1.0"," ","S","30","     0.5"," ","S","30"," -9999.0","Z"," "," 0","     0.0"," ","S","30","     0.0"," ","S","30","     0.0"," ","S","30"," -9999.0","Y"," "," 0"," -9999.0","Y"," "," 0"," -9999.0","Y"," "," 0","     0.6"," ","S","30","    15.7"," ","S","30","     7.2"," ","S","30","     4.4"," ","S","30","     2.3"," ","S","30"," -9999.0","Z"," "," 0"," -9999.0","Z"," "," 0","     0.0"," ","S","30","     0.0"," ","S","30"," -9999.0","Y"," "," 0"," -9999.0","Y"," "," 0"," -9999.0","Y"," "," 0"
"USC00118740","11-26"," 40.0839"," -88.2403"," 219.8","CHAMPAIGN 3S, IL US","11","26","99","    37.1"," ","S","30","    45.7"," ","S","30","    28.5"," ","S","30","    17.2"," ","S","30","     9.6"," ","S","30","    11.0"," ","S","30","     9.4"," ","S","30","     7.3"," ","S","30","    27.9"," ","S","30","     5.3"," ","S","30","     8.9"," ","S","30","    13.2"," ","S","30","    18.0"," ","S","30","    19.9"," ","S","30","    22.9"," ","S","30","     0.0"," ","S","30","     2.4"," ","S","30","     1.0"," ","S","30","     0.3"," ","S","30","     0.1"," ","S","30","     0.0","X","S","30","     0.0","X","S","30","     0.0"," ","S","30","     0.0"," ","S","30","     0.0"," ","S","30","     2.4"," ","S","30","     1.0"," ","S","30","     0.3"," ","S","30","     0.1"," ","S","30","     0.0","X","S","30","     0.0","X","S","30","     0.0"," ","S","30","     0.0"," ","S","30","     1.7"," ","S","30","     1.3"," ","S","30","    33.0"," ","S","30","    19.3"," ","S","30","    12.8"," ","S","30","     6.4"," ","S","30","     1.4"," ","S","30","     0.1"," ","S","30","     0.0"," ","S","30","     0.0"," ","S","30","    0.04"," ","S","30","    0.15"," ","S","30","    0.42"," ","S","30","    2.82"," ","S","30","   38.13"," ","S","30","     7.2"," ","S","30","     2.6"," ","S","30","     1.1"," ","S","30","     0.6"," ","S","30"," -9999.0","Z"," "," 0","     0.0"," ","S","30","     0.0"," ","S","30","     0.0"," ","S","30"," -9999.0","Y"," "," 0"," -9999.0","Y"," "," 0"," -9999.0","Y"," "," 0","     0.7"," ","S","30","    15.8"," ","S","30","     7.7"," ","S","29","     4.7"," ","S","29","     2.5"," ","S","29"," -9999.0","Z"," "," 0"," -9999.0","Z"," "," 0","     0.0"," ","S","29","     0.0"," ","S","29"," -9999.0","Y"," "," 0"," -9999.0","Y"," "," 0"," -9999.0","Y"," "," 0"
"USC00118740","11-27"," 40.0839"," -88.2403"," 219.8","CHAMPAIGN 3S, IL US","11","27","99","    36.7"," ","S","30","    45.3"," ","S","30","    28.2"," ","S","30","    17.1"," ","S","30","     9.6"," ","S","30","    10.9"," ","S","30","     9.5"," ","S","30","     7.2"," ","S","30","    28.3"," ","S","30","     5.6"," ","S","30","     9.2"," ","S","30","    13.6"," ","S","30","    18.3"," ","S","30","    20.3"," ","S","30","    23.3"," ","S","30","     0.0"," ","S","30","     2.3"," ","S","30","     0.9"," ","S","30","     0.3"," ","S","30","     0.1"," ","S","30","     0.0","X","S","30","     0.0","X","S","30","     0.0"," ","S","30","     0.0"," ","S","30","     0.0"," ","S","30","     2.3"," ","S","30","     0.9"," ","S","30","     0.3"," ","S","30","     0.1"," ","S","30","     0.0","X","S","30","     0.0","X","S","30","     0.0"," ","S","30","     0.0"," ","S","30","     1.6"," ","S","30","     1.3"," ","S","30","    33.0"," ","S","30","    19.2"," ","S","30","    12.7"," ","S","30","     6.4"," ","S","30","     1.4"," ","S","30","     0.1"," ","S","30","     0.0"," ","S","30","     0.0"," ","S","30","    0.04"," ","S","30","    0.14"," ","S","30","    0.41"," ","S","30","    2.91"," ","S","30","   38.22"," ","S","30","     7.5"," ","S","30","     2.7"," ","S","30","     1.2"," ","S","30","     0.6"," ","S","30"," -9999.0","Z"," "," 0","     0.0"," ","S","30","     0.0"," ","S","30","     0.0"," ","S","30"," -9999.0","Y"," "," 0"," -9999.0","Y"," "," 0"," -9999.0","Y"," "," 0","     0.7"," ","S","30","    15.8"," ","S","30","     8.1"," ","S","29","     5.0"," ","S","29","     2.7"," ","S","29"," -9999.0","Z"," "," 0"," -9999.0","Z"," "," 0","     0.0"," ","S","29","     0.0"," ","S","29"," -9999.0","Y"," "," 0"," -9999.0","Y"," "," 0"," -9999.0","Y"," "," 0"
"USC00118740","11-28"," 40.0839"," -88.2403"," 219.8","CHAMPAIGN 3S, IL US","11","28","99","    36.4"," ","S","30","    44.8"," ","S","30","    27.9"," ","S","30","    16.9"," ","S","30","     9.6"," ","S","30","    10.9"," ","S","30","     9.5"," ","S","30","     7.2"," ","S","30","    28.6"," ","S","30","     5.9"," ","S","30","     9.5"," ","S","30","    13.9"," ","S","30","    18.7"," ","S","30","    20.7"," ","S","30","    23.6"," ","S","30","     0.0"," ","S","30","     2.2"," ","S","30","     0.9"," ","S","30","     0.3"," ","S","30","     0.1"," ","S","30","     0.0","X","S","30","     0.0","X","S","30","     0.0"," ","S","30","     0.0"," ","S","30","     0.0"," ","S","30","     2.2"," ","S","30","     0.9"," ","S","30","     0.3"," ","S","30","     0.1"," ","S","30","     0.0","X","S","30","     0.0","X","S","30","     0.0"," ","S","30","     0.0"," ","S","30","     1.6"," ","S","30","     1.2"," ","S","30","    33.0"," ","S","30","    19.1"," ","S","30","    12.5"," ","S","30","     6.3"," ","S","30","     1.3"," ","S","30","     0.1"," ","S","30","     0.0"," ","S","30","     0.0"," ","S","30","    0.04"," ","S","30","    0.14"," ","S","30","    0.41"," ","S","30","    3.01"," ","S","30","   38.32"," ","S","30","     7.9"," ","S","30","     2.8"," ","S","30","     1.2"," ","S","30","     0.6"," ","S","30"," -9999.0","Z"," "," 0","     0.0"," ","S","30","     0.0"," ","S","30","     0.0"," ","S","30"," -9999.0","Y"," "," 0"," -9999.0","Y"," "," 0"," -9999.0","Y"," "," 0","     0.8"," ","S","30","    15.9"," ","S","30","     8.6"," ","S","29","     5.3"," ","S","29","     3.0"," ","S","29"," -9999.0","Z"," "," 0"," -9999.0","Z"," "," 0","     0.0"," ","S","29","     0.0"," ","S","29"," -9999.0","Y"," "," 0"," -9999.0","Y"," "," 0"," -9999.0","Y"," "," 0"
"USC00118740","11-29"," 40.0839"," -88.2403"," 219.8","CHAMPAIGN 3S, IL US","11","29","99","    36.0"," ","S","30","    44.4"," ","S","30","    27.6"," ","S","30","    16.8"," ","S","30","     9.6"," ","S","30","    10.8"," ","S","30","     9.5"," ","S","30","     7.2"," ","S","30","    29.0"," ","S","30","     6.1"," ","S","30","     9.9"," ","S","30","    14.3"," ","S","30","    19.1"," ","S","30","    21.0"," ","S","30","    24.0"," ","S","30","     0.0"," ","S","30","     2.2"," ","S","30","     0.9"," ","S","30","     0.3"," ","S","30","     0.1"," ","S","30","     0.0","X","S","30","     0.0","X","S","30","     0.0"," ","S","30","     0.0"," ","S","30","     0.0"," ","S","30","     2.2"," ","S","30","     0.9"," ","S","30","     0.3"," ","S","30","     0.1"," ","S","30","     0.0","X","S","30","     0.0","X","S","30","     0.0"," ","S","30","     0.0"," ","S","30","     1.5"," ","S","30","     1.2"," ","S","30","    33.0"," ","S","30","    19.0"," ","S","30","    12.4"," ","S","30","     6.2"," ","S","30","     1.3"," ","S","30","     0.1"," ","S","30","     0.0"," ","S","30","     0.0"," ","S","30","    0.04"," ","S","30","    0.14"," ","S","30","    0.41"," ","S","30","    3.11"," ","S","30","   38.42"," ","S","30","     8.2"," ","S","30","     3.0"," ","S","30","     1.3"," ","S","30","     0.7"," ","S","30"," -9999.0","Z"," "," 0","     0.0"," ","S","30","     0.0"," ","S","30","     0.0"," ","S","30"," -9999.0","Y"," "," 0"," -9999.0","Y"," "," 0"," -9999.0","Y"," "," 0","     0.8"," ","S","30","    15.9"," ","S","30","     9.1"," ","S","29","     5.6"," ","S","29","     3.3"," ","S","29"," -9999.0","Z"," "," 0"," -9999.0","Z"," "," 0","     0.0"," ","S","29","     0.0"," ","S","29"," -9999.0","Y"," "," 0"," -9999.0","Y"," "," 0"," -9999.0","Y"," "," 0"
"USC00118740","11-30"," 40.0839"," -88.2403"," 219.8","CHAMPAIGN 3S, IL US","11","30","99","    35.7"," ","S","30","    44.0"," ","S","30","    27.3"," ","S","30","    16.7"," ","S","30","     9.6"," ","S","30","    10.8"," ","S","30","     9.6"," ","S","30","     7.1"," ","S","30","    29.3"," ","S","30","     6.4"," ","S","30","    10.2"," ","S","30","    14.7"," ","S","30","    19.4"," ","S","30","    21.4"," ","S","30","    24.3"," ","S","30","     0.0"," ","S","30","     2.1"," ","S","30","     0.9"," ","S","30","     0.3"," ","S","30","     0.1"," ","S","30","     0.0","X","S","30","     0.0","X","S","30","     0.0"," ","S","30","     0.0"," ","S","30","     0.0"," ","S","30","     2.1"," ","S","30","     0.9"," ","S","30","     0.3"," ","S","30","     0.1"," ","S","30","     0.0","X","S","30","     0.0","X","S","30","     0.0"," ","S","30","     0.0"," ","S","30","     1.5"," ","S","30","     1.1"," ","S","30","    33.0"," ","S","30","    18.8"," ","S","30","    12.2"," ","S","30","     6.2"," ","S","30","     1.2"," ","S","30","     0.1"," ","S","30","     0.0"," ","S","30","     0.0"," ","S","30","    0.04"," ","S","30","    0.14"," ","S","30","    0.40"," ","S","30","    3.21"," ","S","30","   38.52"," ","S","30","     8.5"," ","S","30","     3.1"," ","S","30","     1.4"," ","S","30","     0.7"," ","S","30"," -9999.0","Z"," "," 0","     0.0"," ","S","30","     0.0"," ","S","30","     0.0"," ","S","30"," -9999.0","Y"," "," 0"," -9999.0","Y"," "," 0"," -9999.0","Y"," "," 0","     0.9"," ","S","30","    16.0"," ","S","30","     9.6"," ","S","29","     6.0"," ","S","29","     3.5"," ","S","29"," -9999.0","Z"," "," 0"," -9999.0","Z"," "," 0","     0.0"," ","S","29","     0.0"," ","S","29"," -9999.0","Y"," "," 0"," -9999.0","Y"," "," 0"," -9999.0","Y"," "," 0"
"USC00118740","12-01"," 40.0839"," -88.2403"," 219.8","CHAMPAIGN 3S, IL US","12","01","99","    35.3"," ","S","30","    43.6"," ","S","30","    27.1"," ","S","30","    16.5"," ","S","30","     9.6"," ","S","30","    10.8"," ","S","30","     9.6"," ","S","30","     7.1"," ","S","30","    29.7"," ","S","30","     6.6"," ","S","30","    10.5"," ","S","30","    15.0"," ","S","30","    19.8"," ","S","30","    21.7"," ","S","30","    24.7"," ","S","30","     0.0"," ","S","30","     2.0"," ","S","30","     0.9"," ","S","30","     0.3"," ","S","30","     0.1"," ","S","30","     0.0","X","S","30","     0.0","X","S","30","     0.0"," ","S","30","     0.0"," ","S","30","     0.0"," ","S","30","     2.0"," ","S","30","     0.9"," ","S","30","     0.3"," ","S","30","     0.1"," ","S","30","     0.0","X","S","30","     0.0","X","S","30","     0.0"," ","S","30","     0.0"," ","S","30","     1.4"," ","S","30","     1.1"," ","S","30","    33.0"," ","S","30","    18.7"," ","S","30","    12.0"," ","S","30","     6.1"," ","S","30","     1.2"," ","S","30","     0.1"," ","S","30","     0.0"," ","S","30","     0.0"," ","S","30","    0.04"," ","S","30","    0.13"," ","S","30","    0.40"," ","S","30","    0.09"," ","S","29","   38.61"," ","S","29","     8.8"," ","S","30","     3.2"," ","S","30","     1.4"," ","S","30","     0.8"," ","S","30","     0.5"," ","S","30","     0.2"," ","S","30","     0.0"," ","S","30","     0.0"," ","S","30"," -9999.0","Y"," "," 0"," -9999.0","Y"," "," 0"," -9999.0","Y"," "," 0","     0.1"," ","S","28","    16.1"," ","S","28","    10.1"," ","S","29","     6.3"," ","S","29","     3.8"," ","S","29","     2.3"," ","S","29","     1.6"," ","S","29","     0.0"," ","S","29","     0.0"," ","S","29"," -9999.0","Y"," "," 0"," -9999.0","Y"," "," 0"," -9999.0","Y"," "," 0"
"USC00118740","12-02"," 40.0839"," -88.2403"," 219.8","CHAMPAIGN 3S, IL US","12","02","99","    35.0"," ","S","30","    43.2"," ","S","30","    26.8"," ","S","30","    16.4"," ","S","30","     9.6"," ","S","30","    10.8"," ","S","30","     9.7"," ","S","30","     7.1"," ","S","30","    30.0"," ","S","30","     6.9"," ","S","30","    10.8"," ","S","30","    15.3"," ","S","30","    20.1"," ","S","30","    22.0"," ","S","30","    25.0"," ","S","30","     0.0"," ","S","30","     1.9"," ","S","30","     0.8"," ","S","30","     0.3"," ","S","30","     0.1"," ","S","30","     0.0","X","S","30","     0.0","X","S","30","     0.0"," ","S","30","     0.0"," ","S","30","     0.0"," ","S","30","     1.9"," ","S","30","     0.8"," ","S","30","     0.3"," ","S","30","     0.1"," ","S","30","     0.0","X","S","30","     0.0","X","S","30","     0.0"," ","S","30","     0.0"," ","S","30","     1.3"," ","S","30","     1.0"," ","S","30","    32.9"," ","S","30","    18.5"," ","S","30","    11.9"," ","S","30","     6.0"," ","S","30","     1.2"," ","S","30","     0.1"," ","S","30","     0.0"," ","S","30","     0.0"," ","S","30","    0.04"," ","S","30","    0.13"," ","S","30","    0.39"," ","S","30","    0.17"," ","S","29","   38.69"," ","S","29","     9.1"," ","S","30","     3.3"," ","S","30","     1.5"," ","S","30","     0.8"," ","S","30","     0.5"," ","S","30","     0.2"," ","S","30","     0.0"," ","S","30","     0.0"," ","S","30"," -9999.0","Y"," "," 0"," -9999.0","Y"," "," 0"," -9999.0","Y"," "," 0","     0.2"," ","S","28","    16.2"," ","S","28","    10.7"," ","S","29","     6.7"," ","S","29","     4.1"," ","S","29","     2.5"," ","S","29","     1.8"," ","S","29","     0.0"," ","S","29","     0.0"," ","S","29"," -9999.0","Y"," "," 0"," -9999.0","Y"," "," 0"," -9999.0","Y"," "," 0"
"USC00118740","12-03"," 40.0839"," -88.2403"," 219.8","CHAMPAIGN 3S, IL US","12","03","99","    34.7"," ","S","30","    42.8"," ","S","30","    26.5"," ","S","30","    16.2"," ","S","30","     9.6"," ","S","30","    10.7"," ","S","30","     9.7"," ","S","30","     7.1"," ","S","30","    30.3"," ","S","30","     7.2"," ","S","30","    11.1"," ","S","30","    15.6"," ","S","30","    20.4"," ","S","30","    22.4"," ","S","30","    25.3"," ","S","30","     0.0"," ","S","30","     1.8"," ","S","30","     0.8"," ","S","30","     0.3"," ","S","30","     0.1"," ","S","30","     0.0","X","S","30","     0.0","X","S","30","     0.0"," ","S","30","     0.0"," ","S","30","     0.0"," ","S","30","     1.8"," ","S","30","     0.8"," ","S","30","     0.3"," ","S","30","     0.1"," ","S","30","     0.0","X","S","30","     0.0","X","S","30","     0.0"," ","S","30","     0.0"," ","S","30","     1.3"," ","S","30","     1.0"," ","S","30","    32.9"," ","S","30","    18.4"," ","S","30","    11.7"," ","S","30","     6.0"," ","S","30","     1.1"," ","S","30","     0.1"," ","S","30","     0.0"," ","S","30","     0.0"," ","S","30","    0.04"," ","S","30","    0.13"," ","S","30","    0.39"," ","S","30","    0.25"," ","S","29","   38.77"," ","S","29","     9.4"," ","S","30","     3.4"," ","S","30","     1.5"," ","S","30","     0.9"," ","S","30","     0.5"," ","S","30","     0.3"," ","S","30","     0.0"," ","S","30","     0.0"," ","S","30"," -9999.0","Y"," "," 0"," -9999.0","Y"," "," 0"," -9999.0","Y"," "," 0","     0.3"," ","S","28","    16.3"," ","S","28","    11.3"," ","S","29","     7.1"," ","S","29","     4.5"," ","S","29","     2.8"," ","S","29","     1.9"," ","S","29","     0.0"," ","S","29","     0.0"," ","S","29","     1.0"," ","S","29","     2.0"," ","S","29","     4.0"," ","S","29"
"USC00118740","12-04"," 40.0839"," -88.2403"," 219.8","CHAMPAIGN 3S, IL US","12","04","99","    34.3"," ","S","30","    42.4"," ","S","30","    26.3"," ","S","30","    16.1"," ","S","30","     9.6"," ","S","30","    10.7"," ","S","30","     9.7"," ","S","30","     7.0"," ","S","30","    30.7"," ","S","30","     7.4"," ","S","30","    11.4"," ","S","30","    16.0"," ","S","30","    20.7"," ","S","30","    22.7"," ","S","30","    25.7"," ","S","30","     0.0"," ","S","30","     1.7"," ","S","30","     0.8"," ","S","30","     0.3"," ","S","30","     0.1"," ","S","30","     0.0","X","S","30","     0.0","X","S","30","     0.0"," ","S","30","     0.0"," ","S","30","     0.0"," ","S","30","     1.7"," ","S","30","     0.8"," ","S","30","     0.3"," ","S","30","     0.1"," ","S","30","     0.0","X","S","30","     0.0","X","S","30","     0.0"," ","S","30","     0.0"," ","S","30","     1.2"," ","S","30","     0.9"," ","S","30","    32.9"," ","S","30","    18.2"," ","S","30","    11.6"," ","S","30","     5.9"," ","S","30","     1.1"," ","S","30","     0.1"," ","S","30","     0.0"," ","S","30","     0.0"," ","S","30","    0.04"," ","S","30","    0.12"," ","S","30","    0.38"," ","S","30","    0.33"," ","S","29","   38.85"," ","S","29","     9.7"," ","S","30","     3.5"," ","S","30","     1.6"," ","S","30","     0.9"," ","S","30","     0.6"," ","S","30","     0.3"," ","S","30","     0.0"," ","S","30","     0.0"," ","S","30"," -9999.0","Y"," "," 0"," -9999.0","Y"," "," 0"," -9999.0","Y"," "," 0","     0.4"," ","S","28","    16.4"," ","S","28","    11.9"," ","S","29","     7.6"," ","S","29","     4.9"," ","S","29","     3.1"," ","S","29","     2.1"," ","S","29","     0.0"," ","S","29","     0.0"," ","S","29","     1.0"," ","S","29","     2.0"," ","S","29","     4.0"," ","S","29"
"USC00118740","12-05"," 40.0839"," -88.2403"," 219.8","CHAMPAIGN 3S, IL US","12","05","99","    34.0"," ","S","30","    42.0"," ","S","30","    26.1"," ","S","30","    15.9"," ","S","30","     9.6"," ","S","30","    10.7"," ","S","30","     9.8"," ","S","30","     7.0"," ","S","30","    31.0"," ","S","30","     7.6"," ","S","30","    11.7"," ","S","30","    16.3"," ","S","30","    21.1"," ","S","30","    23.0"," ","S","30","    26.0"," ","S","30","     0.0"," ","S","30","     1.7"," ","S","30","     0.7"," ","S","30","     0.3"," ","S","30","     0.1"," ","S","30","     0.0","X","S","30","     0.0","X","S","30","     0.0"," ","S","30","     0.0"," ","S","30","     0.0"," ","S","30","     1.7"," ","S","30","     0.7"," ","S","30","     0.3"," ","S","30","     0.1"," ","S","30","     0.0","X","S","30","     0.0","X","S","30","     0.0"," ","S","30","     0.0"," ","S","30","     1.1"," ","S","30","     0.9"," ","S","30","    32.9"," ","S","30","    18.1"," ","S","30","    11.5"," ","S","30","     5.9"," ","S","30","     1.1"," ","S","30","     0.1"," ","S","30","     0.0"," ","S","30","     0.0"," ","S","30","    0.04"," ","S","30","    0.12"," ","S","30","    0.38"," ","S","30","    0.41"," ","S","29","   38.93"," ","S","29","    10.0"," ","S","30","     3.6"," ","S","30","     1.7"," ","S","30","     1.0"," ","S","30","     0.6"," ","S","30","     0.3"," ","S","30","     0.0"," ","S","30","     0.0"," ","S","30","     0.3"," ","S","30","     0.5"," ","S","30","     1.2"," ","S","30","     0.5"," ","S","28","    16.5"," ","S","28","    12.5"," ","S","29","     8.1"," ","S","29","     5.3"," ","S","29","     3.3"," ","S","29","     2.3"," ","S","29","     0.0"," ","S","29","     0.0"," ","S","29","     1.0"," ","S","29","     2.0"," ","S","29","     4.0"," ","S","29"
"USC00118740","12-06"," 40.0839"," -88.2403"," 219.8","CHAMPAIGN 3S, IL US","12","06","99","    33.7"," ","S","30","    41.6"," ","S","30","    25.8"," ","S","30","    15.8"," ","S","30","     9.7"," ","S","30","    10.7"," ","S","30","     9.8"," ","S","30","     7.0"," ","S","30","    31.3"," ","S","30","     7.9"," ","S","30","    12.0"," ","S","30","    16.6"," ","S","30","    21.4"," ","S","30","    23.3"," ","S","30","    26.3"," ","S","30","     0.0"," ","S","30","     1.6"," ","S","30","     0.7"," ","S","30","     0.3"," ","S","30","     0.1"," ","S","30","     0.1"," ","S","30","     0.0","X","S","30","     0.0"," ","S","30","     0.0"," ","S","30","     0.0"," ","S","30","     1.6"," ","S","30","     0.7"," ","S","30","     0.3"," ","S","30","     0.1"," ","S","30","     0.1"," ","S","30","     0.0","X","S","30","     0.0"," ","S","30","     0.0"," ","S","30","     1.1"," ","S","30","     0.8"," ","S","30","    32.9"," ","S","30","    18.0"," ","S","30","    11.4"," ","S","30","     5.8"," ","S","30","     1.1"," ","S","30","     0.1"," ","S","30","     0.0"," ","S","30","     0.0"," ","S","30","    0.03"," ","S","30","    0.12"," ","S","30","    0.38"," ","S","30","    0.49"," ","S","29","   39.01"," ","S","29","    10.2"," ","S","30","     3.7"," ","S","30","     1.7"," ","S","30","     1.0"," ","S","30","     0.6"," ","S","30","     0.3"," ","S","30","     0.0"," ","S","30","     0.0"," ","S","30","     0.3"," ","S","30","     0.5"," ","S","30","     1.2"," ","S","30","     0.6"," ","S","28","    16.6"," ","S","28","    13.1"," ","S","29","     8.5"," ","S","29","     5.7"," ","S","29","     3.6"," ","S","29","     2.5"," ","S","29","     0.0"," ","S","29","     0.0"," ","S","29","     1.0"," ","S","29","     2.0"," ","S","29","     4.0"," ","S","29"
"USC00118740","12-07"," 40.0839"," -88.2403"," 219.8","CHAMPAIGN 3S, IL US","12","07","99","    33.4"," ","S","30","    41.2"," ","S","30","    25.6"," ","S","30","    15.7"," ","S","30","     9.7"," ","S","30","    10.7"," ","S","30","     9.9"," ","S","30","     7.0"," ","S","30","    31.6"," ","S","30","     8.1"," ","S","30","    12.2"," ","S","30","    16.9"," ","S","30","    21.7"," ","S","30","    23.6"," ","S","30","    26.6"," ","S","30","     0.0"," ","S","30","     1.5"," ","S","30","     0.7"," ","S","30","     0.3"," ","S","30","     0.1"," ","S","30","     0.1"," ","S","30","     0.0","X","S","30","     0.0"," ","S","30","     0.0"," ","S","30","     0.0"," ","S","30","     1.5"," ","S","30","     0.7"," ","S","30","     0.3"," ","S","30","     0.1"," ","S","30","     0.1"," ","S","30","     0.0","X","S","30","     0.0"," ","S","30","     0.0"," ","S","30","     1.0"," ","S","30","     0.8"," ","S","30","    32.9"," ","S","30","    18.0"," ","S","30","    11.3"," ","S","30","     5.8"," ","S","30","     1.1"," ","S","30","     0.1"," ","S","30","     0.0"," ","S","30","     0.0"," ","S","30","    0.03"," ","S","30","    0.12"," ","S","30","    0.38"," ","S","30","    0.57"," ","S","29","   39.09"," ","S","29","    10.5"," ","S","30","     3.8"," ","S","30","     1.8"," ","S","30","     1.0"," ","S","30","     0.6"," ","S","30","     0.3"," ","S","30","     0.0"," ","S","30","     0.0"," ","S","30","     0.3"," ","S","30","     0.5"," ","S","30","     1.2"," ","S","30","     0.8"," ","S","28","    16.8"," ","S","28","    13.7"," ","S","29","     9.0"," ","S","29","     6.1"," ","S","29","     3.9"," ","S","29","     2.7"," ","S","29","     0.0"," ","S","29","     0.0"," ","S","29","     1.0"," ","S","29","     2.0"," ","S","29","     4.0"," ","S","29"
"USC00118740","12-08"," 40.0839"," -88.2403"," 219.8","CHAMPAIGN 3S, IL US","12","08","99","    33.1"," ","S","30","    40.9"," ","S","30","    25.3"," ","S","30","    15.5"," ","S","30","     9.7"," ","S","30","    10.8"," ","S","30","     9.9"," ","S","30","     7.0"," ","S","30","    31.9"," ","S","30","     8.3"," ","S","30","    12.5"," ","S","30","    17.2"," ","S","30","    22.0"," ","S","30","    23.9"," ","S","30","    26.9"," ","S","30","     0.0"," ","S","30","     1.4"," ","S","30","     0.6"," ","S","30","     0.3"," ","S","30","     0.1"," ","S","30","     0.1"," ","S","30","     0.0","X","S","30","     0.0"," ","S","30","     0.0"," ","S","30","     0.0"," ","S","30","     1.4"," ","S","30","     0.6"," ","S","30","     0.3"," ","S","30","     0.1"," ","S","30","     0.1"," ","S","30","     0.0","X","S","30","     0.0"," ","S","30","     0.0"," ","S","30","     1.0"," ","S","30","     0.7"," ","S","30","    32.9"," ","S","30","    17.9"," ","S","30","    11.2"," ","S","30","     5.8"," ","S","30","     1.1"," ","S","30","     0.1"," ","S","30","     0.0"," ","S","30","     0.0"," ","S","30","    0.03"," ","S","30","    0.12"," ","S","30","    0.37"," ","S","30","    0.65"," ","S","29","   39.17"," ","S","29","    10.7"," ","S","30","     3.9"," ","S","30","     1.9"," ","S","30","     1.1"," ","S","30","     0.7"," ","S","30","     0.4"," ","S","30","     0.0"," ","S","30","     0.0"," ","S","30","     0.3"," ","S","30","     0.5"," ","S","30","     1.2"," ","S","30","     0.9"," ","S","28","    16.9"," ","S","28","    14.3"," ","S","29","     9.5"," ","S","29","     6.5"," ","S","29","     4.2"," ","S","29","     3.0"," ","S","29","     0.0"," ","S","29","     0.0"," ","S","29","     1.0"," ","S","29","     2.0"," ","S","29","     4.0"," ","S","29"
"USC00118740","12-09"," 40.0839"," -88.2403"," 219.8","CHAMPAIGN 3S, IL US","12","09","99","    32.8"," ","S","30","    40.5"," ","S","30","    25.1"," ","S","30","    15.4"," ","S","30","     9.8"," ","S","30","    10.8"," ","S","30","    10.0"," ","S","30","     7.0"," ","S","30","    32.2"," ","S","30","     8.6"," ","S","30","    12.8"," ","S","30","    17.4"," ","S","30","    22.3"," ","S","30","    24.2"," ","S","30","    27.2"," ","S","30","     0.0"," ","S","30","     1.4"," ","S","30","     0.6"," ","S","30","     0.3"," ","S","30","     0.1"," ","S","30","     0.0","X","S","30","     0.0","X","S","30","     0.0"," ","S","30","     0.0"," ","S","30","     0.0"," ","S","30","     1.4"," ","S","30","     0.6"," ","S","30","     0.3"," ","S","30","     0.1"," ","S","30","     0.0","X","S","30","     0.0","X","S","30","     0.0"," ","S","30","     0.0"," ","S","30","     0.9"," ","S","30","     0.7"," ","S","30","    32.8"," ","S","30","    17.8"," ","S","30","    11.1"," ","S","30","     5.8"," ","S","30","     1.1"," ","S","30","     0.1"," ","S","30","     0.0"," ","S","30","     0.0"," ","S","30","    0.03"," ","S","30","    0.12"," ","S","30","    0.37"," ","S","30","    0.73"," ","S","29","   39.25"," ","S","29","    10.9"," ","S","30","     3.9"," ","S","30","     1.9"," ","S","30","     1.1"," ","S","30","     0.7"," ","S","30","     0.4"," ","S","30","     0.0"," ","S","30","     0.0"," ","S","30","     0.3"," ","S","30","     0.5"," ","S","30","     1.2"," ","S","30","     1.0"," ","S","28","    17.0"," ","S","28","    14.9"," ","S","29","    10.0"," ","S","29","     6.9"," ","S","29","     4.5"," ","S","29","     3.2"," ","S","29"," -9999.0","Z"," "," 0","     0.0"," ","S","29","     1.0"," ","S","29","     2.0"," ","S","29","     4.0"," ","S","29"
"USC00118740","12-10"," 40.0839"," -88.2403"," 219.8","CHAMPAIGN 3S, IL US","12","10","99","    32.5"," ","S","30","    40.1"," ","S","30","    24.9"," ","S","30","    15.3"," ","S","30","     9.8"," ","S","30","    10.8"," ","S","30","    10.1"," ","S","30","     6.9"," ","S","30","    32.5"," ","S","30","     8.8"," ","S","30","    13.0"," ","S","30","    17.7"," ","S","30","    22.6"," ","S","30","    24.5"," ","S","30","    27.5"," ","S","30","     0.0"," ","S","30","     1.3"," ","S","30","     0.5"," ","S","30","     0.2"," ","S","30","     0.1"," ","S","30","     0.0","X","S","30","     0.0","X","S","30","     0.0"," ","S","30","     0.0"," ","S","30","     0.0"," ","S","30","     1.3"," ","S","30","     0.5"," ","S","30","     0.2"," ","S","30","     0.1"," ","S","30","     0.0","X","S","30","     0.0","X","S","30","     0.0"," ","S","30","     0.0"," ","S","30","     0.8"," ","S","30","     0.6"," ","S","30","    32.8"," ","S","30","    17.7"," ","S","30","    11.0"," ","S","30","     5.8"," ","S","30","     1.1"," ","S","30","     0.1"," ","S","30","     0.0"," ","S","30","     0.0"," ","S","30","    0.03"," ","S","30","    0.11"," ","S","30","    0.37"," ","S","30","    0.80"," ","S","29","   39.32"," ","S","29","    11.1"," ","S","30","     4.0"," ","S","30","     2.0"," ","S","30","     1.2"," ","S","30","     0.7"," ","S","30","     0.4"," ","S","30","     0.0"," ","S","30","     0.0"," ","S","30","     0.3"," ","S","30","     0.5"," ","S","30","     1.2"," ","S","30","     1.1"," ","S","28","    17.1"," ","S","28","    15.5"," ","S","29","    10.5"," ","S","29","     7.4"," ","S","29","     4.8"," ","S","29","     3.4"," ","S","29"," -9999.0","Z"," "," 0","     0.0"," ","S","29","     1.0"," ","S","29","     2.0"," ","S","29","     4.0"," ","S","29"
"USC00118740","12-11"," 40.0839"," -88.2403"," 219.8","CHAMPAIGN 3S, IL US","12","11","99","    32.2"," ","S","30","    39.8"," ","S","30","    24.7"," ","S","30","    15.1"," ","S","30","     9.9"," ","S","30","    10.8"," ","S","30","    10.1"," ","S","30","     6.9"," ","S","30","    32.8"," ","S","30","     8.9"," ","S","30","    13.2"," ","S","30","    18.0"," ","S","30","    22.8"," ","S","30","    24.8"," ","S","30","    27.8"," ","S","30","     0.0"," ","S","30","     1.2"," ","S","30","     0.5"," ","S","30","     0.2"," ","S","30","     0.1"," ","S","30","     0.0","X","S","30","     0.0","X","S","30","     0.0"," ","S","30","     0.0"," ","S","30","     0.0"," ","S","30","     1.2"," ","S","30","     0.5"," ","S","30","     0.2"," ","S","30","     0.1"," ","S","30","     0.0","X","S","30","     0.0","X","S","30","     0.0"," ","S","30","     0.0"," ","S","30","     0.8"," ","S","30","     0.6"," ","S","30","    32.7"," ","S","30","    17.6"," ","S","30","    10.9"," ","S","30","     5.8"," ","S","30","     1.1"," ","S","30","     0.1"," ","S","30","     0.0"," ","S","30","     0.0"," ","S","30","    0.03"," ","S","30","    0.11"," ","S","30","    0.37"," ","S","30","    0.87"," ","S","29","   39.39"," ","S","29","    11.4"," ","S","30","     4.1"," ","S","30","     2.1"," ","S","30","     1.2"," ","S","30","     0.8"," ","S","30","     0.4"," ","S","30","     0.0"," ","S","30","     0.0"," ","S","30","     0.3"," ","S","30","     0.5"," ","S","30","     1.3"," ","S","30","     1.3"," ","S","28","    17.3"," ","S","28","    16.1"," ","S","29","    11.0"," ","S","29","     7.8"," ","S","29","     5.1"," ","S","29","     3.6"," ","S","29"," -9999.0","Z"," "," 0","     0.0"," ","S","29","     1.0"," ","S","29","     2.0"," ","S","29","     4.0"," ","S","29"
"USC00118740","12-12"," 40.0839"," -88.2403"," 219.8","CHAMPAIGN 3S, IL US","12","12","99","    31.9"," ","S","30","    39.5"," ","S","30","    24.4"," ","S","30","    15.0"," ","S","30","    10.0"," ","S","30","    10.9"," ","S","30","    10.2"," ","S","30","     6.9"," ","S","30","    33.0"," ","S","30","     9.1"," ","S","30","    13.4"," ","S","30","    18.2"," ","S","30","    23.1"," ","S","30","    25.1"," ","S","30","    28.1"," ","S","30","     0.0"," ","S","30","     1.0"," ","S","30","     0.4"," ","S","30","     0.1"," ","S","30","     0.0","X","S","30","     0.0","X","S","30","     0.0","X","S","30","     0.0"," ","S","30","     0.0"," ","S","30","     0.0"," ","S","30","     1.0"," ","S","30","     0.4"," ","S","30","     0.1"," ","S","30","     0.0","X","S","30","     0.0","X","S","30","     0.0","X","S","30","     0.0"," ","S","30","     0.0"," ","S","30","     0.7"," ","S","30","     0.5"," ","S","30","    32.7"," ","S","30","    17.5"," ","S","30","    10.9"," ","S","30","     5.8"," ","S","30","     1.1"," ","S","30","     0.1"," ","S","30","     0.0"," ","S","30","     0.0"," ","S","30","    0.03"," ","S","30","    0.11"," ","S","30","    0.37"," ","S","30","    0.94"," ","S","29","   39.46"," ","S","29","    11.6"," ","S","30","     4.2"," ","S","30","     2.1"," ","S","30","     1.3"," ","S","30","     0.8"," ","S","30","     0.4"," ","S","30","     0.0"," ","S","30","     0.0"," ","S","30","     0.3"," ","S","30","     0.5"," ","S","30","     1.3"," ","S","30","     1.4"," ","S","28","    17.4"," ","S","28","    16.7"," ","S","29","    11.5"," ","S","29","     8.3"," ","S","29","     5.5"," ","S","29","     3.9"," ","S","29"," -9999.0","Z"," "," 0","     0.0"," ","S","29","     1.0"," ","S","29","     2.0"," ","S","29","     5.0"," ","S","29"
"USC00118740","12-13"," 40.0839"," -88.2403"," 219.8","CHAMPAIGN 3S, IL US","12","13","99","    31.7"," ","S","30","    39.1"," ","S","30","    24.2"," ","S","30","    14.9"," ","S","30","    10.0"," ","S","30","    10.9"," ","S","30","    10.3"," ","S","30","     6.9"," ","S","30","    33.3"," ","S","30","     9.3"," ","S","30","    13.6"," ","S","30","    18.4"," ","S","30","    23.4"," ","S","30","    25.3"," ","S","30","    28.3"," ","S","30","     0.0"," ","S","30","     0.9"," ","S","30","     0.3"," ","S","30","     0.1"," ","S","30","     0.0","X","S","30","     0.0","X","S","30","     0.0","X","S","30","     0.0"," ","S","30","     0.0"," ","S","30","     0.0"," ","S","30","     0.9"," ","S","30","     0.3"," ","S","30","     0.1"," ","S","30","     0.0","X","S","30","     0.0","X","S","30","     0.0","X","S","30","     0.0"," ","S","30","     0.0"," ","S","30","     0.6"," ","S","30","     0.4"," ","S","30","    32.6"," ","S","30","    17.4"," ","S","30","    10.8"," ","S","30","     5.7"," ","S","30","     1.1"," ","S","30","     0.1"," ","S","30","     0.0"," ","S","30","     0.0"," ","S","30","    0.03"," ","S","30","    0.11"," ","S","30","    0.37"," ","S","30","    1.02"," ","S","29","   39.54"," ","S","29","    11.8"," ","S","30","     4.3"," ","S","30","     2.2"," ","S","30","     1.3"," ","S","30","     0.8"," ","S","30","     0.4"," ","S","30","     0.0"," ","S","30","     0.0"," ","S","30","     0.3"," ","S","30","     0.5"," ","S","30","     1.3"," ","S","30","     1.6"," ","S","28","    17.6"," ","S","28","    17.3"," ","S","29","    12.1"," ","S","29","     8.8"," ","S","29","     5.9"," ","S","29","     4.2"," ","S","29"," -9999.0","Z"," "," 0","     0.0"," ","S","29","     1.0"," ","S","29","     2.0"," ","S","29","     5.0"," ","S","29"
"USC00118740","12-14"," 40.0839"," -88.2403"," 219.8","CHAMPAIGN 3S, IL US","12","14","99","    31.4"," ","S","30","    38.8"," ","S","30","    24.0"," ","S","30","    14.8"," ","S","30","    10.1"," ","S","30","    11.0"," ","S","30","    10.4"," ","S","30","     6.9"," ","S","30","    33.6"," ","S","30","     9.4"," ","S","30","    13.9"," ","S","30","    18.7"," ","S","30","    23.6"," ","S","30","    25.6"," ","S","30","    28.6"," ","S","30","     0.0"," ","S","30","     0.9"," ","S","30","     0.3"," ","S","30","     0.1"," ","S","30","     0.0","X","S","30","     0.0","X","S","30","     0.0","X","S","30","     0.0"," ","S","30","     0.0"," ","S","30","     0.0"," ","S","30","     0.9"," ","S","30","     0.3"," ","S","30","     0.1"," ","S","30","     0.0","X","S","30","     0.0","X","S","30","     0.0","X","S","30","     0.0"," ","S","30","     0.0"," ","S","30","     0.5"," ","S","30","     0.4"," ","S","30","    32.6"," ","S","30","    17.4"," ","S","30","    10.7"," ","S","30","     5.7"," ","S","30","     1.1"," ","S","30","     0.1"," ","S","30","     0.0"," ","S","30","     0.0"," ","S","30","    0.03"," ","S","30","    0.11"," ","S","30","    0.37"," ","S","30","    1.09"," ","S","29","   39.61"," ","S","29","    12.0"," ","S","30","     4.4"," ","S","30","     2.3"," ","S","30","     1.4"," ","S","30","     0.9"," ","S","30","     0.5"," ","S","30","     0.0"," ","S","30","     0.0"," ","S","30","     0.3"," ","S","30","     0.5"," ","S","30","     1.3"," ","S","30","     1.7"," ","S","28","    17.7"," ","S","28","    18.0"," ","S","29","    12.7"," ","S","29","     9.3"," ","S","29","     6.3"," ","S","29","     4.5"," ","S","29"," -9999.0","Z"," "," 0","     0.0"," ","S","29","     1.0"," ","S","29","     2.0"," ","S","29","     5.0"," ","S","29"
"USC00118740","12-15"," 40.0839"," -88.2403"," 219.8","CHAMPAIGN 3S, IL US","12","15","99","    31.1"," ","S","30","    38.5"," ","S","30","    23.8"," ","S","30","    14.7"," ","S","30","    10.2"," ","S","30","    11.0"," ","S","30","    10.5"," ","S","30","     6.9"," ","S","30","    33.9"," ","S","30","     9.6"," ","S","30","    14.1"," ","S","30","    18.9"," ","S","30","    23.9"," ","S","30","    25.9"," ","S","30","    28.9"," ","S","30","     0.0"," ","S","30","     0.8"," ","S","30","     0.2"," ","S","30","     0.1"," ","S","30","     0.0","X","S","30","     0.0","X","S","30","     0.0","X","S","30","     0.0"," ","S","30","     0.0"," ","S","30","     0.0"," ","S","30","     0.8"," ","S","30","     0.2"," ","S","30","     0.1"," ","S","30","     0.0","X","S","30","     0.0","X","S","30","     0.0","X","S","30","     0.0"," ","S","30","     0.0"," ","S","30","     0.5"," ","S","30","     0.3"," ","S","30","    32.6"," ","S","30","    17.3"," ","S","30","    10.6"," ","S","30","     5.7"," ","S","30","     1.1"," ","S","30","     0.1"," ","S","30","     0.0"," ","S","30","     0.0"," ","S","30","    0.03"," ","S","30","    0.11"," ","S","30","    0.36"," ","S","30","    1.16"," ","S","29","   39.68"," ","S","29","    12.3"," ","S","30","     4.5"," ","S","30","     2.4"," ","S","30","     1.4"," ","S","30","     0.9"," ","S","30","     0.5"," ","S","30","     0.0"," ","S","30","     0.0"," ","S","30","     0.3"," ","S","30","     0.5"," ","S","30","     1.4"," ","S","30","     1.9"," ","S","28","    17.9"," ","S","28","    18.7"," ","S","29","    13.4"," ","S","29","     9.9"," ","S","29","     6.7"," ","S","29","     4.8"," ","S","29"," -9999.0","Z"," "," 0","     0.0"," ","S","29","     1.0"," ","S","29","     3.0"," ","S","29","     5.0"," ","S","29"
"USC00118740","12-16"," 40.0839"," -88.2403"," 219.8","CHAMPAIGN 3S, IL US","12","16","99","    30.9"," ","S","30","    38.2"," ","S","30","    23.6"," ","S","30","    14.6"," ","S","30","    10.3"," ","S","30","    11.1"," ","S","30","    10.6"," ","S","30","     6.9"," ","S","30","    34.1"," ","S","30","     9.9"," ","S","30","    14.3"," ","S","30","    19.2"," ","S","30","    24.1"," ","S","30","    26.1"," ","S","30","    29.1"," ","S","30","     0.0"," ","S","30","     0.7"," ","S","30","     0.2"," ","S","30","     0.1"," ","S","30","     0.0","X","S","30","     0.0","X","S","30","     0.0"," ","S","30","     0.0"," ","S","30","     0.0"," ","S","30","     0.0"," ","S","30","     0.7"," ","S","30","     0.2"," ","S","30","     0.1"," ","S","30","     0.0","X","S","30","     0.0","X","S","30","     0.0"," ","S","30","     0.0"," ","S","30","     0.0"," ","S","30","     0.5"," ","S","30","     0.3"," ","S","30","    32.6"," ","S","30","    17.3"," ","S","30","    10.5"," ","S","30","     5.7"," ","S","30","     1.1"," ","S","30","     0.1"," ","S","30","     0.0"," ","S","30","     0.0"," ","S","30","    0.03"," ","S","30","    0.11"," ","S","30","    0.36"," ","S","30","    1.23"," ","S","29","   39.75"," ","S","29","    12.5"," ","S","30","     4.6"," ","S","30","     2.5"," ","S","30","     1.5"," ","S","30","     0.9"," ","S","30","     0.5"," ","S","30","     0.0"," ","S","30","     0.0"," ","S","30","     0.3"," ","S","30","     0.5"," ","S","30","     1.4"," ","S","30","     2.0"," ","S","28","    18.0"," ","S","28","    19.4"," ","S","29","    14.0"," ","S","29","    10.4"," ","S","29","     7.1"," ","S","29","     5.2"," ","S","29"," -9999.0","Z"," "," 0","     0.0"," ","S","29","     1.0"," ","S","29","     3.0"," ","S","29","     5.0"," ","S","29"
"USC00118740","12-17"," 40.0839"," -88.2403"," 219.8","CHAMPAIGN 3S, IL US","12","17","99","    30.6"," ","S","30","    37.9"," ","S","30","    23.4"," ","S","30","    14.5"," ","S","30","    10.3"," ","S","30","    11.1"," ","S","30","    10.7"," ","S","30","     6.9"," ","S","30","    34.4"," ","S","30","    10.1"," ","S","30","    14.6"," ","S","30","    19.4"," ","S","30","    24.4"," ","S","30","    26.4"," ","S","30","    29.4"," ","S","30","     0.0"," ","S","30","     0.7"," ","S","30","     0.2"," ","S","30","     0.1"," ","S","30","     0.0","X","S","30","     0.0","X","S","30","     0.0"," ","S","30","     0.0"," ","S","30","     0.0"," ","S","30","     0.0"," ","S","30","     0.7"," ","S","30","     0.2"," ","S","30","     0.1"," ","S","30","     0.0","X","S","30","     0.0","X","S","30","     0.0"," ","S","30","     0.0"," ","S","30","     0.0"," ","S","30","     0.5"," ","S","30","     0.3"," ","S","30","    32.6"," ","S","30","    17.2"," ","S","30","    10.4"," ","S","30","     5.7"," ","S","30","     1.2"," ","S","30","     0.1"," ","S","30","     0.0"," ","S","30","     0.0"," ","S","30","    0.03"," ","S","30","    0.11"," ","S","30","    0.36"," ","S","30","    1.30"," ","S","29","   39.82"," ","S","29","    12.7"," ","S","30","     4.7"," ","S","30","     2.5"," ","S","30","     1.6"," ","S","30","     1.0"," ","S","30","     0.5"," ","S","30","     0.0"," ","S","30","     0.0"," ","S","30","     0.3"," ","S","30","     0.5"," ","S","30","     1.4"," ","S","30","     2.2"," ","S","28","    18.2"," ","S","28","    20.1"," ","S","30","    14.7"," ","S","30","    11.0"," ","S","30","     7.5"," ","S","30","     5.5"," ","S","30"," -9999.0","Z"," "," 0","     0.0"," ","S","30","     1.0"," ","S","30","     3.0"," ","S","30","     5.0"," ","S","30"
"USC00118740","12-18"," 40.0839"," -88.2403"," 219.8","CHAMPAIGN 3S, IL US","12","18","99","    30.4"," ","S","30","    37.6"," ","S","30","    23.1"," ","S","30","    14.5"," ","S","30","    10.4"," ","S","30","    11.2"," ","S","30","    10.8"," ","S","30","     6.8"," ","S","30","    34.6"," ","S","30","    10.3"," ","S","30","    14.8"," ","S","30","    19.7"," ","S","30","    24.6"," ","S","30","    26.6"," ","S","30","    29.6"," ","S","30","     0.0"," ","S","30","     0.6"," ","S","30","     0.2"," ","S","30","     0.1"," ","S","30","     0.0","X","S","30","     0.0","X","S","30","     0.0"," ","S","30","     0.0"," ","S","30","     0.0"," ","S","30","     0.0"," ","S","30","     0.6"," ","S","30","     0.2"," ","S","30","     0.1"," ","S","30","     0.0","X","S","30","     0.0","X","S","30","     0.0"," ","S","30","     0.0"," ","S","30","     0.0"," ","S","30","     0.4"," ","S","30","     0.3"," ","S","30","    32.6"," ","S","30","    17.2"," ","S","30","    10.3"," ","S","30","     5.7"," ","S","30","     1.2"," ","S","30","     0.1"," ","S","30","     0.0"," ","S","30","     0.0"," ","S","30","    0.03"," ","S","30","    0.11"," ","S","30","    0.36"," ","S","30","    1.38"," ","S","29","   39.90"," ","S","29","    12.9"," ","S","30","     4.8"," ","S","30","     2.6"," ","S","30","     1.6"," ","S","30","     1.0"," ","S","30","     0.5"," ","S","30","     0.0"," ","S","30","     0.0"," ","S","30","     0.3"," ","S","30","     0.5"," ","S","30","     1.4"," ","S","30","     2.4"," ","S","28","    18.4"," ","S","28","    20.8"," ","S","30","    15.4"," ","S","30","    11.6"," ","S","30","     8.0"," ","S","30","     5.8"," ","S","30"," -9999.0","Z"," "," 0","     0.0"," ","S","30","     1.0"," ","S","30","     3.0"," ","S","30","     5.0"," ","S","30"
"USC00118740","12-19"," 40.0839"," -88.2403"," 219.8","CHAMPAIGN 3S, IL US","12","19","99","    30.1"," ","S","30","    37.3"," ","S","30","    22.9"," ","S","30","    14.4"," ","S","30","    10.5"," ","S","30","    11.2"," ","S","30","    10.9"," ","S","30","     6.8"," ","S","30","    34.9"," ","S","30","    10.5"," ","S","30","    15.0"," ","S","30","    19.9"," ","S","30","    24.9"," ","S","30","    26.9"," ","S","30","    29.9"," ","S","30","     0.0"," ","S","30","     0.6"," ","S","30","     0.2"," ","S","30","     0.1"," ","S","30","     0.0","X","S","30","     0.0","X","S","30","     0.0"," ","S","30","     0.0"," ","S","30","     0.0"," ","S","30","     0.0"," ","S","30","     0.6"," ","S","30","     0.2"," ","S","30","     0.1"," ","S","30","     0.0","X","S","30","     0.0","X","S","30","     0.0"," ","S","30","     0.0"," ","S","30","     0.0"," ","S","30","     0.4"," ","S","30","     0.3"," ","S","30","    32.6"," ","S","30","    17.2"," ","S","30","    10.3"," ","S","30","     5.7"," ","S","30","     1.2"," ","S","30","     0.1"," ","S","30","     0.0"," ","S","30","     0.0"," ","S","30","    0.03"," ","S","30","    0.11"," ","S","30","    0.35"," ","S","30","    1.45"," ","S","29","   39.97"," ","S","29","    13.1"," ","S","30","     4.9"," ","S","30","     2.7"," ","S","30","     1.7"," ","S","30","     1.0"," ","S","30","     0.6"," ","S","30","     0.0"," ","S","30","     0.0"," ","S","30","     0.3"," ","S","30","     0.5"," ","S","30","     1.4"," ","S","30","     2.5"," ","S","28","    18.5"," ","S","28","    21.5"," ","S","30","    16.1"," ","S","30","    12.1"," ","S","30","     8.4"," ","S","30","     6.2"," ","S","30"," -9999.0","Z"," "," 0","     0.0"," ","S","30","     1.0"," ","S","30","     3.0"," ","S","30","     5.0"," ","S","30"
"USC00118740","12-20"," 40.0839"," -88.2403"," 219.8","CHAMPAIGN 3S, IL US","12","20","99","    29.9"," ","S","30","    37.0"," ","S","30","    22.7"," ","S","30","    14.3"," ","S","30","    10.6"," ","S","30","    11.3"," ","S","30","    11.0"," ","S","30","     6.8"," ","S","30","    35.1"," ","S","30","    10.7"," ","S","30","    15.3"," ","S","30","    20.2"," ","S","30","    25.1"," ","S","30","    27.1"," ","S","30","    30.1"," ","S","30","     0.0"," ","S","30","     0.6"," ","S","30","     0.1"," ","S","30","     0.0","X","S","30","     0.0","X","S","30","     0.0","X","S","30","     0.0"," ","S","30","     0.0"," ","S","30","     0.0"," ","S","30","     0.0"," ","S","30","     0.6"," ","S","30","     0.1"," ","S","30","     0.0","X","S","30","     0.0","X","S","30","     0.0","X","S","30","     0.0"," ","S","30","     0.0"," ","S","30","     0.0"," ","S","30","     0.4"," ","S","30","     0.3"," ","S","30","    32.5"," ","S","30","    17.2"," ","S","30","    10.2"," ","S","30","     5.7"," ","S","30","     1.3"," ","S","30","     0.1"," ","S","30","     0.0"," ","S","30","     0.0"," ","S","30","    0.03"," ","S","30","    0.11"," ","S","30","    0.35"," ","S","30","    1.53"," ","S","29","   40.05"," ","S","29","    13.2"," ","S","30","     4.9"," ","S","30","     2.7"," ","S","30","     1.7"," ","S","30","     1.1"," ","S","30","     0.6"," ","S","30","     0.0"," ","S","30","     0.0"," ","S","30","     0.3"," ","S","30","     0.5"," ","S","30","     1.5"," ","S","30","     2.7"," ","S","28","    18.7"," ","S","28","    22.3"," ","S","30","    16.8"," ","S","30","    12.7"," ","S","30","     8.8"," ","S","30","     6.5"," ","S","30"," -9999.0","Z"," "," 0","     0.0"," ","S","30","     1.0"," ","S","30","     3.0"," ","S","30","     5.0"," ","S","30"
"USC00118740","12-21"," 40.0839"," -88.2403"," 219.8","CHAMPAIGN 3S, IL US","12","21","99","    29.6"," ","S","30","    36.8"," ","S","30","    22.5"," ","S","30","    14.3"," ","S","30","    10.7"," ","S","30","    11.4"," ","S","30","    11.1"," ","S","30","     6.8"," ","S","30","    35.4"," ","S","30","    10.9"," ","S","30","    15.5"," ","S","30","    20.4"," ","S","30","    25.4"," ","S","30","    27.4"," ","S","30","    30.4"," ","S","30","     0.0"," ","S","30","     0.5"," ","S","30","     0.1"," ","S","30","     0.0","X","S","30","     0.0","X","S","30","     0.0","X","S","30","     0.0"," ","S","30","     0.0"," ","S","30","     0.0"," ","S","30","     0.0"," ","S","30","     0.5"," ","S","30","     0.1"," ","S","30","     0.0","X","S","30","     0.0","X","S","30","     0.0","X","S","30","     0.0"," ","S","30","     0.0"," ","S","30","     0.0"," ","S","30","     0.4"," ","S","30","     0.2"," ","S","30","    32.5"," ","S","30","    17.2"," ","S","30","    10.1"," ","S","30","     5.7"," ","S","30","     1.3"," ","S","30","     0.1"," ","S","30","     0.0"," ","S","30","     0.0"," ","S","30","    0.03"," ","S","30","    0.10"," ","S","30","    0.35"," ","S","30","    1.60"," ","S","29","   40.12"," ","S","29","    13.4"," ","S","30","     5.0"," ","S","30","     2.8"," ","S","30","     1.8"," ","S","30","     1.1"," ","S","30","     0.6"," ","S","30","     0.0"," ","S","30","     0.0"," ","S","30","     0.3"," ","S","30","     0.5"," ","S","30","     1.5"," ","S","30","     2.9"," ","S","28","    18.9"," ","S","28","    23.0"," ","S","30","    17.5"," ","S","30","    13.3"," ","S","30","     9.2"," ","S","30","     6.8"," ","S","30"," -9999.0","Z"," "," 0","     0.0"," ","S","30","     1.0"," ","S","30","     3.0"," ","S","30","     5.0"," ","S","30"
"USC00118740","12-22"," 40.0839"," -88.2403"," 219.8","CHAMPAIGN 3S, IL US","12","22","99","    29.4"," ","S","30","    36.5"," ","S","30","    22.3"," ","S","30","    14.2"," ","S","30","    10.8"," ","S","30","    11.4"," ","S","30","    11.2"," ","S","30","     6.8"," ","S","30","    35.6"," ","S","30","    11.1"," ","S","30","    15.7"," ","S","30","    20.6"," ","S","30","    25.6"," ","S","30","    27.6"," ","S","30","    30.6"," ","S","30","     0.0"," ","S","30","     0.5"," ","S","30","     0.1"," ","S","30","     0.0","X","S","30","     0.0","X","S","30","     0.0","X","S","30","     0.0"," ","S","30","     0.0"," ","S","30","     0.0"," ","S","30","     0.0"," ","S","30","     0.5"," ","S","30","     0.1"," ","S","30","     0.0","X","S","30","     0.0","X","S","30","     0.0","X","S","30","     0.0"," ","S","30","     0.0"," ","S","30","     0.0"," ","S","30","     0.4"," ","S","30","     0.2"," ","S","30","    32.5"," ","S","30","    17.2"," ","S","30","    10.1"," ","S","30","     5.7"," ","S","30","     1.3"," ","S","30","     0.1"," ","S","30","     0.0"," ","S","30","     0.0"," ","S","30","    0.03"," ","S","30","    0.10"," ","S","30","    0.35"," ","S","30","    1.68"," ","S","29","   40.20"," ","S","29","    13.5"," ","S","30","     5.1"," ","S","30","     2.9"," ","S","30","     1.8"," ","S","30","     1.1"," ","S","30","     0.6"," ","S","30","     0.0"," ","S","30","     0.0"," ","S","30","     0.3"," ","S","30","     0.5"," ","S","30","     1.5"," ","S","30","     3.0"," ","S","28","    19.0"," ","S","28","    23.7"," ","S","30","    18.2"," ","S","30","    13.8"," ","S","30","     9.6"," ","S","30","     7.1"," ","S","30"," -9999.0","Z"," "," 0","     0.0"," ","S","30","     1.0"," ","S","30","     3.0"," ","S","30","     5.0"," ","S","30"
"USC00118740","12-23"," 40.0839"," -88.2403"," 219.8","CHAMPAIGN 3S, IL US","12","23","99","    29.2"," ","S","30","    36.3"," ","S","30","    22.1"," ","S","30","    14.2"," ","S","30","    10.9"," ","S","30","    11.5"," ","S","30","    11.3"," ","S","30","     6.8"," ","S","30","    35.8"," ","S","30","    11.4"," ","S","30","    16.0"," ","S","30","    20.9"," ","S","30","    25.8"," ","S","30","    27.8"," ","S","30","    30.8"," ","S","30","     0.0"," ","S","30","     0.5"," ","S","30","     0.1"," ","S","30","     0.0","X","S","30","     0.0"," ","S","30","     0.0"," ","S","30","     0.0"," ","S","30","     0.0"," ","S","30","     0.0"," ","S","30","     0.0"," ","S","30","     0.5"," ","S","30","     0.1"," ","S","30","     0.0","X","S","30","     0.0"," ","S","30","     0.0"," ","S","30","     0.0"," ","S","30","     0.0"," ","S","30","     0.0"," ","S","30","     0.4"," ","S","30","     0.2"," ","S","30","    32.4"," ","S","30","    17.2"," ","S","30","    10.0"," ","S","30","     5.7"," ","S","30","     1.4"," ","S","30","     0.1"," ","S","30","     0.0"," ","S","30","     0.0"," ","S","30","    0.03"," ","S","30","    0.10"," ","S","30","    0.34"," ","S","30","    1.76"," ","S","29","   40.28"," ","S","29","    13.7"," ","S","30","     5.1"," ","S","30","     2.9"," ","S","30","     1.9"," ","S","30","     1.2"," ","S","30","     0.7"," ","S","30","     0.0"," ","S","30","     0.0"," ","S","30","     0.3"," ","S","30","     0.5"," ","S","30","     1.5"," ","S","30","     3.2"," ","S","28","    19.2"," ","S","28","    24.4"," ","S","30","    18.9"," ","S","30","    14.4"," ","S","30","    10.0"," ","S","30","     7.4"," ","S","30"," -9999.0","Z"," "," 0","     0.0"," ","S","30","     2.0"," ","S","30","     3.0"," ","S","30","     5.0"," ","S","30"
"USC00118740","12-24"," 40.0839"," -88.2403"," 219.8","CHAMPAIGN 3S, IL US","12","24","99","    28.9"," ","S","30","    36.0"," ","S","30","    21.8"," ","S","30","    14.2"," ","S","30","    10.9"," ","S","30","    11.5"," ","S","30","    11.4"," ","S","30","     6.9"," ","S","30","    36.1"," ","S","30","    11.6"," ","S","30","    16.2"," ","S","30","    21.1"," ","S","30","    26.1"," ","S","30","    28.1"," ","S","30","    31.1"," ","S","30","     0.0"," ","S","30","     0.5"," ","S","30","     0.1"," ","S","30","     0.0","X","S","30","     0.0","X","S","30","     0.0"," ","S","30","     0.0"," ","S","30","     0.0"," ","S","30","     0.0"," ","S","30","     0.0"," ","S","30","     0.5"," ","S","30","     0.1"," ","S","30","     0.0","X","S","30","     0.0","X","S","30","     0.0"," ","S","30","     0.0"," ","S","30","     0.0"," ","S","30","     0.0"," ","S","30","     0.4"," ","S","30","     0.2"," ","S","30","    32.4"," ","S","30","    17.1"," ","S","30","    10.0"," ","S","30","     5.7"," ","S","30","     1.4"," ","S","30","     0.1"," ","S","30","     0.0"," ","S","30","     0.0"," ","S","30","    0.03"," ","S","30","    0.10"," ","S","30","    0.34"," ","S","30","    1.84"," ","S","29","   40.36"," ","S","29","    13.8"," ","S","30","     5.2"," ","S","30","     3.0"," ","S","30","     2.0"," ","S","30","     1.2"," ","S","30","     0.7"," ","S","30","     0.0"," ","S","30","     0.0"," ","S","30","     0.3"," ","S","30","     0.5"," ","S","30","     1.6"," ","S","30","     3.4"," ","S","28","    19.4"," ","S","28","    25.1"," ","S","30","    19.6"," ","S","30","    15.0"," ","S","30","    10.4"," ","S","30","     7.7"," ","S","30"," -9999.0","Z"," "," 0","     0.0"," ","S","30","     2.0"," ","S","30","     3.0"," ","S","30","     5.0"," ","S","30"
"USC00118740","12-25"," 40.0839"," -88.2403"," 219.8","CHAMPAIGN 3S, IL US","12","25","99","    28.7"," ","S","30","    35.8"," ","S","30","    21.6"," ","S","30","    14.2"," ","S","30","    11.0"," ","S","30","    11.6"," ","S","30","    11.5"," ","S","30","     6.9"," ","S","30","    36.3"," ","S","30","    11.9"," ","S","30","    16.4"," ","S","30","    21.3"," ","S","30","    26.3"," ","S","30","    28.3"," ","S","30","    31.3"," ","S","30","     0.0"," ","S","30","     0.6"," ","S","30","     0.1"," ","S","30","     0.0","X","S","30","     0.0","X","S","30","     0.0"," ","S","30","     0.0"," ","S","30","     0.0"," ","S","30","     0.0"," ","S","30","     0.0"," ","S","30","     0.6"," ","S","30","     0.1"," ","S","30","     0.0","X","S","30","     0.0","X","S","30","     0.0"," ","S","30","     0.0"," ","S","30","     0.0"," ","S","30","     0.0"," ","S","30","     0.4"," ","S","30","     0.2"," ","S","30","    32.3"," ","S","30","    17.1"," ","S","30","     9.9"," ","S","30","     5.7"," ","S","30","     1.5"," ","S","30","     0.2"," ","S","30","     0.0"," ","S","30","     0.0"," ","S","30","    0.03"," ","S","30","    0.11"," ","S","30","    0.34"," ","S","30","    1.92"," ","S","29","   40.44"," ","S","29","    14.0"," ","S","30","     5.3"," ","S","30","     3.1"," ","S","30","     2.0"," ","S","30","     1.3"," ","S","30","     0.7"," ","S","30","     0.0"," ","S","30","     0.0"," ","S","30","     0.3"," ","S","30","     0.5"," ","S","30","     1.6"," ","S","30","     3.6"," ","S","28","    19.6"," ","S","28","    25.9"," ","S","30","    20.4"," ","S","30","    15.6"," ","S","30","    10.9"," ","S","30","     8.0"," ","S","30"," -9999.0","Z"," "," 0","     0.0"," ","S","30","     2.0"," ","S","30","     3.0"," ","S","30","     5.0"," ","S","30"
"USC00118740","12-26"," 40.0839"," -88.2403"," 219.8","CHAMPAIGN 3S, IL US","12","26","99","    28.5"," ","S","30","    35.6"," ","S","30","    21.4"," ","S","30","    14.2"," ","S","30","    11.1"," ","S","30","    11.7"," ","S","30","    11.6"," ","S","30","     6.9"," ","S","30","    36.5"," ","S","30","    12.1"," ","S","30","    16.7"," ","S","30","    21.5"," ","S","30","    26.5"," ","S","30","    28.5"," ","S","30","    31.5"," ","S","30","     0.0"," ","S","30","     0.6"," ","S","30","     0.2"," ","S","30","     0.0","X","S","30","     0.0","X","S","30","     0.0"," ","S","30","     0.0"," ","S","30","     0.0"," ","S","30","     0.0"," ","S","30","     0.0"," ","S","30","     0.6"," ","S","30","     0.2"," ","S","30","     0.0","X","S","30","     0.0","X","S","30","     0.0"," ","S","30","     0.0"," ","S","30","     0.0"," ","S","30","     0.0"," ","S","30","     0.4"," ","S","30","     0.3"," ","S","30","    32.3"," ","S","30","    17.1"," ","S","30","     9.9"," ","S","30","     5.7"," ","S","30","     1.5"," ","S","30","     0.2"," ","S","30","     0.0"," ","S","30","     0.0"," ","S","30","    0.03"," ","S","30","    0.11"," ","S","30","    0.34"," ","S","30","    2.00"," ","S","29","   40.52"," ","S","29","    14.1"," ","S","30","     5.4"," ","S","30","     3.1"," ","S","30","     2.1"," ","S","30","     1.3"," ","S","30","     0.7"," ","S","30","     0.0"," ","S","30","     0.0"," ","S","30","     0.3"," ","S","30","     0.5"," ","S","30","     1.6"," ","S","30","     3.8"," ","S","28","    19.8"," ","S","28","    26.7"," ","S","30","    21.2"," ","S","30","    16.1"," ","S","30","    11.3"," ","S","30","     8.3"," ","S","30"," -9999.0","Z"," "," 0","     0.0"," ","S","30","     2.0"," ","S","30","     3.0"," ","S","30","     5.0"," ","S","30"
"USC00118740","12-27"," 40.0839"," -88.2403"," 219.8","CHAMPAIGN 3S, IL US","12","27","99","    28.3"," ","S","30","    35.3"," ","S","30","    21.2"," ","S","30","    14.2"," ","S","30","    11.2"," ","S","30","    11.7"," ","S","30","    11.7"," ","S","30","     6.9"," ","S","30","    36.7"," ","S","30","    12.4"," ","S","30","    16.9"," ","S","30","    21.8"," ","S","30","    26.7"," ","S","30","    28.7"," ","S","30","    31.7"," ","S","30","     0.0"," ","S","30","     0.6"," ","S","30","     0.2"," ","S","30","     0.0","X","S","30","     0.0","X","S","30","     0.0"," ","S","30","     0.0"," ","S","30","     0.0"," ","S","30","     0.0"," ","S","30","     0.0"," ","S","30","     0.6"," ","S","30","     0.2"," ","S","30","     0.0","X","S","30","     0.0","X","S","30","     0.0"," ","S","30","     0.0"," ","S","30","     0.0"," ","S","30","     0.0"," ","S","30","     0.4"," ","S","30","     0.3"," ","S","30","    32.3"," ","S","30","    17.1"," ","S","30","     9.9"," ","S","30","     5.7"," ","S","30","     1.5"," ","S","30","     0.2"," ","S","30","     0.0"," ","S","30","     0.0"," ","S","30","    0.03"," ","S","30","    0.11"," ","S","30","    0.34"," ","S","30","    2.07"," ","S","29","   40.59"," ","S","29","    14.2"," ","S","30","     5.4"," ","S","30","     3.2"," ","S","30","     2.1"," ","S","30","     1.3"," ","S","30","     0.7"," ","S","30","     0.0"," ","S","30","     0.0"," ","S","30","     0.3"," ","S","30","     0.5"," ","S","30","     1.6"," ","S","30","     4.0"," ","S","28","    20.0"," ","S","28","    27.5"," ","S","29","    21.9"," ","S","29","    16.7"," ","S","29","    11.6"," ","S","29","     8.6"," ","S","29"," -9999.0","Z"," "," 0","     0.0"," ","S","29","     2.0"," ","S","29","     3.0"," ","S","29","     6.0"," ","S","29"
"USC00118740","12-28"," 40.0839"," -88.2403"," 219.8","CHAMPAIGN 3S, IL US","12","28","99","    28.0"," ","S","30","    35.1"," ","S","30","    21.0"," ","S","30","    14.2"," ","S","30","    11.2"," ","S","30","    11.8"," ","S","30","    11.8"," ","S","30","     7.0"," ","S","30","    37.0"," ","S","30","    12.6"," ","S","30","    17.2"," ","S","30","    22.0"," ","S","30","    27.0"," ","S","30","    29.0"," ","S","30","    32.0"," ","S","30","     0.0"," ","S","30","     0.7"," ","S","30","     0.2"," ","S","30","     0.0","X","S","30","     0.0","X","S","30","     0.0"," ","S","30","     0.0","X","S","30","     0.0"," ","S","30","     0.0"," ","S","30","     0.0"," ","S","30","     0.7"," ","S","30","     0.2"," ","S","30","     0.0","X","S","30","     0.0","X","S","30","     0.0"," ","S","30","     0.0","X","S","30","     0.0"," ","S","30","     0.0"," ","S","30","     0.4"," ","S","30","     0.3"," ","S","30","    32.3"," ","S","30","    17.1"," ","S","30","     9.8"," ","S","30","     5.7"," ","S","30","     1.6"," ","S","30","     0.2"," ","S","30","     0.0"," ","S","30","     0.0"," ","S","30","    0.03"," ","S","30","    0.11"," ","S","30","    0.34"," ","S","30","    2.15"," ","S","29","   40.67"," ","S","29","    14.3"," ","S","30","     5.5"," ","S","30","     3.2"," ","S","30","     2.1"," ","S","30","     1.3"," ","S","30","     0.7"," ","S","30","     0.0"," ","S","30","     0.0"," ","S","30","     0.2"," ","S","30","     0.5"," ","S","30","     1.6"," ","S","30","     4.2"," ","S","28","    20.2"," ","S","28","    28.2"," ","S","29","    22.6"," ","S","29","    17.2"," ","S","29","    12.0"," ","S","29","     8.8"," ","S","29"," -9999.0","Z"," "," 0","     0.0"," ","S","29","     2.0"," ","S","29","     3.0"," ","S","29","     6.0"," ","S","29"
"USC00118740","12-29"," 40.0839"," -88.2403"," 219.8","CHAMPAIGN 3S, IL US","12","29","99","    27.8"," ","S","30","    34.9"," ","S","30","    20.7"," ","S","30","    14.2"," ","S","30","    11.3"," ","S","30","    11.8"," ","S","30","    11.8"," ","S","30","     7.0"," ","S","30","    37.2"," ","S","30","    12.9"," ","S","30","    17.4"," ","S","30","    22.2"," ","S","30","    27.2"," ","S","30","    29.2"," ","S","30","    32.2"," ","S","30","     0.0"," ","S","30","     0.7"," ","S","30","     0.3"," ","S","30","     0.1"," ","S","30","     0.0","X","S","30","     0.0","X","S","30","     0.0","X","S","30","     0.0"," ","S","30","     0.0"," ","S","30","     0.0"," ","S","30","     0.7"," ","S","30","     0.3"," ","S","30","     0.1"," ","S","30","     0.0","X","S","30","     0.0","X","S","30","     0.0","X","S","30","     0.0"," ","S","30","     0.0"," ","S","30","     0.4"," ","S","30","     0.3"," ","S","30","    32.3"," ","S","30","    17.2"," ","S","30","     9.8"," ","S","30","     5.7"," ","S","30","     1.6"," ","S","30","     0.2"," ","S","30","     0.0"," ","S","30","     0.0"," ","S","30","    0.03"," ","S","30","    0.11"," ","S","30","    0.34"," ","S","30","    2.23"," ","S","29","   40.75"," ","S","29","    14.5"," ","S","30","     5.5"," ","S","30","     3.3"," ","S","30","     2.2"," ","S","30","     1.3"," ","S","30","     0.7"," ","S","30","     0.0"," ","S","30","     0.0"," ","S","30","     0.2"," ","S","30","     0.5"," ","S","30","     1.6"," ","S","30","     4.4"," ","S","28","    20.4"," ","S","28","    28.9"," ","S","29","    23.2"," ","S","29","    17.6"," ","S","29","    12.3"," ","S","29","     9.1"," ","S","29"," -9999.0","Z"," "," 0","     0.0"," ","S","29","     2.0"," ","S","29","     3.0"," ","S","29","     6.0"," ","S","29"
"USC00118740","12-30"," 40.0839"," -88.2403"," 219.8","CHAMPAIGN 3S, IL US","12","30","99","    27.6"," ","S","30","    34.7"," ","S","30","    20.5"," ","S","30","    14.2"," ","S","30","    11.4"," ","S","30","    11.9"," ","S","30","    11.9"," ","S","30","     7.0"," ","S","30","    37.4"," ","S","30","    13.1"," ","S","30","    17.7"," ","S","30","    22.4"," ","S","30","    27.4"," ","S","30","    29.4"," ","S","30","    32.4"," ","S","30","     0.0"," ","S","30","     0.7"," ","S","30","     0.3"," ","S","30","     0.1"," ","S","30","     0.0","X","S","30","     0.0","X","S","30","     0.0","X","S","30","     0.0"," ","S","30","     0.0"," ","S","30","     0.0"," ","S","30","     0.7"," ","S","30","     0.3"," ","S","30","     0.1"," ","S","30","     0.0","X","S","30","     0.0","X","S","30","     0.0","X","S","30","     0.0"," ","S","30","     0.0"," ","S","30","     0.5"," ","S","30","     0.3"," ","S","30","    32.3"," ","S","30","    17.2"," ","S","30","     9.8"," ","S","30","     5.6"," ","S","30","     1.6"," ","S","30","     0.2"," ","S","30","     0.0"," ","S","30","     0.0"," ","S","30","    0.03"," ","S","30","    0.11"," ","S","30","    0.33"," ","S","30","    2.32"," ","S","29","   40.84"," ","S","29","    14.6"," ","S","30","     5.6"," ","S","30","     3.3"," ","S","30","     2.2"," ","S","30","     1.4"," ","S","30","     0.7"," ","S","30","     0.0"," ","S","30","     0.0"," ","S","30","     0.2"," ","S","30","     0.5"," ","S","30","     1.7"," ","S","30","     4.6"," ","S","28","    20.6"," ","S","28","    29.6"," ","S","29","    23.9"," ","S","29","    18.1"," ","S","29","    12.7"," ","S","29","     9.3"," ","S","29"," -9999.0","Z"," "," 0","     0.0"," ","S","29","     2.0"," ","S","29","     3.0"," ","S","29","     6.0"," ","S","29"
"USC00118740","12-31"," 40.0839"," -88.2403"," 219.8","CHAMPAIGN 3S, IL US","12","31","99","    27.4"," ","S","30","    34.6"," ","S","30","    20.3"," ","S","30","    14.3"," ","S","30","    11.4"," ","S","30","    11.9"," ","S","30","    12.0"," ","S","30","     7.0"," ","S","30","    37.6"," ","S","30","    13.3"," ","S","30","    17.9"," ","S","30","    22.7"," ","S","30","    27.6"," ","S","30","    29.6"," ","S","30","    32.6"," ","S","30","     0.0"," ","S","30","     0.8"," ","S","30","     0.3"," ","S","30","     0.1"," ","S","30","     0.0","X","S","30","     0.0","X","S","30","     0.0","X","S","30","     0.0"," ","S","30","     0.0"," ","S","30","     0.0"," ","S","30","     0.8"," ","S","30","     0.3"," ","S","30","     0.1"," ","S","30","     0.0","X","S","30","     0.0","X","S","30","     0.0","X","S","30","     0.0"," ","S","30","     0.0"," ","S","30","     0.5"," ","S","30","     0.3"," ","S","30","    32.4"," ","S","30","    17.2"," ","S","30","     9.8"," ","S","30","     5.6"," ","S","30","     1.6"," ","S","30","     0.2"," ","S","30","     0.0"," ","S","30","     0.0"," ","S","30","    0.03"," ","S","30","    0.11"," ","S","30","    0.33"," ","S","30","    2.40"," ","S","29","   40.92"," ","S","29","    14.8"," ","S","30","     5.6"," ","S","30","     3.4"," ","S","30","     2.3"," ","S","30","     1.4"," ","S","30","     0.8"," ","S","30","     0.0"," ","S","30","     0.0"," ","S","30","     0.2"," ","S","30","     0.5"," ","S","30","     1.7"," ","S","30","     4.8"," ","S","28","    20.8"," ","S","28","    30.3"," ","S","29","    24.5"," ","S","29","    18.5"," ","S","29","    13.0"," ","S","29","     9.6"," ","S","29"," -9999.0","Z"," "," 0","     0.0"," ","S","29","     2.0"," ","S","29","     3.0"," ","S","29","     6.0"," ","S","29"
